arm,run,file,category,credit_id,credit_name,max_points,applicability,estimated_level,estimated_points,justification,questions_summary,level_guide_reference,concept_phase_actions,documentation_needed,input_tokens,output_tokens,elapsed_seconds,valid_json,truncated,success
rag,1,00_sample_project,Climate And Resilience,CR2.1,Avoid Unsuitable Development,14,Applicable,No Level,0,,QA:Insufficient Data(No information on site selection process) | QB:Insufficient Data(No environmental impact assessment available),A + B required for Improved,Conduct site selection process with environmental considerations; Perform environmental impact assessment,Site selection report; Environmental impact assessment,17617,1298,268.83,True,False,True
rag,1,00_sample_project,Climate And Resilience,CR2.2,Assess Climate Change Vulnerability,20,Applicable,No Level,0,,QA:Insufficient Data(No climate change vulnerability assessment available) | QB:Insufficient Data(No information on project vulnerabilities to climate change),A + B required for Improved,Conduct climate change vulnerability assessment; Identify project vulnerabilities to climate change,Climate change vulnerability assessment report; Project vulnerability analysis,17617,1298,268.83,True,False,True
rag,1,00_sample_project,Climate And Resilience,CR2.3,Evaluate Risk and Resilience,26,Applicable,No Level,0,,QA:Insufficient Data(No risk assessment available) | QB:Insufficient Data(No information on critical functions and dependencies of infrastructure asset),A + B + C + D + E required for Conserving,Conduct risk assessment; Identify critical functions and dependencies of infrastructure asset,Risk assessment report; Critical functions and dependencies analysis,17617,1298,268.83,True,False,True
rag,1,00_sample_project,Climate And Resilience,CR2.4,Establish Resilience Goals and Strategies,20,Applicable,No Level,0,,QA:Insufficient Data(No information on project performance goals and risk appetite) | QB:Insufficient Data(No risk management strategies available),A + B required for Enhanced,Establish project performance goals and risk appetite; Develop risk management strategies,Project performance goals and risk appetite statement; Risk management strategies report,17617,1298,268.83,True,False,True
rag,1,00_sample_project,Climate And Resilience,CR2.5,Maximize Resilience,26,Applicable,No Level,0,,QA:Insufficient Data(No information on resilience goals and strategies) | QB:Insufficient Data(No implementation of resilience strategies available),A + B + C + D + E required for Conserving,Develop resilience goals and strategies; Implement resilience strategies,Resilience goals and strategies report; Implementation of resilience strategies report,17617,1298,268.83,True,False,True
rag,1,00_sample_project,Climate And Resilience,CR2.6,Improve Infrastructure Integration,18,Applicable,No Level,0,,QA:Insufficient Data(No information on infrastructure integration) | QB:Insufficient Data(No analysis of benefits and challenges available),A + B required for Improved,Analyze infrastructure integration; Conduct benefits and challenges analysis,Infrastructure integration analysis report; Benefits and challenges analysis report,17617,1298,268.83,True,False,True
rag,1,00_sample_project,Leadership,LD1.1,Provide Effective Leadership and Commitment,10,Applicable,Improved,2,,"QA:Likely Yes(Project team includes multiple disciplines (architectural, structural, MEP, civi) | QB:Insufficient Data(No information on sustainability goals or targets)",A + B required for Enhanced,Develop sustainability goals and targets,Sustainability management plan; Project charter or mission statement,17191,1910,375.03,True,False,True
rag,1,00_sample_project,Leadership,LD1.2,Foster Collaboration and Teamwork,8,Applicable,Improved,2,,"QA:Likely Yes(Multiple consultants listed (Cartesian Inverse, Etienne Oiseau, Safe Harbor Engi) | QB:Insufficient Data(No information on collaboration tools or processes)",A + B required for Enhanced,Establish collaboration tools and processes,Collaboration plan; Communication protocol,17191,1910,375.03,True,False,True
rag,1,00_sample_project,Leadership,LD1.3,Encourage Public Outreach and Participation,6,Applicable,No Level,0,,QA:Insufficient Data(No information on public outreach or participation) | QB:Insufficient Data(No information on community engagement),A + B required for Improved,Develop public outreach and participation plan,Public outreach plan; Community engagement records,17191,1910,375.03,True,False,True
rag,1,00_sample_project,Leadership,LD1.4,Pursue Byproduct Synergies,8,Applicable,No Level,0,,QA:Insufficient Data(No information on byproduct synergies) | QB:Insufficient Data(No information on waste reduction strategies),A + B required for Improved,Investigate byproduct synergies and waste reduction strategies,Byproduct synergy plan; Waste reduction strategy,17191,1910,375.03,True,False,True
rag,1,00_sample_project,Leadership,LD2.1,Establish a Sustainability Management Plan,12,Applicable,No Level,0,,QA:Insufficient Data(No information on sustainability management plan) | QB:Insufficient Data(No information on monitoring and reporting),A + B required for Improved,Develop sustainability management plan,Sustainability management plan; Monitoring and reporting protocol,17191,1910,375.03,True,False,True
rag,1,00_sample_project,Leadership,LD2.2,Plan for Sustainable Communities,10,Applicable,No Level,0,,QA:Insufficient Data(No information on community planning) | QB:Insufficient Data(No information on social and economic benefits),A + B required for Improved,Develop community planning strategy,Community plan; Social and economic benefit analysis,17191,1910,375.03,True,False,True
rag,1,00_sample_project,Leadership,LD2.3,Conduct a Life-Cycle Economic Evaluation,8,Applicable,No Level,0,,QA:Insufficient Data(No information on life-cycle economic evaluation) | QB:Insufficient Data(No information on cost-benefit analysis),A + B required for Improved,Conduct life-cycle economic evaluation,Life-cycle economic evaluation report; Cost-benefit analysis,17191,1910,375.03,True,False,True
rag,1,00_sample_project,Leadership,LD3.1,Develop a Construction Management Plan,8,Applicable,No Level,0,,QA:Insufficient Data(No information on construction management plan) | QB:Insufficient Data(No information on waste reduction and recycling),A + B required for Improved,Develop construction management plan,Construction management plan; Waste reduction and recycling strategy,17191,1910,375.03,True,False,True
rag,1,00_sample_project,Leadership,LD3.2,Implement a Quality Control Program,6,Applicable,No Level,0,,QA:Insufficient Data(No information on quality control program) | QB:Insufficient Data(No information on testing and inspection),A + B required for Improved,Develop quality control program,Quality control plan; Testing and inspection protocol,17191,1910,375.03,True,False,True
rag,1,00_sample_project,Leadership,LD3.3,Conduct a Life-Cycle Assessment,10,Applicable,No Level,0,,QA:Insufficient Data(No information on life-cycle assessment) | QB:Insufficient Data(No information on environmental impacts),A + B required for Improved,Conduct life-cycle assessment,Life-cycle assessment report; Environmental impact analysis,17191,1910,375.03,True,False,True
rag,1,00_sample_project,Natural World,NW1.1,Conserve Natural Areas,14,APPLICABLE,No Level,0,"The project is located in a specific area (Brownsville, PA) and has a defined site boundary, indicating potential natural areas to conserve.",QA:Insufficient Data(No information on natural areas within the project site) | QB:Insufficient Data(No data on habitat restoration or enhancement),A + B required for Improved,Conduct site assessment to identify natural areas; Research local conservation goals and regulations,Site assessment report; Conservation plan,17916,1438,295.61,True,False,True
rag,1,00_sample_project,Natural World,NW1.2,Provide Wetland and Surface Water Buffers,10,APPLICABLE,No Level,0,The project's location near a waterbody (implied by the presence of a stormwater management plan) suggests potential wetlands or surface waters that may require buffers.,QA:Insufficient Data(No information on wetland or surface water presence) | QB:Insufficient Data(No data on buffer zones or mitigation measures),A + B required for Improved,Conduct wetland delineation and surface water assessment; Research local buffer zone requirements,Wetland delineation report; Surface water assessment report; Buffer zone plan,17916,1438,295.61,True,False,True
rag,1,00_sample_project,Natural World,NW2.2,Manage Stormwater,24,APPLICABLE,Improved,2,"The project's stormwater management plan implies an impact on stormwater runoff, making this credit applicable.",QA:Likely Yes(Stormwater management plan mentioned in the PDF metadata) | QB:Insufficient Data(No data on stormwater treatment or infiltration measures),A + B required for Enhanced,Develop a comprehensive stormwater management plan; Research local stormwater regulations,Stormwater management plan; Treatment or infiltration measure designs,17916,1438,295.61,True,False,True
rag,1,00_sample_project,Natural World,NW2.4,Protect Surface and Groundwater Quality,14,APPLICABLE,No Level,0,"The project's potential impact on surface and groundwater quality, as implied by the stormwater management plan, makes this credit applicable.",QA:Insufficient Data(No information on surface or groundwater quality protection measures) | QB:Insufficient Data(No data on pollution prevention or mitigation strategies),A + B required for Improved,Conduct surface and groundwater quality assessment; Research local water quality regulations,Surface and groundwater quality assessment report; Pollution prevention or mitigation plan,17916,1438,295.61,True,False,True
rag,1,00_sample_project,Natural World,NW3.3,Maintain Floodplain Functions,14,APPLICABLE,No Level,0,The project's location in a flood-prone area (implied by the presence of a floodplain map) suggests potential impacts on floodplain functions.,QA:Insufficient Data(No information on floodplain mapping or assessment) | QB:Insufficient Data(No data on floodplain preservation or restoration measures),A + B required for Improved,Conduct floodplain mapping and assessment; Research local floodplain regulations,Floodplain map; Floodplain preservation or restoration plan,17916,1438,295.61,True,False,True
rag,1,00_sample_project,Natural World,NW3.5,Protect Soil Health,10,APPLICABLE,No Level,0,"The project's potential impact on soil health, as implied by the presence of a site plan, makes this credit applicable.",QA:Insufficient Data(No information on soil health protection measures) | QB:Insufficient Data(No data on erosion control or sedimentation prevention strategies),A + B required for Improved,Conduct soil health assessment; Research local soil conservation regulations,Soil health assessment report; Erosion control or sedimentation prevention plan,17916,1438,295.61,True,False,True
rag,1,00_sample_project,Quality Of Life,QL1.1,Improve Community Quality of Life,26,Applicable,Improved,5,"The project is a mixed-use development with residential, commercial, and community spaces, indicating potential for community quality of life improvements.",QA:Likely Yes(Project includes live/work units and community spaces.) | QB:Insufficient Data(Lack of information on community engagement and feedback mechanisms.) | QC:Likely Yes(Project incorporates green spaces and outdoor areas.) | QD:Insufficient Data(Lack of information on accessibility features and universal design principles.),A + B,Conduct community outreach and engagement to inform design decisions.; Incorporate accessible and universal design principles into building design.,Community engagement records; Accessibility features and universal design principles documentation,17220,2715,533.67,True,False,True
rag,1,00_sample_project,Quality Of Life,QL1.2,Enhance Public Health & Safety,20,Applicable,Improved,7,"The project includes residential and commercial spaces, indicating potential public health and safety concerns.",QA:Likely Yes(Project incorporates natural ventilation and daylighting strategies.) | QB:Insufficient Data(Lack of information on indoor air quality monitoring and maintenance protocols.) | QC:Likely Yes(Project includes emergency response plan and fire suppression systems.),A + B,Develop indoor air quality monitoring and maintenance protocols.; Incorporate public health and safety considerations into design decisions.,Indoor air quality monitoring and maintenance protocols; Public health and safety consideration documentation,17220,2715,533.67,True,False,True
rag,1,00_sample_project,Quality Of Life,QL1.3,Improve Construction Safety,14,Applicable,Improved,5,"The project involves construction activities, indicating potential construction safety concerns.",QA:Likely Yes(Project includes construction safety plan and training programs.) | QB:Insufficient Data(Lack of information on site-specific hazard assessments and mitigation strategie),A + B,Conduct site-specific hazard assessments and develop mitigation strategies.; Incorporate construction safety considerations into design decisions.,Construction safety plan and training programs; Site-specific hazard assessments and mitigation strategies,17220,2715,533.67,True,False,True
rag,1,00_sample_project,Quality Of Life,QL1.4,Minimize Noise & Vibration,12,Applicable,Improved,3,"The project includes residential and commercial spaces, indicating potential noise and vibration concerns.",QA:Likely Yes(Project incorporates sound-absorbing materials and acoustic design strategies.) | QB:Insufficient Data(Lack of information on vibration mitigation measures.),A + B,Develop vibration mitigation measures.; Incorporate noise and vibration considerations into design decisions.,Sound-absorbing materials and acoustic design strategies; Vibration mitigation measures,17220,2715,533.67,True,False,True
rag,1,00_sample_project,Quality Of Life,QL1.5,Minimize Light Pollution,12,Applicable,Improved,3,"The project includes exterior lighting, indicating potential light pollution concerns.",QA:Likely Yes(Project incorporates energy-efficient lighting and shielding strategies.) | QB:Insufficient Data(Lack of information on light pollution mitigation measures.),A + B,Develop light pollution mitigation measures.; Incorporate light pollution considerations into design decisions.,Energy-efficient lighting and shielding strategies; Light pollution mitigation measures,17220,2715,533.67,True,False,True
rag,1,00_sample_project,Quality Of Life,QL1.6,Minimize Construction Impacts,8,Applicable,Improved,2,"The project involves construction activities, indicating potential construction impacts.",QA:Likely Yes(Project includes construction waste management plan.) | QB:Insufficient Data(Lack of information on construction impact mitigation measures.),A + B,Develop construction impact mitigation measures.; Incorporate construction impact considerations into design decisions.,Construction waste management plan; Construction impact mitigation measures,17220,2715,533.67,True,False,True
rag,1,00_sample_project,Quality Of Life,QL2.1,Improve Community Mobility,14,Applicable,Improved,7,"The project includes residential and commercial spaces, indicating potential community mobility concerns.",QA:Likely Yes(Project incorporates pedestrian-friendly design strategies.) | QB:Insufficient Data(Lack of information on public transportation access and bikeability features.),A + B,Develop public transportation access and bikeability features.; Incorporate community mobility considerations into design decisions.,Pedestrian-friendly design strategies; Public transportation access and bikeability features,17220,2715,533.67,True,False,True
rag,1,00_sample_project,Quality Of Life,QL2.2,Encourage Sustainable Transportation,16,Applicable,Improved,5,"The project includes parking and transportation infrastructure, indicating potential sustainable transportation concerns.",QA:Likely Yes(Project incorporates electric vehicle charging stations.) | QB:Insufficient Data(Lack of information on alternative transportation modes and incentives.),A + B,Develop alternative transportation modes and incentives.; Incorporate sustainable transportation considerations into design decisions.,Electric vehicle charging stations; Alternative transportation modes and incentives,17220,2715,533.67,True,False,True
rag,1,00_sample_project,Quality Of Life,QL2.3,Improve Access & Wayfinding,14,Applicable,Improved,9,"The project includes public spaces and navigation, indicating potential access and wayfinding concerns.",QA:Likely Yes(Project incorporates clear signage and wayfinding strategies.) | QB:Insufficient Data(Lack of information on accessibility features and universal design principles.),A + B,Develop accessibility features and universal design principles.; Incorporate access and wayfinding considerations into design decisions.,Clear signage and wayfinding strategies; Accessibility features and universal design principles,17220,2715,533.67,True,False,True
rag,1,00_sample_project,Quality Of Life,QL3.1,Advance Equity & Social Justice,18,Applicable,Improved,6,"The project includes community spaces and social services, indicating potential equity and social justice concerns.",QA:Likely Yes(Project incorporates community engagement and participation strategies.) | QB:Insufficient Data(Lack of information on social justice and equity considerations.),A + B,Develop social justice and equity considerations.; Incorporate equity and social justice considerations into design decisions.,Community engagement and participation strategies; Social justice and equity considerations,17220,2715,533.67,True,False,True
rag,1,00_sample_project,Quality Of Life,QL3.2,Preserve Historic & Cultural Resources,18,Not Applicable,,0,The project does not involve historic or cultural resources.,,,,,17220,2715,533.67,True,False,True
rag,1,00_sample_project,Quality Of Life,QL3.3,Enhance Views & Local Character,14,Applicable,Improved,3,"The project includes public spaces and views, indicating potential view and local character concerns.",QA:Likely Yes(Project incorporates view preservation strategies.) | QB:Insufficient Data(Lack of information on local character and context considerations.),A + B,Develop local character and context considerations.; Incorporate view and local character considerations into design decisions.,View preservation strategies; Local character and context considerations,17220,2715,533.67,True,False,True
rag,1,00_sample_project,Resource Allocation,RA1.1,Reduce Embodied Carbon in Materials,20,Applicable,No Level,0,,QA:Insufficient Data(No material takeoff or embodied carbon data available) | QB:Insufficient Data(No information on recycled content or sustainable materials),A + B required for Improved,Develop a material takeoff and calculate embodied carbon; Research sustainable materials and recycled content options,Material takeoff spreadsheet; Sustainable materials research report,17210,2580,502.67,True,False,True
rag,1,00_sample_project,Resource Allocation,RA1.2,Use Recycled Materials,12,Applicable,No Level,0,,QA:Insufficient Data(No information on recycled materials used) | QB:Insufficient Data(No data on recycled content percentage),A + B required for Improved,Research recycled material options; Develop a plan to incorporate recycled materials,Recycled materials research report; Material specification sheets,17210,2580,502.67,True,False,True
rag,1,00_sample_project,Resource Allocation,RA1.3,Reduce Operational Waste,10,Applicable,No Level,0,,QA:Insufficient Data(No information on operational waste reduction strategies) | QB:Insufficient Data(No data on waste reduction targets),A + B required for Improved,Develop an operational waste reduction plan; Research waste reduction strategies,Operational waste reduction plan; Waste reduction strategy research report,17210,2580,502.67,True,False,True
rag,1,00_sample_project,Resource Allocation,RA1.4,Reduce Construction Waste,8,Applicable,No Level,0,,QA:Insufficient Data(No information on construction waste reduction strategies) | QB:Insufficient Data(No data on waste reduction targets),A + B required for Improved,Develop a construction waste reduction plan; Research waste reduction strategies,Construction waste reduction plan; Waste reduction strategy research report,17210,2580,502.67,True,False,True
rag,1,00_sample_project,Resource Allocation,RA1.5,Balance Earthwork On Site,6,Applicable,No Level,0,,QA:Insufficient Data(No information on earthwork balancing strategies) | QB:Insufficient Data(No data on earthwork volumes),A + B required for Improved,Develop an earthwork balancing plan; Research earthwork balancing strategies,Earthwork balancing plan; Earthwork volume calculations,17210,2580,502.67,True,False,True
rag,1,00_sample_project,Resource Allocation,RA2.1,Reduce Operational Energy Consumption,20,Applicable,No Level,0,,QA:Insufficient Data(No information on operational energy consumption reduction strategies) | QB:Insufficient Data(No data on energy consumption targets),A + B required for Improved,Develop an operational energy reduction plan; Research energy-efficient systems and strategies,Operational energy reduction plan; Energy-efficient system research report,17210,2580,502.67,True,False,True
rag,1,00_sample_project,Resource Allocation,RA2.2,Reduce Construction Energy Consumption,12,Applicable,No Level,0,,QA:Insufficient Data(No information on construction energy consumption reduction strategies) | QB:Insufficient Data(No data on energy consumption targets),A + B required for Improved,Develop a construction energy reduction plan; Research energy-efficient construction strategies,Construction energy reduction plan; Energy-efficient construction strategy research report,17210,2580,502.67,True,False,True
rag,1,00_sample_project,Resource Allocation,RA2.3,Use Renewable Energy,10,Applicable,No Level,0,,QA:Insufficient Data(No information on renewable energy systems) | QB:Insufficient Data(No data on renewable energy targets),A + B required for Improved,Research renewable energy systems; Develop a plan to incorporate renewable energy,Renewable energy system research report; Renewable energy plan,17210,2580,502.67,True,False,True
rag,1,00_sample_project,Resource Allocation,RA2.4,Commission and Monitor Energy Systems,8,Applicable,No Level,0,,QA:Insufficient Data(No information on energy system commissioning and monitoring) | QB:Insufficient Data(No data on energy system performance targets),A + B required for Improved,Develop an energy system commissioning and monitoring plan; Research energy system performance metrics,Energy system commissioning and monitoring plan; Energy system performance metric research report,17210,2580,502.67,True,False,True
rag,1,00_sample_project,Resource Allocation,RA3.1,Preserve Water Resources,14,Applicable,No Level,0,,QA:Insufficient Data(No information on water conservation strategies) | QB:Insufficient Data(No data on water consumption targets),A + B required for Improved,Develop a water conservation plan; Research water-efficient systems and strategies,Water conservation plan; Water-efficient system research report,17210,2580,502.67,True,False,True
rag,1,00_sample_project,Resource Allocation,RA3.2,Reduce Operational Water Consumption,12,Applicable,No Level,0,,QA:Insufficient Data(No information on operational water consumption reduction strategies) | QB:Insufficient Data(No data on water consumption targets),A + B required for Improved,Develop an operational water reduction plan; Research water-efficient systems and strategies,Operational water reduction plan; Water-efficient system research report,17210,2580,502.67,True,False,True
rag,1,00_sample_project,Resource Allocation,RA3.3,Reduce Construction Water Consumption,10,Applicable,No Level,0,,QA:Insufficient Data(No information on construction water consumption reduction strategies) | QB:Insufficient Data(No data on water consumption targets),A + B required for Improved,Develop a construction water reduction plan; Research water-efficient construction strategies,Construction water reduction plan; Water-efficient construction strategy research report,17210,2580,502.67,True,False,True
rag,1,00_sample_project,Resource Allocation,RA3.4,Monitor Water Systems,8,Applicable,No Level,0,,QA:Insufficient Data(No information on water system monitoring) | QB:Insufficient Data(No data on water system performance targets),A + B required for Improved,Develop a water system monitoring plan; Research water system performance metrics,Water system monitoring plan; Water system performance metric research report,17210,2580,502.67,True,False,True
rag,2,00_sample_project,Climate And Resilience,CR2.1,Avoid Unsuitable Development,18,Applicable,No Level,0,,QA:Insufficient Data(No information on site selection process) | QB:Insufficient Data(No environmental impact assessment available),A + B required for Improved,Conduct site selection process with environmental considerations; Perform environmental impact assessment,Site selection report; Environmental impact assessment,17617,1175,245.3,True,False,True
rag,2,00_sample_project,Climate And Resilience,CR2.2,Assess Climate Change Vulnerability,20,Applicable,Improved,8,,"QA:Likely Yes(Project location in Brownsville, PA, suggests potential climate change impacts) | QB:Insufficient Data(No climate change vulnerability assessment available)",A + B required for Improved,Conduct climate change vulnerability assessment,Climate change vulnerability assessment report,17617,1175,245.3,True,False,True
rag,2,00_sample_project,Climate And Resilience,CR2.3,Evaluate Risk and Resilience,26,Applicable,No Level,0,,QA:Insufficient Data(No risk assessment available) | QB:Insufficient Data(No identification of critical functions and dependencies),A + B + C + D + E required for Conserving,Conduct risk assessment; Identify critical functions and dependencies,Risk assessment report; Critical functions and dependencies identification document,17617,1175,245.3,True,False,True
rag,2,00_sample_project,Climate And Resilience,CR2.4,Establish Resilience Goals and Strategies,20,Applicable,No Level,0,,QA:Insufficient Data(No project performance goals available) | QB:Insufficient Data(No risk management strategies developed),A + B required for Enhanced,Develop project performance goals; Establish risk management strategies,Project performance goals document; Risk management strategies report,17617,1175,245.3,True,False,True
rag,2,00_sample_project,Climate And Resilience,CR2.5,Maximize Resilience,26,Applicable,No Level,0,,QA:Insufficient Data(No resilience goals and strategies developed) | QB:Insufficient Data(No implementation of resilience strategies),A + B + C + D + E required for Conserving,Develop resilience goals and strategies; Implement resilience strategies,Resilience goals and strategies document; Resilience strategies implementation report,17617,1175,245.3,True,False,True
rag,2,00_sample_project,Climate And Resilience,CR2.6,Improve Infrastructure Integration,18,Applicable,No Level,0,,QA:Insufficient Data(No consideration of infrastructure integration) | QB:Insufficient Data(No evaluation of systems performance),A + B required for Improved,Consider infrastructure integration; Evaluate systems performance,Infrastructure integration report; Systems performance evaluation document,17617,1175,245.3,True,False,True
rag,2,00_sample_project,Leadership,LD1.1,Provide Effective Leadership and Commitment,10,Applicable,Improved,2,,"QA:Likely Yes(Project team includes multiple stakeholders (Cartesian Inverse, PA; Etienne Oise) | QB:Insufficient Data(No information on sustainability goals or targets)",A + B required for Enhanced,Develop sustainability goals and targets,Sustainability management plan; Stakeholder engagement records,17191,1945,382.1,True,False,True
rag,2,00_sample_project,Leadership,LD1.2,Foster Collaboration and Teamwork,8,Applicable,Improved,2,,"QA:Likely Yes(Multiple stakeholders involved in project team (Cartesian Inverse, PA; Etienne O) | QB:Insufficient Data(No information on collaboration tools or processes)",A + B required for Enhanced,Establish collaboration tools and processes,Collaboration plan; Meeting minutes,17191,1945,382.1,True,False,True
rag,2,00_sample_project,Leadership,LD1.3,Encourage Public Engagement and Participation,8,Applicable,No Level,0,,QA:Insufficient Data(No information on public engagement or participation) | QB:Insufficient Data(No information on community outreach or education),A + B required for Improved,Develop public engagement and participation plan,Public engagement plan; Community outreach records,17191,1945,382.1,True,False,True
rag,2,00_sample_project,Leadership,LD1.4,Pursue Byproduct Synergies,10,Applicable,No Level,0,,QA:Insufficient Data(No information on byproduct synergies) | QB:Insufficient Data(No information on waste reduction or material reuse),A + B required for Improved,Investigate byproduct synergies and waste reduction opportunities,Byproduct synergy plan; Waste reduction strategy,17191,1945,382.1,True,False,True
rag,2,00_sample_project,Leadership,LD2.1,Establish a Sustainability Management Plan,12,Applicable,No Level,0,,QA:Insufficient Data(No information on sustainability management plan) | QB:Insufficient Data(No information on monitoring and reporting processes),A + B required for Improved,Develop sustainability management plan,Sustainability management plan; Monitoring and reporting records,17191,1945,382.1,True,False,True
rag,2,00_sample_project,Leadership,LD2.2,Plan for Sustainable Communities,10,Applicable,No Level,0,,QA:Insufficient Data(No information on community planning or engagement) | QB:Insufficient Data(No information on social and economic benefits),A + B required for Improved,Develop community planning and engagement strategy,Community plan; Social and economic benefit analysis,17191,1945,382.1,True,False,True
rag,2,00_sample_project,Leadership,LD2.3,Conduct a Life-Cycle Economic Evaluation,12,Applicable,No Level,0,,QA:Insufficient Data(No information on life-cycle economic evaluation) | QB:Insufficient Data(No information on cost-benefit analysis or return on investment),A + B required for Improved,Conduct life-cycle economic evaluation,Life-cycle economic evaluation report; Cost-benefit analysis,17191,1945,382.1,True,False,True
rag,2,00_sample_project,Leadership,LD3.1,Develop a Construction Management Plan,10,Applicable,No Level,0,,QA:Insufficient Data(No information on construction management plan) | QB:Insufficient Data(No information on waste reduction or material reuse during construction),A + B required for Improved,Develop construction management plan,Construction management plan; Waste reduction strategy,17191,1945,382.1,True,False,True
rag,2,00_sample_project,Leadership,LD3.2,Implement a Quality Control Process,8,Applicable,No Level,0,,QA:Insufficient Data(No information on quality control process) | QB:Insufficient Data(No information on testing or inspection procedures),A + B required for Improved,Develop quality control process,Quality control plan; Testing and inspection records,17191,1945,382.1,True,False,True
rag,2,00_sample_project,Leadership,LD3.3,Conduct a Life-Cycle Assessment,12,Applicable,No Level,0,,QA:Insufficient Data(No information on life-cycle assessment) | QB:Insufficient Data(No information on environmental impacts or benefits),A + B required for Improved,Conduct life-cycle assessment,Life-cycle assessment report; Environmental impact analysis,17191,1945,382.1,True,False,True
rag,2,00_sample_project,Natural World,NW1.1,Conserve Natural Areas,14,APPLICABLE,No Level,0,"The project is located in Brownsville, PA, and has a site plan, indicating potential natural areas to conserve.",QA:Insufficient Data(No information on natural area conservation) | QB:Insufficient Data(No information on habitat preservation),A + B required for Improved,Conduct site analysis to identify natural areas; Develop conservation plan,Site analysis report; Conservation plan,17916,1403,291.12,True,False,True
rag,2,00_sample_project,Natural World,NW1.2,Provide Wetland and Surface Water Buffers,10,APPLICABLE,No Level,0,"The project has a site plan, indicating potential wetlands or surface water to buffer.",QA:Insufficient Data(No information on wetland or surface water buffers) | QB:Insufficient Data(No information on buffer zone size),A + B required for Improved,Conduct site analysis to identify wetlands or surface water; Develop buffer zone plan,Site analysis report; Buffer zone plan,17916,1403,291.12,True,False,True
rag,2,00_sample_project,Natural World,NW2.2,Manage Stormwater,24,APPLICABLE,No Level,0,"The project has a site plan, indicating potential stormwater management needs.",QA:Insufficient Data(No information on stormwater management) | QB:Insufficient Data(No information on rate or quantity of runoff),A + B required for Improved,Conduct stormwater analysis; Develop stormwater management plan,Stormwater analysis report; Stormwater management plan,17916,1403,291.12,True,False,True
rag,2,00_sample_project,Natural World,NW2.4,Protect Surface and Groundwater Quality,14,APPLICABLE,No Level,0,"The project has a site plan, indicating potential surface or groundwater quality concerns.",QA:Insufficient Data(No information on surface or groundwater quality protection) | QB:Insufficient Data(No information on pollution prevention measures),A + B required for Improved,Conduct water quality analysis; Develop pollution prevention plan,Water quality analysis report; Pollution prevention plan,17916,1403,291.12,True,False,True
rag,2,00_sample_project,Natural World,NW3.3,Maintain Floodplain Functions,14,APPLICABLE,No Level,0,"The project is located in Brownsville, PA, and has a site plan, indicating potential floodplain functions to maintain.",QA:Insufficient Data(No information on floodplain functions) | QB:Insufficient Data(No information on vegetated zones preservation),A + B required for Improved,Conduct floodplain analysis; Develop floodplain management plan,Floodplain analysis report; Floodplain management plan,17916,1403,291.12,True,False,True
rag,2,00_sample_project,Natural World,NW3.5,Protect Soil Health,10,APPLICABLE,No Level,0,"The project has a site plan, indicating potential soil health concerns.",QA:Insufficient Data(No information on soil health protection) | QB:Insufficient Data(No information on erosion control measures),A + B required for Improved,Conduct soil analysis; Develop erosion control plan,Soil analysis report; Erosion control plan,17916,1403,291.12,True,False,True
rag,2,00_sample_project,Quality Of Life,QL1.1,Improve Community Quality of Life,26,Applicable,Improved,5,"The project involves a mixed-use development with residential, commercial, and community spaces, indicating potential for community quality of life improvements.",QA:Likely Yes(Project includes live/work units and community spaces.) | QB:Insufficient Data(Lack of information on community engagement and feedback mechanisms.) | QC:Likely Yes(Project incorporates green spaces and outdoor areas.) | QD:Insufficient Data(Unclear if the project addresses local community needs and priorities.),A + B,Engage with local community to understand needs and priorities.; Develop a plan for incorporating community feedback into the design.,Community engagement records; Feedback mechanisms and response plans,17220,2734,536.91,True,False,True
rag,2,00_sample_project,Quality Of Life,QL1.2,Enhance Public Health & Safety,20,Applicable,Improved,7,"The project includes residential and commercial spaces, which require consideration of public health and safety.",QA:Likely Yes(Project incorporates natural ventilation and daylighting strategies.) | QB:Insufficient Data(Lack of information on indoor air quality management and monitoring.) | QC:Likely Yes(Project includes accessible and safe pedestrian paths.),A + B,Develop a plan for indoor air quality management and monitoring.; Ensure accessibility and safety of pedestrian paths.,Indoor air quality management plan; Pedestrian path design and safety features,17220,2734,536.91,True,False,True
rag,2,00_sample_project,Quality Of Life,QL1.3,Improve Construction Safety,14,Applicable,Improved,5,The project involves construction activities that require consideration of safety protocols.,QA:Likely Yes(Project includes a construction safety plan.) | QB:Insufficient Data(Lack of information on worker training and education programs.),A + B,Develop a comprehensive construction safety plan.; Implement worker training and education programs.,Construction safety plan; Worker training and education records,17220,2734,536.91,True,False,True
rag,2,00_sample_project,Quality Of Life,QL1.4,Minimize Noise & Vibration,12,Applicable,Improved,3,"The project includes residential and commercial spaces, which require consideration of noise and vibration impacts.",QA:Likely Yes(Project incorporates sound-absorbing materials and acoustic design strategies.) | QB:Insufficient Data(Lack of information on vibration mitigation measures.),A + B,Develop a plan for noise and vibration mitigation.; Incorporate sound-absorbing materials and acoustic design strategies.,Noise and vibration mitigation plan; Acoustic design and material specifications,17220,2734,536.91,True,False,True
rag,2,00_sample_project,Quality Of Life,QL1.5,Minimize Light Pollution,12,Applicable,Improved,3,"The project includes exterior lighting, which requires consideration of light pollution impacts.",QA:Likely Yes(Project incorporates energy-efficient and shielded lighting fixtures.) | QB:Insufficient Data(Lack of information on lighting controls and scheduling.),A + B,Develop a plan for exterior lighting design and control.; Incorporate energy-efficient and shielded lighting fixtures.,Exterior lighting design and control plan; Lighting fixture specifications,17220,2734,536.91,True,False,True
rag,2,00_sample_project,Quality Of Life,QL1.6,Minimize Construction Impacts,8,Applicable,Improved,2,The project involves construction activities that require consideration of environmental impacts.,QA:Likely Yes(Project includes a construction waste management plan.) | QB:Insufficient Data(Lack of information on air quality and noise monitoring during construction.),A + B,Develop a comprehensive construction waste management plan.; Implement air quality and noise monitoring during construction.,Construction waste management plan; Air quality and noise monitoring records,17220,2734,536.91,True,False,True
rag,2,00_sample_project,Quality Of Life,QL2.1,Improve Community Mobility,14,Applicable,Improved,3,"The project includes pedestrian and vehicular paths, which require consideration of mobility and accessibility.",QA:Likely Yes(Project incorporates accessible and safe pedestrian paths.) | QB:Insufficient Data(Lack of information on public transportation options and accessibility features.),A + B,Develop a plan for pedestrian and vehicular path design.; Incorporate accessible and safe pedestrian paths.,Pedestrian and vehicular path design plan; Accessibility features and public transportation options,17220,2734,536.91,True,False,True
rag,2,00_sample_project,Quality Of Life,QL2.2,Encourage Sustainable Transportation,16,Applicable,Improved,5,"The project includes parking and transportation infrastructure, which requires consideration of sustainable transportation options.",QA:Likely Yes(Project incorporates electric vehicle charging stations.) | QB:Insufficient Data(Lack of information on alternative transportation options and incentives.),A + B,Develop a plan for sustainable transportation options.; Incorporate electric vehicle charging stations.,Sustainable transportation plan; Alternative transportation options and incentives,17220,2734,536.91,True,False,True
rag,2,00_sample_project,Quality Of Life,QL2.3,Improve Access & Wayfinding,14,Applicable,Improved,5,"The project includes public spaces and paths, which require consideration of access and wayfinding.",QA:Likely Yes(Project incorporates clear signage and wayfinding features.) | QB:Insufficient Data(Lack of information on accessibility features and universal design principles.),A + B,Develop a plan for access and wayfinding.; Incorporate clear signage and wayfinding features.,Access and wayfinding plan; Accessibility features and universal design principles,17220,2734,536.91,True,False,True
rag,2,00_sample_project,Quality Of Life,QL3.1,Advance Equity & Social Justice,18,Applicable,Improved,6,"The project involves community engagement and social impact, which requires consideration of equity and social justice.",QA:Likely Yes(Project includes community engagement and participation strategies.) | QB:Insufficient Data(Lack of information on social impact assessment and mitigation measures.),A + B,Develop a plan for community engagement and participation.; Conduct a social impact assessment and develop mitigation measures.,Community engagement and participation plan; Social impact assessment and mitigation measures,17220,2734,536.91,True,False,True
rag,2,00_sample_project,Quality Of Life,QL3.2,Preserve Historic & Cultural Resources,18,Not Applicable,,0,The project does not involve historic or cultural resources.,,,,,17220,2734,536.91,True,False,True
rag,2,00_sample_project,Quality Of Life,QL3.3,Enhance Views & Local Character,14,Applicable,Improved,3,"The project includes public spaces and views, which require consideration of local character and visual impact.",QA:Likely Yes(Project incorporates design elements that reflect local character.) | QB:Insufficient Data(Lack of information on view preservation and enhancement strategies.),A + B,Develop a plan for local character and visual impact.; Incorporate design elements that reflect local character.,Local character and visual impact plan; View preservation and enhancement strategies,17220,2734,536.91,True,False,True
rag,2,00_sample_project,Resource Allocation,RA1.1,Reduce Materials Use,12,Applicable,No Level,0,,QA:Insufficient Data(No material takeoff or bill of quantities in the model) | QB:Insufficient Data(No information on material efficiency strategies),A + B required for Improved,Develop a material takeoff and bill of quantities; Research material efficiency strategies,Material takeoff and bill of quantities report; Material efficiency strategy document,17210,2560,496.52,True,False,True
rag,2,00_sample_project,Resource Allocation,RA1.2,Use Recycled Materials,10,Applicable,No Level,0,,QA:Insufficient Data(No information on recycled material use) | QB:Insufficient Data(No documentation of recycled material sourcing),A + B required for Improved,Research recycled material options; Develop a plan for sourcing recycled materials,Recycled material usage report; Recycled material sourcing document,17210,2560,496.52,True,False,True
rag,2,00_sample_project,Resource Allocation,RA1.3,Reduce Operational Waste,8,Applicable,No Level,0,,QA:Insufficient Data(No information on operational waste reduction strategies) | QB:Insufficient Data(No documentation of waste management plan),A + B required for Improved,Develop an operational waste reduction plan; Create a waste management document,Operational waste reduction plan; Waste management document,17210,2560,496.52,True,False,True
rag,2,00_sample_project,Resource Allocation,RA1.4,Reduce Construction Waste,10,Applicable,No Level,0,,QA:Insufficient Data(No information on construction waste reduction strategies) | QB:Insufficient Data(No documentation of construction waste management plan),A + B required for Improved,Develop a construction waste reduction plan; Create a construction waste management document,Construction waste reduction plan; Construction waste management document,17210,2560,496.52,True,False,True
rag,2,00_sample_project,Resource Allocation,RA1.5,Balance Earthwork On Site,6,Applicable,No Level,0,,QA:Insufficient Data(No information on earthwork balancing strategies) | QB:Insufficient Data(No documentation of earthwork management plan),A + B required for Improved,Develop an earthwork balancing plan; Create an earthwork management document,Earthwork balancing plan; Earthwork management document,17210,2560,496.52,True,False,True
rag,2,00_sample_project,Resource Allocation,RA2.1,Reduce Operational Energy Consumption,20,Applicable,No Level,0,,QA:Insufficient Data(No information on operational energy reduction strategies) | QB:Insufficient Data(No documentation of energy management plan),A + B required for Improved,Develop an operational energy reduction plan; Create an energy management document,Operational energy reduction plan; Energy management document,17210,2560,496.52,True,False,True
rag,2,00_sample_project,Resource Allocation,RA2.2,Reduce Construction Energy Consumption,12,Applicable,No Level,0,,QA:Insufficient Data(No information on construction energy reduction strategies) | QB:Insufficient Data(No documentation of construction energy management plan),A + B required for Improved,Develop a construction energy reduction plan; Create a construction energy management document,Construction energy reduction plan; Construction energy management document,17210,2560,496.52,True,False,True
rag,2,00_sample_project,Resource Allocation,RA2.3,Use Renewable Energy,10,Applicable,No Level,0,,QA:Insufficient Data(No information on renewable energy use) | QB:Insufficient Data(No documentation of renewable energy sourcing),A + B required for Improved,Research renewable energy options; Develop a plan for sourcing renewable energy,Renewable energy usage report; Renewable energy sourcing document,17210,2560,496.52,True,False,True
rag,2,00_sample_project,Resource Allocation,RA2.4,Commission and Monitor Energy Systems,8,Applicable,No Level,0,,QA:Insufficient Data(No information on energy system commissioning) | QB:Insufficient Data(No documentation of energy system monitoring plan),A + B required for Improved,Develop an energy system commissioning plan; Create an energy system monitoring document,Energy system commissioning plan; Energy system monitoring document,17210,2560,496.52,True,False,True
rag,2,00_sample_project,Resource Allocation,RA3.1,Preserve Water Resources,14,Applicable,No Level,0,,QA:Insufficient Data(No information on water conservation strategies) | QB:Insufficient Data(No documentation of water management plan),A + B required for Improved,Develop a water conservation plan; Create a water management document,Water conservation plan; Water management document,17210,2560,496.52,True,False,True
rag,2,00_sample_project,Resource Allocation,RA3.2,Reduce Operational Water Consumption,12,Applicable,No Level,0,,QA:Insufficient Data(No information on operational water reduction strategies) | QB:Insufficient Data(No documentation of water efficiency plan),A + B required for Improved,Develop an operational water reduction plan; Create a water efficiency document,Operational water reduction plan; Water efficiency document,17210,2560,496.52,True,False,True
rag,2,00_sample_project,Resource Allocation,RA3.3,Reduce Construction Water Consumption,10,Applicable,No Level,0,,QA:Insufficient Data(No information on construction water reduction strategies) | QB:Insufficient Data(No documentation of construction water management plan),A + B required for Improved,Develop a construction water reduction plan; Create a construction water management document,Construction water reduction plan; Construction water management document,17210,2560,496.52,True,False,True
rag,2,00_sample_project,Resource Allocation,RA3.4,Monitor Water Systems,8,Applicable,No Level,0,,QA:Insufficient Data(No information on water system monitoring) | QB:Insufficient Data(No documentation of water system monitoring plan),A + B required for Improved,Develop a water system monitoring plan; Create a water system monitoring document,Water system monitoring plan; Water system monitoring document,17210,2560,496.52,True,False,True
rag,3,00_sample_project,Climate And Resilience,CR2.1,Avoid Unsuitable Development,14,Applicable,No Level,0,,QA:Insufficient Data(No information on site selection process) | QB:Insufficient Data(No environmental impact assessment available),A + B required for Improved,Conduct site selection process with environmental considerations; Perform environmental impact assessment,Site selection report; Environmental impact assessment,17617,1295,265.8,True,False,True
rag,3,00_sample_project,Climate And Resilience,CR2.2,Assess Climate Change Vulnerability,20,Applicable,No Level,0,,QA:Insufficient Data(No climate change vulnerability assessment available) | QB:Insufficient Data(No information on project vulnerabilities to climate change),A + B required for Improved,Conduct climate change vulnerability assessment; Identify project vulnerabilities to climate change,Climate change vulnerability assessment report; Project vulnerability analysis,17617,1295,265.8,True,False,True
rag,3,00_sample_project,Climate And Resilience,CR2.3,Evaluate Risk and Resilience,26,Applicable,No Level,0,,QA:Insufficient Data(No risk assessment available) | QB:Insufficient Data(No information on critical functions and dependencies of infrastructure asset),A + B + C + D + E required for Conserving,Conduct risk assessment; Identify critical functions and dependencies of infrastructure asset,Risk assessment report; Critical functions and dependencies analysis,17617,1295,265.8,True,False,True
rag,3,00_sample_project,Climate And Resilience,CR2.4,Establish Resilience Goals and Strategies,20,Applicable,No Level,0,,QA:Insufficient Data(No information on project performance goals and risk appetite) | QB:Insufficient Data(No risk management strategies available),A + B required for Enhanced,Establish project performance goals and risk appetite; Develop risk management strategies,Project performance goals and risk appetite statement; Risk management strategies report,17617,1295,265.8,True,False,True
rag,3,00_sample_project,Climate And Resilience,CR2.5,Maximize Resilience,26,Applicable,No Level,0,,QA:Insufficient Data(No information on resilience goals and strategies) | QB:Insufficient Data(No implementation of resilience strategies available),A + B + C + D + E required for Conserving,Develop resilience goals and strategies; Implement resilience strategies,Resilience goals and strategies report; Implementation of resilience strategies report,17617,1295,265.8,True,False,True
rag,3,00_sample_project,Climate And Resilience,CR2.6,Improve Infrastructure Integration,18,Applicable,No Level,0,,QA:Insufficient Data(No information on infrastructure integration) | QB:Insufficient Data(No analysis of infrastructure system performance available),A + B required for Improved,Analyze infrastructure integration; Conduct infrastructure system performance analysis,Infrastructure integration report; Infrastructure system performance analysis,17617,1295,265.8,True,False,True
rag,3,00_sample_project,Leadership,LD1.1,Provide Effective Leadership and Commitment,10,Applicable,Improved,2,,"QA:Likely Yes(Project team includes multiple disciplines (architectural, structural, MEP, civi) | QB:Insufficient Data(No information on sustainability goals or targets)",A + B required for Enhanced,Develop sustainability goals and targets,Sustainability management plan; Project charter or mission statement,17191,2164,421.56,True,False,True
rag,3,00_sample_project,Leadership,LD1.2,Foster Collaboration and Teamwork,8,Applicable,Improved,2,,"QA:Likely Yes(Multiple consultants listed (Cartesian Inverse, Etienne Oiseau, Safe Harbor Engi) | QB:Insufficient Data(No information on collaboration or communication plan)",A + B required for Enhanced,Develop collaboration and communication plan,Collaboration plan; Communication protocol,17191,2164,421.56,True,False,True
rag,3,00_sample_project,Leadership,LD1.3,Encourage Public Outreach and Participation,8,Applicable,No Level,0,,QA:Insufficient Data(No information on public outreach or participation) | QB:Insufficient Data(No information on community engagement plan),A + B required for Improved,Develop public outreach and participation plan; Engage with local community,Public outreach plan; Community engagement records,17191,2164,421.56,True,False,True
rag,3,00_sample_project,Leadership,LD1.4,Pursue Byproduct Synergies,10,Applicable,No Level,0,,QA:Insufficient Data(No information on byproduct synergies) | QB:Insufficient Data(No information on waste reduction plan),A + B required for Improved,Investigate byproduct synergies; Develop waste reduction plan,Byproduct synergy report; Waste reduction plan,17191,2164,421.56,True,False,True
rag,3,00_sample_project,Leadership,LD2.1,Establish a Sustainability Management Plan,14,Applicable,No Level,0,,QA:Insufficient Data(No information on sustainability management plan) | QB:Insufficient Data(No information on monitoring and reporting plan),A + B required for Improved,Develop sustainability management plan; Establish monitoring and reporting plan,Sustainability management plan; Monitoring and reporting plan,17191,2164,421.56,True,False,True
rag,3,00_sample_project,Leadership,LD2.2,Plan for Sustainable Communities,12,Applicable,No Level,0,,QA:Insufficient Data(No information on community planning) | QB:Insufficient Data(No information on social and economic development plan),A + B required for Improved,Develop community planning strategy; Establish social and economic development plan,Community planning report; Social and economic development plan,17191,2164,421.56,True,False,True
rag,3,00_sample_project,Leadership,LD2.3,Conduct a Life-Cycle Economic Evaluation,10,Applicable,No Level,0,,QA:Insufficient Data(No information on life-cycle economic evaluation) | QB:Insufficient Data(No information on cost-benefit analysis),A + B required for Improved,Conduct life-cycle economic evaluation; Perform cost-benefit analysis,Life-cycle economic evaluation report; Cost-benefit analysis,17191,2164,421.56,True,False,True
rag,3,00_sample_project,Leadership,LD2.4,Develop a Construction and Operations Plan,8,Applicable,No Level,0,,QA:Insufficient Data(No information on construction plan) | QB:Insufficient Data(No information on operations and maintenance plan),A + B required for Improved,Develop construction plan; Establish operations and maintenance plan,Construction plan; Operations and maintenance plan,17191,2164,421.56,True,False,True
rag,3,00_sample_project,Leadership,LD3.1,Conduct a Cost-Benefit Analysis of Sustainability Measures,10,Applicable,No Level,0,,QA:Insufficient Data(No information on cost-benefit analysis) | QB:Insufficient Data(No information on sustainability measures evaluation),A + B required for Improved,Conduct cost-benefit analysis; Evaluate sustainability measures,Cost-benefit analysis report; Sustainability measures evaluation,17191,2164,421.56,True,False,True
rag,3,00_sample_project,Leadership,LD3.2,Develop a Plan for Implementing Sustainability Measures,8,Applicable,No Level,0,,QA:Insufficient Data(No information on implementation plan) | QB:Insufficient Data(No information on monitoring and reporting plan),A + B required for Improved,Develop implementation plan; Establish monitoring and reporting plan,Implementation plan; Monitoring and reporting plan,17191,2164,421.56,True,False,True
rag,3,00_sample_project,Leadership,LD3.3,Conduct a Life-Cycle Assessment of the Project,12,Applicable,No Level,0,,QA:Insufficient Data(No information on life-cycle assessment) | QB:Insufficient Data(No information on environmental impacts evaluation),A + B required for Improved,Conduct life-cycle assessment; Evaluate environmental impacts,Life-cycle assessment report; Environmental impacts evaluation,17191,2164,421.56,True,False,True
rag,3,00_sample_project,Natural World,NW1.1,Conserve Natural Areas,14,APPLICABLE,Improved,2,"The project is located in Brownsville, PA, and has a site plan, indicating potential natural areas to conserve.",QA:Insufficient Data(No information on natural area conservation) | QB:Insufficient Data(No information on habitat preservation),A + B required for Improved,Conduct site analysis to identify natural areas; Develop conservation plan,Site analysis report; Conservation plan,17916,1317,273.7,True,False,True
rag,3,00_sample_project,Natural World,NW1.2,Provide Wetland and Surface Water Buffers,10,APPLICABLE,Improved,2,"The project has a site plan, indicating potential wetlands or surface water to buffer.",QA:Insufficient Data(No information on wetland or surface water buffers) | QB:Insufficient Data(No information on buffer zone size),A + B required for Improved,Conduct site analysis to identify wetlands or surface water; Develop buffer zone plan,Site analysis report; Buffer zone plan,17916,1317,273.7,True,False,True
rag,3,00_sample_project,Natural World,NW2.2,Manage Stormwater,24,APPLICABLE,Improved,2,"The project has a site plan, indicating potential stormwater management needs.",QA:Insufficient Data(No information on stormwater management) | QB:Insufficient Data(No information on rate or quantity of runoff),A + B required for Improved,Conduct stormwater analysis; Develop stormwater management plan,Stormwater analysis report; Stormwater management plan,17916,1317,273.7,True,False,True
rag,3,00_sample_project,Natural World,NW2.4,Protect Surface and Groundwater Quality,14,APPLICABLE,Improved,1,"The project has a site plan, indicating potential surface or groundwater quality concerns.",QA:Insufficient Data(No information on surface or groundwater quality protection) | QB:Insufficient Data(No information on pollution prevention measures),A + B required for Improved,Conduct water quality analysis; Develop pollution prevention plan,Water quality analysis report; Pollution prevention plan,17916,1317,273.7,True,False,True
rag,3,00_sample_project,Natural World,NW3.3,Maintain Floodplain Functions,14,APPLICABLE,Improved,1,"The project is located in a floodplain, as indicated by the site plan.",QA:Insufficient Data(No information on floodplain functions) | QB:Insufficient Data(No information on vegetated zones preservation),A + B required for Improved,Conduct floodplain analysis; Develop floodplain management plan,Floodplain analysis report; Floodplain management plan,17916,1317,273.7,True,False,True
rag,3,00_sample_project,Natural World,NW3.5,Protect Soil Health,10,APPLICABLE,Improved,2,"The project has a site plan, indicating potential soil health concerns.",QA:Insufficient Data(No information on soil health protection) | QB:Insufficient Data(No information on erosion control measures),A + B required for Improved,Conduct soil analysis; Develop erosion control plan,Soil analysis report; Erosion control plan,17916,1317,273.7,True,False,True
rag,3,00_sample_project,Quality Of Life,QL1.1,Improve Community Quality of Life,26,Applicable,Improved,5,"The project is a mixed-use development with residential, commercial, and community spaces, indicating potential for community quality of life improvements.",QA:Likely Yes(Project includes live/work units and community spaces.) | QB:Insufficient Data(Lack of information on community engagement and feedback mechanisms.) | QC:Likely Yes(Project incorporates green spaces and outdoor areas.) | QD:Insufficient Data(Lack of information on accessibility features and universal design principles.),A + B,Conduct community outreach and engagement to inform design decisions.; Incorporate accessible and universal design principles into building design.,Community engagement records; Accessibility features and universal design principles documentation,17220,2841,549.14,True,False,True
rag,3,00_sample_project,Quality Of Life,QL1.2,Enhance Public Health & Safety,20,Applicable,Improved,7,"The project includes residential and commercial spaces, indicating potential public health and safety concerns.",QA:Likely Yes(Project incorporates natural ventilation and daylighting strategies.) | QB:Insufficient Data(Lack of information on indoor air quality monitoring and maintenance protocols.) | QC:Likely Yes(Project includes emergency response plan and fire suppression systems.),A + B,Develop indoor air quality monitoring and maintenance protocols.; Incorporate public health and safety considerations into design decisions.,Indoor air quality monitoring and maintenance protocols; Public health and safety consideration documentation,17220,2841,549.14,True,False,True
rag,3,00_sample_project,Quality Of Life,QL1.3,Improve Construction Safety,14,Applicable,Improved,5,"The project involves construction activities, indicating potential construction safety concerns.",QA:Likely Yes(Project includes construction safety plan and training programs.) | QB:Insufficient Data(Lack of information on site-specific hazard assessments and mitigation strategie),A + B,Conduct site-specific hazard assessments and develop mitigation strategies.; Incorporate construction safety considerations into design decisions.,Construction safety plan and training programs; Site-specific hazard assessments and mitigation strategies,17220,2841,549.14,True,False,True
rag,3,00_sample_project,Quality Of Life,QL1.4,Minimize Noise & Vibration,12,Applicable,Improved,3,"The project includes residential and commercial spaces, indicating potential noise and vibration concerns.",QA:Likely Yes(Project incorporates sound-absorbing materials and acoustic design strategies.) | QB:Insufficient Data(Lack of information on vibration mitigation measures.),A + B,Develop vibration mitigation measures.; Incorporate noise and vibration considerations into design decisions.,Sound-absorbing materials and acoustic design strategies; Vibration mitigation measures,17220,2841,549.14,True,False,True
rag,3,00_sample_project,Quality Of Life,QL1.5,Minimize Light Pollution,12,Applicable,Improved,3,"The project includes exterior lighting, indicating potential light pollution concerns.",QA:Likely Yes(Project incorporates energy-efficient lighting and shielding strategies.) | QB:Insufficient Data(Lack of information on lighting controls and scheduling.),A + B,Develop lighting controls and scheduling strategies.; Incorporate light pollution considerations into design decisions.,Energy-efficient lighting and shielding strategies; Lighting controls and scheduling,17220,2841,549.14,True,False,True
rag,3,00_sample_project,Quality Of Life,QL1.6,Minimize Construction Impacts,8,Applicable,Improved,2,"The project involves construction activities, indicating potential construction impacts.",QA:Likely Yes(Project includes construction waste management plan.) | QB:Insufficient Data(Lack of information on site restoration and landscaping plans.),A + B,Develop site restoration and landscaping plans.; Incorporate construction impact considerations into design decisions.,Construction waste management plan; Site restoration and landscaping plans,17220,2841,549.14,True,False,True
rag,3,00_sample_project,Quality Of Life,QL2.1,Improve Community Mobility & Access,14,Applicable,Improved,7,"The project includes residential and commercial spaces, indicating potential community mobility and access concerns.",QA:Likely Yes(Project incorporates pedestrian-friendly design strategies.) | QB:Insufficient Data(Lack of information on public transportation access and bikeability features.),A + B,Develop public transportation access and bikeability features.; Incorporate community mobility and access considerations into design decisions.,Pedestrian-friendly design strategies; Public transportation access and bikeability features,17220,2841,549.14,True,False,True
rag,3,00_sample_project,Quality Of Life,QL2.2,Encourage Sustainable Transportation,16,Applicable,Improved,5,"The project includes parking and transportation infrastructure, indicating potential sustainable transportation concerns.",QA:Likely Yes(Project incorporates electric vehicle charging stations.) | QB:Insufficient Data(Lack of information on carpooling and ride-sharing incentives.),A + B,Develop carpooling and ride-sharing incentives.; Incorporate sustainable transportation considerations into design decisions.,Electric vehicle charging stations; Carpooling and ride-sharing incentives,17220,2841,549.14,True,False,True
rag,3,00_sample_project,Quality Of Life,QL2.3,Improve Access & Wayfinding,14,Applicable,Improved,9,"The project includes public spaces and navigation, indicating potential access and wayfinding concerns.",QA:Likely Yes(Project incorporates clear signage and wayfinding strategies.) | QB:Insufficient Data(Lack of information on accessibility features and universal design principles.),A + B,Develop accessibility features and universal design principles.; Incorporate access and wayfinding considerations into design decisions.,Clear signage and wayfinding strategies; Accessibility features and universal design principles,17220,2841,549.14,True,False,True
rag,3,00_sample_project,Quality Of Life,QL3.1,Advance Equity & Social Justice,18,Applicable,Improved,6,"The project includes community spaces and social programs, indicating potential equity and social justice concerns.",QA:Likely Yes(Project incorporates community engagement and outreach strategies.) | QB:Insufficient Data(Lack of information on social programs and services.),A + B,Develop social programs and services.; Incorporate equity and social justice considerations into design decisions.,Community engagement and outreach strategies; Social programs and services,17220,2841,549.14,True,False,True
rag,3,00_sample_project,Quality Of Life,QL3.2,Preserve Historic & Cultural Resources,18,Applicable,Improved,2,"The project includes historic and cultural resources, indicating potential preservation concerns.",QA:Likely Yes(Project incorporates historic preservation strategies.) | QB:Insufficient Data(Lack of information on cultural resource preservation and interpretation.),A + B,Develop cultural resource preservation and interpretation strategies.; Incorporate historic and cultural preservation considerations into design decisions.,Historic preservation strategies; Cultural resource preservation and interpretation,17220,2841,549.14,True,False,True
rag,3,00_sample_project,Quality Of Life,QL3.3,Enhance Views & Local Character,14,Applicable,Improved,3,"The project includes public spaces and views, indicating potential view and local character concerns.",QA:Likely Yes(Project incorporates view preservation strategies.) | QB:Insufficient Data(Lack of information on local character and context-sensitive design.),A + B,Develop local character and context-sensitive design strategies.; Incorporate view and local character considerations into design decisions.,View preservation strategies; Local character and context-sensitive design,17220,2841,549.14,True,False,True
rag,3,00_sample_project,Resource Allocation,RA1.1,Reduce Materials Use,12,Applicable,No Level,0,,QA:Insufficient Data(No material takeoff or bill of quantities in the model) | QB:Insufficient Data(No information on recycled content or sustainable materials),A + B required for Improved,Develop a material takeoff and bill of quantities; Research sustainable materials and recycled content options,Material takeoff and bill of quantities; Sustainable materials and recycled content research,17210,2631,519.14,True,False,True
rag,3,00_sample_project,Resource Allocation,RA1.2,Use Recycled Materials,10,Applicable,No Level,0,,QA:Insufficient Data(No information on recycled materials used in the project) | QB:Insufficient Data(No documentation of recycled material quantities),A + B required for Improved,Research recycled material options; Develop a plan for incorporating recycled materials into the project,Recycled material research; Plan for incorporating recycled materials,17210,2631,519.14,True,False,True
rag,3,00_sample_project,Resource Allocation,RA1.3,Reduce Operational Waste,8,Applicable,No Level,0,,QA:Insufficient Data(No information on operational waste reduction strategies) | QB:Insufficient Data(No documentation of waste reduction goals or targets),A + B required for Improved,Research operational waste reduction strategies; Develop a plan for reducing operational waste,Operational waste reduction research; Plan for reducing operational waste,17210,2631,519.14,True,False,True
rag,3,00_sample_project,Resource Allocation,RA1.4,Reduce Construction Waste,10,Applicable,No Level,0,,QA:Insufficient Data(No information on construction waste reduction strategies) | QB:Insufficient Data(No documentation of waste reduction goals or targets),A + B required for Improved,Research construction waste reduction strategies; Develop a plan for reducing construction waste,Construction waste reduction research; Plan for reducing construction waste,17210,2631,519.14,True,False,True
rag,3,00_sample_project,Resource Allocation,RA1.5,Balance Earthwork On Site,6,Applicable,No Level,0,,QA:Insufficient Data(No information on earthwork balancing strategies) | QB:Insufficient Data(No documentation of earthwork balancing goals or targets),A + B required for Improved,Research earthwork balancing strategies; Develop a plan for balancing earthwork on site,Earthwork balancing research; Plan for balancing earthwork,17210,2631,519.14,True,False,True
rag,3,00_sample_project,Resource Allocation,RA2.1,Reduce Operational Energy Consumption,20,Applicable,No Level,0,,QA:Insufficient Data(No information on operational energy reduction strategies) | QB:Insufficient Data(No documentation of energy reduction goals or targets),A + B required for Improved,Research operational energy reduction strategies; Develop a plan for reducing operational energy consumption,Operational energy reduction research; Plan for reducing operational energy consumption,17210,2631,519.14,True,False,True
rag,3,00_sample_project,Resource Allocation,RA2.2,Reduce Construction Energy Consumption,12,Applicable,No Level,0,,QA:Insufficient Data(No information on construction energy reduction strategies) | QB:Insufficient Data(No documentation of energy reduction goals or targets),A + B required for Improved,Research construction energy reduction strategies; Develop a plan for reducing construction energy consumption,Construction energy reduction research; Plan for reducing construction energy consumption,17210,2631,519.14,True,False,True
rag,3,00_sample_project,Resource Allocation,RA2.3,Use Renewable Energy,10,Applicable,No Level,0,,QA:Insufficient Data(No information on renewable energy options) | QB:Insufficient Data(No documentation of renewable energy goals or targets),A + B required for Improved,Research renewable energy options; Develop a plan for incorporating renewable energy into the project,Renewable energy research; Plan for incorporating renewable energy,17210,2631,519.14,True,False,True
rag,3,00_sample_project,Resource Allocation,RA2.4,Commission and Monitor Energy Systems,8,Applicable,No Level,0,,QA:Insufficient Data(No information on energy system commissioning or monitoring) | QB:Insufficient Data(No documentation of energy system performance goals or targets),A + B required for Improved,Research energy system commissioning and monitoring options; Develop a plan for commissioning and monitoring energy systems,Energy system commissioning and monitoring research; Plan for commissioning and monitoring energy systems,17210,2631,519.14,True,False,True
rag,3,00_sample_project,Resource Allocation,RA3.1,Preserve Water Resources,14,Applicable,No Level,0,,QA:Insufficient Data(No information on water conservation strategies) | QB:Insufficient Data(No documentation of water conservation goals or targets),A + B required for Improved,Research water conservation strategies; Develop a plan for preserving water resources,Water conservation research; Plan for preserving water resources,17210,2631,519.14,True,False,True
rag,3,00_sample_project,Resource Allocation,RA3.2,Reduce Operational Water Consumption,12,Applicable,No Level,0,,QA:Insufficient Data(No information on operational water reduction strategies) | QB:Insufficient Data(No documentation of water reduction goals or targets),A + B required for Improved,Research operational water reduction strategies; Develop a plan for reducing operational water consumption,Operational water reduction research; Plan for reducing operational water consumption,17210,2631,519.14,True,False,True
rag,3,00_sample_project,Resource Allocation,RA3.3,Reduce Construction Water Consumption,10,Applicable,No Level,0,,QA:Insufficient Data(No information on construction water reduction strategies) | QB:Insufficient Data(No documentation of water reduction goals or targets),A + B required for Improved,Research construction water reduction strategies; Develop a plan for reducing construction water consumption,Construction water reduction research; Plan for reducing construction water consumption,17210,2631,519.14,True,False,True
rag,3,00_sample_project,Resource Allocation,RA3.4,Monitor Water Systems,8,Applicable,No Level,0,,QA:Insufficient Data(No information on water system monitoring) | QB:Insufficient Data(No documentation of water system performance goals or targets),A + B required for Improved,Research water system monitoring options; Develop a plan for monitoring water systems,Water system monitoring research; Plan for monitoring water systems,17210,2631,519.14,True,False,True
zero_shot,1,00_sample_project,Climate And Resilience,CR1.1,Reduce Net Embodied Carbon,,Applicable,No Level,0,,QA:Insufficient Data(No embodied carbon assessment in PDF metadata) | QB:Insufficient Data(No calculation of primary contributors to overall embodied carbon in PDF metadat) | QC:Insufficient Data(No information on reduction of net embodied carbon in PDF metadata),"A,B,C required for Improved",Conduct embodied carbon assessment; Calculate primary contributors to overall embodied carbon,Embodied carbon assessment report; Calculation of primary contributors to overall embodied carbon,22526,2621,634.55,True,False,True
zero_shot,1,00_sample_project,Climate And Resilience,CR1.2,Reduce Greenhouse Gas Emissions,,Applicable,No Level,0,,QA:Insufficient Data(No information on reduction of greenhouse gas emissions in PDF metadata) | QB:Insufficient Data(No calculation and reporting of annual greenhouse gas emissions in PDF metadata),"A,B required for Improved",Conduct greenhouse gas emissions assessment; Calculate and report annual greenhouse gas emissions,Greenhouse gas emissions assessment report; Calculation and reporting of annual greenhouse gas emissions,22526,2621,634.55,True,False,True
zero_shot,1,00_sample_project,Climate And Resilience,CR1.3,Reduce Air Pollutant Emissions,,Applicable,No Level,0,,QA:Insufficient Data(No information on meeting minimum air quality standards in PDF metadata) | QB:Insufficient Data(No information on reduction of air pollutant emissions in PDF metadata) | QC:Insufficient Data(No information on ongoing monitoring and management of direct air pollutant emis) | QD:Insufficient Data(No assessment of materiality of volatile organic compounds in PDF metadata) | QE:Insufficient Data(No information on removal of existing air pollutant sources in PDF metadata),"A,B,C required for Enhanced",Conduct air pollutant emissions assessment; Implement strategies to reduce air pollutant emissions,Air pollutant emissions assessment report; Implementation plan for reducing air pollutant emissions,22526,2621,634.55,True,False,True
zero_shot,1,00_sample_project,Climate And Resilience,CR2.1,Avoid Unsuitable Development,,Applicable,No Level,0,,QA:Insufficient Data(No information on identification of potential siting hazards in PDF metadata) | QB:Insufficient Data(No information on consideration of siting and project alternatives in PDF metada) | QC:Insufficient Data(No information on implementation of strategies to mitigate site hazards in PDF m) | QD:Insufficient Data(No information on chosen project and site resulting in lowest exposure to site h) | QE:Insufficient Data(No information on intentional avoidance of known site hazards in PDF metadata) | QF:Insufficient Data(No information on removal or modification of structures subject to frequent dama),A+B required for Improved,Conduct siting hazard assessment; Consider alternative sites and projects,Siting hazard assessment report; Alternative site and project evaluation,22526,2621,634.55,True,False,True
zero_shot,1,00_sample_project,Climate And Resilience,CR2.2,Assess Climate Change Vulnerability,,Applicable,No Level,0,,QA:Insufficient Data(No information on determination of climate change threats in PDF metadata) | QB:Insufficient Data(No information on determination of vulnerability to climate change threats in PD) | QC:Insufficient Data(No information on determination of infrastructure system vulnerability to climat) | QD:Insufficient Data(No information on determination of community vulnerability to climate change thr) | QE:Insufficient Data(No information on sharing of climate threat findings in PDF metadata),A+B required for Improved,Conduct climate change vulnerability assessment; Determine infrastructure system and community vulnerability,Climate change vulnerability assessment report; Infrastructure system and community vulnerability evaluation,22526,2621,634.55,True,False,True
zero_shot,1,00_sample_project,Climate And Resilience,CR2.3,Evaluate Risk and Resilience,,Applicable,No Level,0,,QA:Insufficient Data(No information on risk assessment in PDF metadata) | QB:Insufficient Data(No information on identification of critical functions and dependencies in PDF m) | QC:Insufficient Data(No information on identification of threats or hazards in PDF metadata) | QD:Insufficient Data(No information on identification of vulnerabilities in PDF metadata) | QE:Insufficient Data(No information on evaluation of risks in PDF metadata) | QF:Insufficient Data(No information on participation of owner and stakeholders in risk evaluation in ),A+B+C+D+E required for Superior,Conduct risk assessment; Identify critical functions and dependencies,Risk assessment report; Critical function and dependency evaluation,22526,2621,634.55,True,False,True
zero_shot,1,00_sample_project,Climate And Resilience,CR2.4,Establish Resilience Goals and Strategies,,Applicable,No Level,0,,QA:Insufficient Data(No information on identification of project performance goals in PDF metadata) | QB:Insufficient Data(No information on development of risk management strategies in PDF metadata) | QC:Insufficient Data(No information on engagement of key stakeholders in resilience goals in PDF meta) | QD:Insufficient Data(No information on incorporation of project into larger community resilience goal),A+B required for Enhanced,Identify project performance goals; Develop risk management strategies,Project performance goal identification report; Risk management strategy development,22526,2621,634.55,True,False,True
zero_shot,1,00_sample_project,Climate And Resilience,CR2.5,Maximize Resilience,,Applicable,No Level,0,,QA:Insufficient Data(No information on development of resilience goals and strategies in PDF metadata) | QB:Insufficient Data(No information on implementation of resilience strategies in PDF metadata) | QC:Insufficient Data(No information on monitoring and review of resilience strategy effectiveness in ) | QD:Insufficient Data(No information on incorporation of resilience goals and strategies into ongoing ) | QE:Insufficient Data(No information on measurement or quantification of resilience performance target),A+B+C+D+E required for Conserving,Develop resilience goals and strategies; Implement resilience strategies,Resilience goal and strategy development report; Resilience strategy implementation plan,22526,2621,634.55,True,False,True
zero_shot,1,00_sample_project,Climate And Resilience,CR2.6,Improve Infrastructure Integration,,Applicable,No Level,0,,QA:Insufficient Data(No information on increase of internal systems integration in PDF metadata) | QB:Insufficient Data(No information on reduction of risk of systemic or cascading failures in PDF met) | QC:Insufficient Data(No information on increase of external systems integration in PDF metadata) | QD:Insufficient Data(No information on integration of infrastructure networks in PDF metadata) | QE:Insufficient Data(No information on integration of data or monitoring systems in PDF metadata),A required for Improved,Increase internal systems integration; Reduce risk of systemic or cascading failures,Internal systems integration report; Systemic or cascading failure risk reduction plan,22526,2621,634.55,True,False,True
zero_shot,1,00_sample_project,Leadership,LD1.1,Provide Effective Leadership and Commitment,,Applicable,Improved,2,,QA:Insufficient Data(No community needs assessment in model) | QB:Insufficient Data(No sustainability management plan in model) | QC:Insufficient Data(No periodic revisit of project sustainability commitments in model) | QD:Insufficient Data(No organizational commitments to sustainability from key team members in model),A + B required for Enhanced,"Begin community engagement to address A, B, D",Community needs assessment report; Sustainability management plan,24260,3219,796.94,True,False,True
zero_shot,1,00_sample_project,Leadership,LD1.2,Foster Collaboration and Teamwork,,Applicable,Improved,2,,"QA:Insufficient Data(No interdisciplinary collaborative kickoff meeting in model) | QB:Insufficient Data(No sustainability performance enhancements from collaboration in model) | QC:Insufficient Data(No regular interdisciplinary and collaborative meetings in model) | QD:Insufficient Data(No inclusion of construction, operations, or maintenance stakeholders in model)",A + B required for Enhanced,Establish regular interdisciplinary meetings,Meeting minutes; Stakeholder engagement records,24260,3219,796.94,True,False,True
zero_shot,1,00_sample_project,Leadership,LD1.3,Provide for Stakeholder Involvement,,Applicable,Enhanced,6,,QA:Insufficient Data(No stakeholder mapping exercise in model) | QB:Insufficient Data(No proactive stakeholder engagement process in model) | QC:Likely Yes(Project team includes landscape architecture and community planning firm) | QD:Insufficient Data(No stakeholder engagement feedback in model) | QE:Insufficient Data(No stakeholder partnership in model) | QF:No(No mention of stakeholder partnership in PDF metadata),"A, B, C required for Enhanced",Conduct stakeholder mapping exercise,Stakeholder engagement plan; Stakeholder feedback records,24260,3219,796.94,True,False,True
zero_shot,1,00_sample_project,Leadership,LD1.4,Pursue Byproduct Synergies,,Applicable,Improved,3,,QA:Insufficient Data(No assessment of excess resources or capacity in model) | QB:Insufficient Data(No identification of byproduct synergy opportunities in model) | QC:Insufficient Data(No pursuit of byproduct synergies in model) | QD:Insufficient Data(No inclusion of byproduct synergy in project in model) | QE:Insufficient Data(No circular economy approach in model),"A, B required for Enhanced",Assess excess resources and capacity,Byproduct synergy assessment report; Circular economy plan,24260,3219,796.94,True,False,True
zero_shot,1,00_sample_project,Leadership,LD2.1,Establish a Sustainability Management Plan,,Applicable,Improved,4,,QA:Insufficient Data(No roles and responsibilities for sustainability in model) | QB:Insufficient Data(No sustainability management plan in model) | QC:Insufficient Data(No processes and management controls for sustainability in model) | QD:Insufficient Data(No implementation of sustainability management plan in model) | QE:Insufficient Data(No adaptability and flexibility in sustainability management plan in model),"A, B required for Enhanced",Develop sustainability management plan,Sustainability management plan; Implementation records,24260,3219,796.94,True,False,True
zero_shot,1,00_sample_project,Leadership,LD2.2,Plan for Sustainable Communities,,Applicable,Improved,4,,QA:Insufficient Data(No consideration of sustainability during project selection in model) | QB:Insufficient Data(No alternative analyses for sustainability performance in model) | QC:Insufficient Data(No assessment of project impacts on broader community sustainability in model) | QD:Insufficient Data(No comprehensive sustainable development plan in model) | QE:Insufficient Data(No address of inherently unsustainable conditions in community in model),"A, B required for Enhanced",Conduct sustainability assessment during project selection,Sustainability assessment report; Comprehensive sustainable development plan,24260,3219,796.94,True,False,True
zero_shot,1,00_sample_project,Leadership,LD2.3,Plan for Long-Term Monitoring and Maintenance,,Applicable,Improved,2,,QA:Insufficient Data(No consideration of ongoing operational impacts in model) | QB:Insufficient Data(No comprehensive plan for long-term monitoring and maintenance in model) | QC:Insufficient Data(No communication of monitoring and maintenance plan with operations and maintena) | QD:Insufficient Data(No allocation of sufficient resources for long-term monitoring and maintenance i) | QE:Insufficient Data(No plan to re-evaluate and modify maintenance plan based on monitored data in mo),A required for Enhanced,Develop long-term monitoring and maintenance plan,Long-term monitoring and maintenance plan; Resource allocation records,24260,3219,796.94,True,False,True
zero_shot,1,00_sample_project,Leadership,LD2.4,Plan for End-of-Life,,Applicable,Improved,2,,"QA:Insufficient Data(No end-of-life plan in model) | QB:Insufficient Data(No evaluation of opportunities to extend project's useful life or beneficially r) | QC:Insufficient Data(No assessment of potential social, environmental, and economic end-of-life impac) | QD:Insufficient Data(No evaluation of costs and salvage value of project's deconstruction, decommissi) | QE:Insufficient Data(No proactive engagement of stakeholders in end-of-life planning in model)","A, B required for Enhanced",Develop end-of-life plan,End-of-life plan; Stakeholder engagement records,24260,3219,796.94,True,False,True
zero_shot,1,00_sample_project,Leadership,LD3.1,Stimulate Economic Prosperity and Development,,Applicable,Improved,3,,"QA:Insufficient Data(No creation of new jobs during design, construction, and operation in model) | QB:Insufficient Data(No provision of new operating capacity for business, industry, or the public in ) | QC:Insufficient Data(No increase in access, quality, or number of choices for infrastructure services) | QD:Insufficient Data(No improvement of community attractiveness for business, industry, or the public) | QE:Insufficient Data(No stimulation of economic prosperity and further economic development in model)","A, B required for Enhanced",Conduct economic impact assessment,Economic impact assessment report; Job creation records,24260,3219,796.94,True,False,True
zero_shot,1,00_sample_project,Leadership,LD3.2,Develop Local Skills and Capabilities,,Applicable,Improved,2,,"QA:Insufficient Data(No inclusion of training programs for local skill development in model) | QB:Insufficient Data(No identification of skill or capability gaps in local workforce and targeting o) | QC:Insufficient Data(No continuation of training, education, or skill development programs after proj) | QD:Insufficient Data(No targeting of training and skill development programs to economically depresse)",A required for Enhanced,Develop local skills and capabilities plan,Local skills and capabilities plan; Training program records,24260,3219,796.94,True,False,True
zero_shot,1,00_sample_project,Leadership,LD3.3,Conduct a Life-Cycle Economic Evaluation,,Applicable,Improved,5,,"QA:Insufficient Data(No life-cycle cost analysis in model) | QB:Insufficient Data(No use of life-cycle cost analyses to compare alternatives for major project com) | QC:Insufficient Data(No mapping of social, environmental, and financial costs and benefits of project) | QD:Insufficient Data(No cost-benefit analysis to identify financial, social, and environmental impact) | QE:Insufficient Data(No use of cost-benefit analyses to compare alternatives for major project compon)",A required for Enhanced,Conduct life-cycle economic evaluation,Life-cycle cost analysis report; Cost-benefit analysis report,24260,3219,796.94,True,False,True
zero_shot,1,00_sample_project,Natural World,,,,,,,,,,,,28099,3901,1006.94,False,True,True
zero_shot,1,00_sample_project,Quality Of Life,,,,,,,,,,,,27044,4956,1245.35,False,True,True
zero_shot,1,00_sample_project,Resource Allocation,RA1.1,Support Sustainable Procurement Practices,,Applicable,,,The project includes the use or consumption of physical materials in construction or operation.,QA:Likely Yes(Project team has conducted planning reviews to identify sustainable procurement ) | QB:Insufficient Data(No data on the extent of sustainable procurement practices implemented.),"A, B required for Improved",Develop a comprehensive sustainable procurement policy.; Conduct planning reviews to identify sustainable procurement strategies.,Sustainable procurement policy document.; Records of planning reviews and sustainable procurement strategies implemented.,26530,2568,647.95,True,False,True
zero_shot,1,00_sample_project,Resource Allocation,RA1.2,Use Recycled Materials,,Applicable,,,The project includes the use or consumption of physical materials in construction or operation.,QA:Likely Yes(Project team has considered using recycled materials.),A required for Improved,Specify recycled materials in the project design.; Research and identify potential sources of recycled materials.,Specifications for recycled materials.; Records of research on potential sources of recycled materials.,26530,2568,647.95,True,False,True
zero_shot,1,00_sample_project,Resource Allocation,RA1.3,Reduce Operational Waste,,Applicable,,,The project produces operational waste.,QA:Likely Yes(Project team has developed a waste management plan.) | QB:Insufficient Data(No data on the extent of operational waste reduction.),"A, B required for Improved",Develop a comprehensive waste management plan.; Conduct planning reviews to identify waste reduction strategies.,Waste management plan document.; Records of planning reviews and waste reduction strategies implemented.,26530,2568,647.95,True,False,True
zero_shot,1,00_sample_project,Resource Allocation,RA1.4,Reduce Construction Waste,,Applicable,,,The project produces construction waste.,QA:Likely Yes(Project team has conducted planning reviews to reduce construction waste.) | QB:Insufficient Data(No data on the extent of construction waste reduction.),"A, B required for Improved",Develop a comprehensive construction waste management plan.; Conduct planning reviews to identify waste reduction strategies.,Construction waste management plan document.; Records of planning reviews and waste reduction strategies implemented.,26530,2568,647.95,True,False,True
zero_shot,1,00_sample_project,Resource Allocation,RA1.5,Balance Earthwork On Site,,Applicable,,,The project involves the excavation of qualifying earthwork.,QA:Likely Yes(Project team has designed the project to balance cut and fill.),A required for Improved,Design the project to balance cut and fill.; Conduct geotechnical surveys to determine soil conditions.,Geotechnical survey reports.; Design documents showing balanced cut and fill.,26530,2568,647.95,True,False,True
zero_shot,1,00_sample_project,Resource Allocation,RA2.1,Reduce Operational Energy Consumption,,Applicable,,,The project consumes energy during operation.,QA:Likely Yes(Project team has determined the estimated annual energy consumption.) | QB:Insufficient Data(No data on the extent of operational energy reduction.),"A, B required for Improved",Conduct energy audits to identify areas of inefficiency.; Develop an energy management plan.,Energy audit reports.; Energy management plan document.,26530,2568,647.95,True,False,True
zero_shot,1,00_sample_project,Resource Allocation,RA2.2,Reduce Construction Energy Consumption,,Applicable,,,The project consumes energy during construction.,QA:Likely Yes(Project team has conducted planning reviews to reduce construction energy consum) | QB:Insufficient Data(No data on the extent of construction energy reduction.),A required for Improved,Develop a comprehensive construction energy management plan.; Conduct planning reviews to identify energy reduction strategies.,Construction energy management plan document.; Records of planning reviews and energy reduction strategies implemented.,26530,2568,647.95,True,False,True
zero_shot,1,00_sample_project,Resource Allocation,RA2.3,Use Renewable Energy,,Applicable,,,The project consumes energy during operation.,QA:Insufficient Data(No data on the extent of renewable energy use.),A required for Improved,Research and identify potential sources of renewable energy.; Develop a plan to incorporate renewable energy into the project design.,Reports on potential sources of renewable energy.; Design documents showing incorporation of renewable energy.,26530,2568,647.95,True,False,True
zero_shot,1,00_sample_project,Resource Allocation,RA2.4,Commission and Monitor Energy Systems,,Applicable,,,The project consumes energy during operation.,QA:Likely Yes(Project team has incorporated advanced integrated monitoring systems.) | QB:Insufficient Data(No data on the extent of commissioning and monitoring.),"A, B required for Improved",Develop a comprehensive commissioning plan.; Conduct planning reviews to identify monitoring and verification strategies.,Commissioning plan document.; Records of planning reviews and monitoring and verification strategies implemented.,26530,2568,647.95,True,False,True
zero_shot,1,00_sample_project,Resource Allocation,RA3.1,Preserve Water Resources,,Applicable,,,The project consumes water during operation.,QA:Likely Yes(Project team has conducted a watershed assessment.) | QB:Insufficient Data(No data on the extent of water conservation.),"A, B required for Improved",Conduct a watershed assessment.; Develop a comprehensive water management plan.,Watershed assessment report.; Water management plan document.,26530,2568,647.95,True,False,True
zero_shot,1,00_sample_project,Resource Allocation,RA3.2,Reduce Operational Water Consumption,,Applicable,,,The project consumes water during operation.,QA:Likely Yes(Project team has conducted planning reviews to reduce operational water consumpt) | QB:Insufficient Data(No data on the extent of operational water reduction.),"A, B required for Improved",Develop a comprehensive water conservation plan.; Conduct planning reviews to identify water reduction strategies.,Water conservation plan document.; Records of planning reviews and water reduction strategies implemented.,26530,2568,647.95,True,False,True
zero_shot,1,00_sample_project,Resource Allocation,RA3.3,Reduce Construction Water Consumption,,Applicable,,,The project consumes water during construction.,QA:Likely Yes(Project team has conducted planning reviews to reduce construction water consump) | QB:Insufficient Data(No data on the extent of construction water reduction.),A required for Improved,Develop a comprehensive construction water management plan.; Conduct planning reviews to identify water reduction strategies.,Construction water management plan document.; Records of planning reviews and water reduction strategies implemented.,26530,2568,647.95,True,False,True
zero_shot,1,00_sample_project,Resource Allocation,RA3.4,Monitor Water Systems,,Applicable,,,The project consumes water during operation.,QA:Likely Yes(Project team has incorporated advanced integrated monitoring systems.) | QB:Insufficient Data(No data on the extent of water monitoring.),A required for Improved,Develop a comprehensive water monitoring plan.; Conduct planning reviews to identify monitoring and verification strategies.,Water monitoring plan document.; Records of planning reviews and monitoring and verification strategies implemented.,26530,2568,647.95,True,False,True
zero_shot,2,00_sample_project,Climate And Resilience,CR1.1,Reduce Net Embodied Carbon,,Applicable,No Level,0,,QA:Insufficient Data(No embodied carbon assessment in PDF metadata) | QB:Insufficient Data(No calculation of primary contributors to overall embodied carbon in PDF metadat) | QC:Insufficient Data(No information on reduction of net embodied carbon in PDF metadata),A + B + C required for Improved,Conduct embodied carbon assessment; Calculate primary contributors to overall embodied carbon,Embodied carbon assessment report; Calculation of primary contributors to overall embodied carbon,22526,2651,607.53,True,False,True
zero_shot,2,00_sample_project,Climate And Resilience,CR1.2,Reduce Greenhouse Gas Emissions,,Applicable,No Level,0,,QA:Insufficient Data(No information on reduction of greenhouse gas emissions in PDF metadata) | QB:Insufficient Data(No calculation and reporting of annual greenhouse gas emissions in PDF metadata),A + B required for Improved,Conduct greenhouse gas emissions assessment; Calculate and report annual greenhouse gas emissions,Greenhouse gas emissions assessment report; Calculation and reporting of annual greenhouse gas emissions,22526,2651,607.53,True,False,True
zero_shot,2,00_sample_project,Climate And Resilience,CR1.3,Reduce Air Pollutant Emissions,,Applicable,No Level,0,,QA:Insufficient Data(No information on meeting minimum air quality standards in PDF metadata) | QB:Insufficient Data(No information on reduction of air pollutant emissions in PDF metadata) | QC:Insufficient Data(No information on ongoing monitoring and management of direct air pollutant emis) | QD:Insufficient Data(No assessment of materiality of volatile organic compounds in PDF metadata) | QE:Insufficient Data(No information on removal of existing air pollutant sources in PDF metadata),A + B required for Improved,Conduct air pollutant emissions assessment; Implement strategies to reduce air pollutant emissions,Air pollutant emissions assessment report; Implementation plan for reducing air pollutant emissions,22526,2651,607.53,True,False,True
zero_shot,2,00_sample_project,Climate And Resilience,CR2.1,Avoid Unsuitable Development,,Applicable,No Level,0,,QA:Insufficient Data(No information on identification of potential siting hazards in PDF metadata) | QB:Insufficient Data(No information on consideration of siting and project alternatives in PDF metada) | QC:Insufficient Data(No information on implementation of strategies to mitigate site hazards in PDF m) | QD:Insufficient Data(No information on chosen project and site resulting in lowest exposure to site h) | QE:Insufficient Data(No information on intentional avoidance of known site hazards in PDF metadata) | QF:Insufficient Data(No information on removal or modification of structures subject to frequent dama),A + B required for Improved,Conduct siting hazard assessment; Consider alternative sites and projects,Siting hazard assessment report; Alternative site and project evaluation,22526,2651,607.53,True,False,True
zero_shot,2,00_sample_project,Climate And Resilience,CR2.2,Assess Climate Change Vulnerability,,Applicable,No Level,0,,QA:Insufficient Data(No information on determination of climate change threats in PDF metadata) | QB:Insufficient Data(No information on determination of vulnerability to climate change threats in PD) | QC:Insufficient Data(No information on determination of infrastructure system vulnerability to climat) | QD:Insufficient Data(No information on determination of community vulnerability to climate change thr) | QE:Insufficient Data(No information on sharing of climate threat findings in PDF metadata),A + B required for Improved,Conduct climate change vulnerability assessment; Determine infrastructure system and community vulnerability,Climate change vulnerability assessment report; Infrastructure system and community vulnerability evaluation,22526,2651,607.53,True,False,True
zero_shot,2,00_sample_project,Climate And Resilience,CR2.3,Evaluate Risk and Resilience,,Applicable,No Level,0,,QA:Insufficient Data(No information on risk assessment boundary in PDF metadata) | QB:Insufficient Data(No information on identification of critical functions and dependencies in PDF m) | QC:Insufficient Data(No information on identification of threats or hazards in PDF metadata) | QD:Insufficient Data(No information on identification of vulnerabilities of critical functions and de) | QE:Insufficient Data(No information on evaluation of risks in PDF metadata) | QF:Insufficient Data(No information on participation of owner and stakeholders in risk evaluation in ),A + B + C + D + E required for Conserving,Conduct risk assessment; Identify critical functions and dependencies,Risk assessment report; Critical function and dependency evaluation,22526,2651,607.53,True,False,True
zero_shot,2,00_sample_project,Climate And Resilience,CR2.4,Establish Resilience Goals and Strategies,,Applicable,No Level,0,,QA:Insufficient Data(No information on identification of project performance goals and risk appetite ) | QB:Insufficient Data(No information on development of risk management strategies in PDF metadata) | QC:Insufficient Data(No information on engagement of key stakeholders in developing resilience goals ) | QD:Insufficient Data(No information on incorporation of project into larger community resilience or c),A + B required for Enhanced,Develop risk management strategies; Engage stakeholders in resilience goal development,Risk management strategy report; Stakeholder engagement plan,22526,2651,607.53,True,False,True
zero_shot,2,00_sample_project,Climate And Resilience,CR2.5,Maximize Resilience,,Applicable,No Level,0,,QA:Insufficient Data(No information on development of resilience goals and strategies in PDF metadata) | QB:Insufficient Data(No information on implementation of resilience strategies in PDF metadata) | QC:Insufficient Data(No information on monitoring and review of resilience strategy effectiveness in ) | QD:Insufficient Data(No information on incorporation of resilience goals and strategies into ongoing ) | QE:Insufficient Data(No information on measurement or quantification of resilience performance target),A + B + C + D + E required for Conserving,Develop resilience goals and strategies; Implement resilience strategies,Resilience goal and strategy report; Implementation plan for resilience strategies,22526,2651,607.53,True,False,True
zero_shot,2,00_sample_project,Climate And Resilience,CR2.6,Improve Infrastructure Integration,,Applicable,No Level,0,,QA:Insufficient Data(No information on increase of internal systems integration in PDF metadata) | QB:Insufficient Data(No information on reduction of risk of systemic or cascading failures in PDF met) | QC:Insufficient Data(No information on increase of external systems integration in PDF metadata) | QD:Insufficient Data(No information on integration of infrastructure networks in PDF metadata) | QE:Insufficient Data(No information on integration of data or monitoring systems in PDF metadata),A required for Improved,Conduct infrastructure integration assessment; Develop plan to increase internal and external systems integration,Infrastructure integration assessment report; Plan to increase internal and external systems integration,22526,2651,607.53,True,False,True
zero_shot,2,00_sample_project,Leadership,LD1.1,Provide Effective Leadership and Commitment,,Applicable,Improved,2,,QA:Insufficient Data(No community needs assessment in model) | QB:Insufficient Data(No sustainability management plan in model) | QC:Insufficient Data(No periodic revisit of project sustainability commitments in model) | QD:Insufficient Data(No organizational commitments to sustainability from key team members in model),A + B required for Enhanced,"Begin community engagement to address A, B, D",Community needs assessment report; Sustainability management plan,24260,3249,766.12,True,False,True
zero_shot,2,00_sample_project,Leadership,LD1.2,Foster Collaboration and Teamwork,,Applicable,Improved,2,,"QA:Insufficient Data(No interdisciplinary collaborative kickoff meeting in model) | QB:Insufficient Data(No sustainability performance enhancements from collaboration in model) | QC:Insufficient Data(No regular interdisciplinary and collaborative meetings in model) | QD:Insufficient Data(No inclusion of construction, operations, or maintenance stakeholders in model)",A + B required for Enhanced,Establish interdisciplinary collaborative meetings,Meeting minutes; Collaboration plan,24260,3249,766.12,True,False,True
zero_shot,2,00_sample_project,Leadership,LD1.3,Provide for Stakeholder Involvement,,Applicable,Improved,3,,QA:Insufficient Data(No stakeholder mapping exercise in model) | QB:Insufficient Data(No proactive stakeholder engagement process in model) | QC:Insufficient Data(No lead member of project team involved with stakeholders in model) | QD:Insufficient Data(No stakeholder engagement feedback incorporated into project plans in model) | QE:Insufficient Data(No stakeholder satisfaction assessment in model) | QF:No(Project team has not engaged stakeholders as partners),"A, B required for Enhanced",Conduct stakeholder mapping exercise,Stakeholder engagement plan; Stakeholder feedback report,24260,3249,766.12,True,False,True
zero_shot,2,00_sample_project,Leadership,LD1.4,Pursue Byproduct Synergies,,Applicable,Improved,3,,QA:Insufficient Data(No assessment of excess resources or capacity in model) | QB:Insufficient Data(No identification of byproduct synergy opportunities in model) | QC:Insufficient Data(No pursuit of byproduct synergies in model) | QD:Insufficient Data(No inclusion of byproduct synergy in project in model) | QE:Insufficient Data(No circular economy approach in model),"A, B required for Enhanced",Assess excess resources and capacity,Byproduct synergy assessment report; Circular economy plan,24260,3249,766.12,True,False,True
zero_shot,2,00_sample_project,Leadership,LD2.1,Establish a Sustainability Management Plan,,Applicable,Improved,4,,QA:Insufficient Data(No roles and responsibilities assigned for sustainability in model) | QB:Insufficient Data(No sustainability management plan developed in model) | QC:Insufficient Data(No processes and management controls for sustainability goals in model) | QD:Insufficient Data(No implementation of sustainability management plan in model) | QE:Insufficient Data(No adaptability and flexibility in sustainability management plan in model),"A, B required for Enhanced",Develop sustainability management plan,Sustainability management plan document; Implementation report,24260,3249,766.12,True,False,True
zero_shot,2,00_sample_project,Leadership,LD2.2,Plan for Sustainable Communities,,Applicable,Improved,4,,QA:Insufficient Data(No consideration of sustainability during project selection in model) | QB:Insufficient Data(No alternative analyses conducted on sustainability performance in model) | QC:Insufficient Data(No assessment of project impacts on broader community sustainability in model) | QD:Insufficient Data(No comprehensive sustainable development plan in model) | QE:Insufficient Data(No address of inherently unsustainable conditions in community in model),"A, B required for Enhanced",Conduct alternative analyses on sustainability performance,Sustainable development plan document; Community impact assessment report,24260,3249,766.12,True,False,True
zero_shot,2,00_sample_project,Leadership,LD2.3,Plan for Long-Term Monitoring and Maintenance,,Applicable,Improved,2,,QA:Insufficient Data(No consideration of ongoing operational impacts in model) | QB:Insufficient Data(No comprehensive plan for long-term monitoring and maintenance in model) | QC:Insufficient Data(No communication of monitoring and maintenance plan with operations and maintena) | QD:Insufficient Data(No allocation of sufficient resources for long-term monitoring and maintenance i) | QE:Insufficient Data(No plan to re-evaluate and modify maintenance plan based on monitored data in mo),A required for Enhanced,Develop long-term monitoring and maintenance plan,Monitoring and maintenance plan document; Resource allocation report,24260,3249,766.12,True,False,True
zero_shot,2,00_sample_project,Leadership,LD2.4,Plan for End-of-Life,,Applicable,Improved,2,,"QA:Insufficient Data(No end-of-life plan developed in model) | QB:Insufficient Data(No evaluation of opportunities to extend project's useful life or beneficially r) | QC:Insufficient Data(No assessment of potential social, environmental, and economic end-of-life impac) | QD:Insufficient Data(No evaluation of costs and salvage value of project's deconstruction, decommissi) | QE:Insufficient Data(No proactive engagement of stakeholders in end-of-life planning in model)","A, B required for Enhanced",Develop end-of-life plan,End-of-life plan document; Stakeholder engagement report,24260,3249,766.12,True,False,True
zero_shot,2,00_sample_project,Leadership,LD3.1,Stimulate Economic Prosperity and Development,,Applicable,Improved,3,,"QA:Insufficient Data(No creation of significant number of new jobs during design, construction, and o) | QB:Insufficient Data(No provision of new operating capacity for business, industry, or the public in ) | QC:Insufficient Data(No increase in access, quality, and/or socioeconomic conditions for community in) | QD:Insufficient Data(No improvement of community attractiveness for business, industry, or the public) | QE:Insufficient Data(No stimulation of economic prosperity and further economic development in model)","A, B required for Enhanced",Conduct economic impact assessment,Economic impact assessment report; Community development plan,24260,3249,766.12,True,False,True
zero_shot,2,00_sample_project,Leadership,LD3.2,Develop Local Skills and Capabilities,,Applicable,Improved,2,,"QA:Insufficient Data(No inclusion of training programs for local skill development in model) | QB:Insufficient Data(No identification of skill or capability gaps in local workforce and targeting o) | QC:Insufficient Data(No continuation of training, education, or skill development programs after proj) | QD:Insufficient Data(No targeting of training and skill development programs to economically depresse)",A required for Enhanced,Develop local skills and capabilities plan,Local skills and capabilities plan document; Training program report,24260,3249,766.12,True,False,True
zero_shot,2,00_sample_project,Leadership,LD3.3,Conduct a Life-Cycle Economic Evaluation,,Applicable,Improved,5,,"QA:Insufficient Data(No life-cycle cost analysis conducted to identify financial impacts of whole pro) | QB:Insufficient Data(No use of life-cycle cost analyses to compare alternatives for major project com) | QC:Insufficient Data(No mapping of social, environmental, and financial costs and benefits of project) | QD:Insufficient Data(No conduct of cost-benefit analysis to identify financial, social, and environme) | QE:Insufficient Data(No use of cost-benefit analyses to compare alternatives for major project compon)",A required for Enhanced,Conduct life-cycle economic evaluation,Life-cycle cost analysis report; Cost-benefit analysis report,24260,3249,766.12,True,False,True
zero_shot,2,00_sample_project,Natural World,,,,,,,,,,,,28099,3901,1008.79,False,True,True
zero_shot,2,00_sample_project,Quality Of Life,,,,,,,,,,,,27044,4956,1244.95,False,True,True
zero_shot,2,00_sample_project,Resource Allocation,RA1.1,Support Sustainable Procurement Practices,,Applicable,,,The project includes the use or consumption of physical materials in construction or operation.,QA:Likely Yes(Project team has conducted planning reviews to identify sustainable procurement ) | QB:Insufficient Data(No data on the extent of sustainable procurement programs.),,Develop a comprehensive sustainable procurement plan,Sustainable procurement policy or program documentation,26530,2143,549.41,True,False,True
zero_shot,2,00_sample_project,Resource Allocation,RA1.2,Use Recycled Materials,,Applicable,,,The project includes the use or consumption of physical materials in construction or operation.,QA:Likely Yes(Project team has considered using recycled materials.),,Specify recycled materials in the project specifications,Material takeoffs or bills of quantities showing recycled content,26530,2143,549.41,True,False,True
zero_shot,2,00_sample_project,Resource Allocation,RA1.3,Reduce Operational Waste,,Applicable,,,The project produces operational waste or byproducts.,QA:Likely Yes(Project team has developed a waste management plan.) | QB:Insufficient Data(No data on the extent of operational waste reduction.),,Develop a comprehensive waste management plan,Waste management plan or policy,26530,2143,549.41,True,False,True
zero_shot,2,00_sample_project,Resource Allocation,RA1.4,Reduce Construction Waste,,Applicable,,,The project produces construction waste.,QA:Likely Yes(Project team has conducted planning reviews to reduce construction waste.) | QB:Insufficient Data(No data on the extent of construction waste reduction.),,Develop a comprehensive construction waste management plan,Construction waste management plan or policy,26530,2143,549.41,True,False,True
zero_shot,2,00_sample_project,Resource Allocation,RA1.5,Balance Earthwork On Site,,Applicable,,,The project involves the excavation of qualifying earthwork.,QA:Likely Yes(Project team has designed the project to balance cut and fill.),,Develop an earthwork balancing plan,Earthwork balancing plan or calculations,26530,2143,549.41,True,False,True
zero_shot,2,00_sample_project,Resource Allocation,RA2.1,Reduce Operational Energy Consumption,,Applicable,,,The project consumes energy during operation.,QA:Likely Yes(Project team has determined the estimated annual energy consumption.) | QB:Insufficient Data(No data on the extent of operational energy reduction.),,Conduct an energy consumption analysis,Energy consumption calculations or simulations,26530,2143,549.41,True,False,True
zero_shot,2,00_sample_project,Resource Allocation,RA2.2,Reduce Construction Energy Consumption,,Applicable,,,The project consumes energy during construction.,QA:Likely Yes(Project team has conducted planning reviews to reduce construction energy consum) | QB:Insufficient Data(No data on the extent of construction energy reduction.),,Conduct a construction energy consumption analysis,Construction energy consumption calculations or simulations,26530,2143,549.41,True,False,True
zero_shot,2,00_sample_project,Resource Allocation,RA2.3,Use Renewable Energy,,Applicable,,,The project consumes energy during operation.,QA:Insufficient Data(No data on the extent of renewable energy use.),,Investigate renewable energy options,Renewable energy system design or specifications,26530,2143,549.41,True,False,True
zero_shot,2,00_sample_project,Resource Allocation,RA2.4,Commission and Monitor Energy Systems,,Applicable,,,The project consumes energy during operation.,QA:Likely Yes(Project team has incorporated advanced integrated monitoring systems.) | QB:Insufficient Data(No data on the extent of commissioning and monitoring.),,Develop a commissioning plan,Commissioning plan or monitoring system specifications,26530,2143,549.41,True,False,True
zero_shot,2,00_sample_project,Resource Allocation,RA3.1,Preserve Water Resources,,Applicable,,,The project consumes water or impacts receiving waters.,QA:Likely Yes(Project team has conducted a watershed assessment.) | QB:Insufficient Data(No data on the extent of water conservation.),,Conduct a watershed assessment,Watershed assessment or water conservation plan,26530,2143,549.41,True,False,True
zero_shot,2,00_sample_project,Resource Allocation,RA3.2,Reduce Operational Water Consumption,,Applicable,,,The project consumes water during operation.,QA:Likely Yes(Project team has conducted planning reviews to reduce potable water use.) | QB:Insufficient Data(No data on the extent of operational water reduction.),,Conduct a water consumption analysis,Water consumption calculations or simulations,26530,2143,549.41,True,False,True
zero_shot,2,00_sample_project,Resource Allocation,RA3.3,Reduce Construction Water Consumption,,Applicable,,,The project consumes water during construction.,QA:Likely Yes(Project team has conducted planning reviews to reduce construction water consump) | QB:Insufficient Data(No data on the extent of construction water reduction.),,Conduct a construction water consumption analysis,Construction water consumption calculations or simulations,26530,2143,549.41,True,False,True
zero_shot,2,00_sample_project,Resource Allocation,RA3.4,Monitor Water Systems,,Applicable,,,The project consumes water during operation or includes the conveyance of large quantities of water.,QA:Likely Yes(Project team has incorporated advanced integrated monitoring systems.) | QB:Insufficient Data(No data on the extent of water monitoring.),,Develop a water monitoring plan,Water monitoring system specifications or design,26530,2143,549.41,True,False,True
zero_shot,3,00_sample_project,Climate And Resilience,CR1.1,Reduce Net Embodied Carbon,,Applicable,No Level,0,,QA:Insufficient Data(No embodied carbon assessment in PDF metadata) | QB:Insufficient Data(No calculation of primary contributors to overall embodied carbon in PDF metadat) | QC:Insufficient Data(No information on reduction of net embodied carbon in PDF metadata),"A,B,C required for Improved",Conduct embodied carbon assessment; Calculate primary contributors to overall embodied carbon,Embodied carbon assessment report; Calculation of primary contributors to overall embodied carbon,22526,2644,602.85,True,False,True
zero_shot,3,00_sample_project,Climate And Resilience,CR1.2,Reduce Greenhouse Gas Emissions,,Applicable,No Level,0,,QA:Insufficient Data(No information on reduction of greenhouse gas emissions in PDF metadata) | QB:Insufficient Data(No calculation and reporting of annual greenhouse gas emissions in PDF metadata),"A,B required for Improved",Conduct greenhouse gas emissions assessment; Calculate and report annual greenhouse gas emissions,Greenhouse gas emissions assessment report; Calculation and reporting of annual greenhouse gas emissions,22526,2644,602.85,True,False,True
zero_shot,3,00_sample_project,Climate And Resilience,CR1.3,Reduce Air Pollutant Emissions,,Applicable,No Level,0,,QA:Insufficient Data(No information on meeting minimum air quality standards in PDF metadata) | QB:Insufficient Data(No information on reduction of air pollutant emissions in PDF metadata) | QC:Insufficient Data(No information on ongoing monitoring and management of direct air pollutant emis) | QD:Insufficient Data(No assessment of materiality of volatile organic compounds in PDF metadata) | QE:Insufficient Data(No information on removal of existing air pollutant sources in PDF metadata),"A,B,C required for Enhanced",Conduct air pollutant emissions assessment; Implement strategies to reduce air pollutant emissions,Air pollutant emissions assessment report; Implementation plan for reducing air pollutant emissions,22526,2644,602.85,True,False,True
zero_shot,3,00_sample_project,Climate And Resilience,CR2.1,Avoid Unsuitable Development,,Applicable,No Level,0,,QA:Insufficient Data(No information on identification of potential siting hazards in PDF metadata) | QB:Insufficient Data(No information on consideration of siting and project alternatives in PDF metada) | QC:Insufficient Data(No information on implementation of strategies to mitigate site hazards in PDF m) | QD:Insufficient Data(No information on chosen project and site resulting in lowest exposure to site h) | QE:Insufficient Data(No information on intentional avoidance of known site hazards in PDF metadata) | QF:Insufficient Data(No information on removal or modification of structures subject to frequent dama),A+B required for Improved,Conduct siting hazard assessment; Consider alternative sites and projects,Siting hazard assessment report; Alternative site and project evaluation,22526,2644,602.85,True,False,True
zero_shot,3,00_sample_project,Climate And Resilience,CR2.2,Assess Climate Change Vulnerability,,Applicable,No Level,0,,QA:Insufficient Data(No information on determination of climate change threats in PDF metadata) | QB:Insufficient Data(No information on determination of vulnerability to climate change threats in PD) | QC:Insufficient Data(No information on determination of infrastructure system vulnerability to climat) | QD:Insufficient Data(No information on determination of community vulnerability to climate change thr) | QE:Insufficient Data(No information on sharing of climate threat findings in PDF metadata),A+B required for Improved,Conduct climate change vulnerability assessment; Determine infrastructure system and community vulnerability,Climate change vulnerability assessment report; Infrastructure system and community vulnerability evaluation,22526,2644,602.85,True,False,True
zero_shot,3,00_sample_project,Climate And Resilience,CR2.3,Evaluate Risk and Resilience,,Applicable,No Level,0,,QA:Insufficient Data(No information on risk assessment boundary in PDF metadata) | QB:Insufficient Data(No information on identification of critical functions and dependencies in PDF m) | QC:Insufficient Data(No information on identification of threats or hazards in PDF metadata) | QD:Insufficient Data(No information on identification of vulnerabilities of critical functions and de) | QE:Insufficient Data(No information on evaluation of risks in PDF metadata) | QF:Insufficient Data(No information on participation of owner and stakeholders in risk evaluation in ),A+B+C+D+E required for Superior,Conduct risk assessment; Identify critical functions and dependencies,Risk assessment report; Critical function and dependency evaluation,22526,2644,602.85,True,False,True
zero_shot,3,00_sample_project,Climate And Resilience,CR2.4,Establish Resilience Goals and Strategies,,Applicable,No Level,0,,QA:Insufficient Data(No information on identification of project performance goals and risk appetite ) | QB:Insufficient Data(No information on development of risk management strategies in PDF metadata) | QC:Insufficient Data(No information on engagement of key stakeholders in developing resilience goals ) | QD:Insufficient Data(No information on support for larger community resilience or climate change adap),A+B required for Enhanced,Develop project performance goals and risk appetite; Engage key stakeholders in developing resilience goals,Project performance goals and risk appetite report; Resilience goal development plan,22526,2644,602.85,True,False,True
zero_shot,3,00_sample_project,Climate And Resilience,CR2.5,Maximize Resilience,,Applicable,No Level,0,,QA:Insufficient Data(No information on development of resilience goals and strategies in PDF metadata) | QB:Insufficient Data(No information on implementation of resilience strategies in PDF metadata) | QC:Insufficient Data(No information on monitoring and review of resilience strategy effectiveness in ) | QD:Insufficient Data(No information on incorporation of resilience goals and strategies into ongoing ) | QE:Insufficient Data(No information on measurement or quantification of resilience performance target),A+B+C+D+E required for Conserving,Develop resilience goals and strategies; Implement resilience strategies,Resilience goal and strategy development report; Resilience strategy implementation plan,22526,2644,602.85,True,False,True
zero_shot,3,00_sample_project,Climate And Resilience,CR2.6,Improve Infrastructure Integration,,Applicable,No Level,0,,QA:Insufficient Data(No information on increase of internal systems integration in PDF metadata) | QB:Insufficient Data(No information on reduction of risk of systemic or cascading failures in PDF met) | QC:Insufficient Data(No information on increase of external systems integration in PDF metadata) | QD:Insufficient Data(No information on integration of infrastructure networks in PDF metadata) | QE:Insufficient Data(No information on integration of data or monitoring systems in PDF metadata),A required for Improved,Conduct infrastructure integration assessment; Develop plan to increase internal and external systems integration,Infrastructure integration assessment report; Internal and external systems integration plan,22526,2644,602.85,True,False,True
zero_shot,3,00_sample_project,Leadership,LD1.1,Provide Effective Leadership and Commitment,,Applicable,Improved,2,,QA:Insufficient Data(No community needs assessment in model) | QB:Insufficient Data(No sustainability management plan in model) | QC:Insufficient Data(No periodic revisit of project sustainability commitments in model) | QD:Insufficient Data(No organizational commitments to sustainability from key team members in model),A + B required for Enhanced,"Begin community engagement to address A, B, D",Community needs assessment report; Sustainability management plan,24260,3255,772.83,True,False,True
zero_shot,3,00_sample_project,Leadership,LD1.2,Foster Collaboration and Teamwork,,Applicable,Improved,2,,"QA:Insufficient Data(No interdisciplinary collaborative kickoff meeting in model) | QB:Insufficient Data(No sustainability performance enhancements from collaboration in model) | QC:Insufficient Data(No regular interdisciplinary and collaborative meetings in model) | QD:Insufficient Data(No inclusion of construction, operations, or maintenance stakeholders in model)",A + B required for Enhanced,Establish interdisciplinary collaborative meetings,Meeting minutes; Collaboration plan,24260,3255,772.83,True,False,True
zero_shot,3,00_sample_project,Leadership,LD1.3,Provide for Stakeholder Involvement,,Applicable,Improved,3,,QA:Insufficient Data(No stakeholder mapping exercise in model) | QB:Insufficient Data(No proactive stakeholder engagement process in model) | QC:Insufficient Data(No lead member of project team involved with stakeholders in model) | QD:Insufficient Data(No stakeholder engagement feedback incorporated into project plans in model) | QE:Insufficient Data(No stakeholder satisfaction assessment in model) | QF:No(Project team has not engaged stakeholders as partners),"A, B required for Enhanced",Conduct stakeholder mapping exercise,Stakeholder engagement plan; Stakeholder feedback report,24260,3255,772.83,True,False,True
zero_shot,3,00_sample_project,Leadership,LD1.4,Pursue Byproduct Synergies,,Applicable,Improved,3,,QA:Insufficient Data(No assessment of excess resources or capacity in model) | QB:Insufficient Data(No identification of byproduct synergy opportunities in model) | QC:Insufficient Data(No pursuit of byproduct synergies in model) | QD:Insufficient Data(No inclusion of byproduct synergy in project in model) | QE:Insufficient Data(No circular economy approach in model),"A, B required for Enhanced",Assess excess resources and capacity,Byproduct synergy assessment report; Circular economy plan,24260,3255,772.83,True,False,True
zero_shot,3,00_sample_project,Leadership,LD2.1,Establish a Sustainability Management Plan,,Applicable,Improved,4,,QA:Insufficient Data(No roles and responsibilities assigned for sustainability in model) | QB:Insufficient Data(No sustainability management plan developed in model) | QC:Insufficient Data(No processes and management controls for sustainability goals in model) | QD:Insufficient Data(No implementation of sustainability management plan in model) | QE:Insufficient Data(No adaptability and flexibility in sustainability management plan in model),"A, B required for Enhanced",Develop sustainability management plan,Sustainability management plan document; Implementation report,24260,3255,772.83,True,False,True
zero_shot,3,00_sample_project,Leadership,LD2.2,Plan for Sustainable Communities,,Applicable,Improved,4,,QA:Insufficient Data(No consideration of sustainability during project selection in model) | QB:Insufficient Data(No alternative analyses conducted on sustainability performance in model) | QC:Insufficient Data(No assessment of project impacts on broader community or regional sustainability) | QD:Insufficient Data(No comprehensive sustainable development plan in model) | QE:Insufficient Data(No address of inherently unsustainable conditions in community or region in mode),"A, B required for Enhanced",Conduct alternative analyses on sustainability performance,Sustainability assessment report; Comprehensive sustainable development plan,24260,3255,772.83,True,False,True
zero_shot,3,00_sample_project,Leadership,LD2.3,Plan for Long-Term Monitoring and Maintenance,,Applicable,Improved,2,,QA:Insufficient Data(No consideration of ongoing operational impacts in model) | QB:Insufficient Data(No comprehensive plan for long-term monitoring and maintenance in model) | QC:Insufficient Data(No communication of monitoring and maintenance plan with operations and maintena) | QD:Insufficient Data(No allocation of sufficient resources for long-term monitoring and maintenance i) | QE:Insufficient Data(No plan to re-evaluate and modify maintenance plan based on monitored data in mo),A required for Enhanced,Develop comprehensive plan for long-term monitoring and maintenance,Monitoring and maintenance plan document; Resource allocation report,24260,3255,772.83,True,False,True
zero_shot,3,00_sample_project,Leadership,LD2.4,Plan for End-of-Life,,Applicable,Improved,2,,"QA:Insufficient Data(No end-of-life plan developed in model) | QB:Insufficient Data(No evaluation of opportunities to extend project's useful life or beneficially r) | QC:Insufficient Data(No assessment of potential social, environmental, and economic end-of-life impac) | QD:Insufficient Data(No evaluation of costs and salvage value of project's deconstruction, decommissi) | QE:Insufficient Data(No proactive engagement of stakeholders in end-of-life planning in model)","A, B required for Enhanced",Develop end-of-life plan,End-of-life plan document; Stakeholder engagement report,24260,3255,772.83,True,False,True
zero_shot,3,00_sample_project,Leadership,LD3.1,Stimulate Economic Prosperity and Development,,Applicable,Improved,3,,"QA:Insufficient Data(No creation of significant number of new jobs during design, construction, and o) | QB:Insufficient Data(No provision of new operating capacity for business, industry, or public in mode) | QC:Insufficient Data(No increase in access, quality, or number of choices for infrastructure services) | QD:Insufficient Data(No improvement of community attractiveness for business, industry, or public in ) | QE:Insufficient Data(No stimulation of economic prosperity and further economic development in model)","A, B required for Enhanced",Conduct economic impact assessment,Economic impact report; Job creation plan,24260,3255,772.83,True,False,True
zero_shot,3,00_sample_project,Leadership,LD3.2,Develop Local Skills and Capabilities,,Applicable,Improved,2,,"QA:Insufficient Data(No inclusion of training programs for local skill development in model) | QB:Insufficient Data(No identification of skill or capability gaps in local workforce and targeting o) | QC:Insufficient Data(No continuation of training, education, or skill development programs after proj) | QD:Insufficient Data(No targeting of training and skill development programs to economically depresse)",A required for Enhanced,Develop local skills and capabilities plan,Training program report; Skill gap assessment report,24260,3255,772.83,True,False,True
zero_shot,3,00_sample_project,Leadership,LD3.3,Conduct a Life-Cycle Economic Evaluation,,Applicable,Improved,5,,"QA:Insufficient Data(No life-cycle cost analysis conducted to identify financial impacts of whole pro) | QB:Insufficient Data(No use of life-cycle cost analyses to compare alternatives for major project com) | QC:Insufficient Data(No mapping of social, environmental, and financial costs and benefits of project) | QD:Insufficient Data(No conduct of cost-benefit analysis to identify financial, social, and environme) | QE:Insufficient Data(No use of cost-benefit analyses to compare alternatives for major project compon)",A required for Enhanced,Conduct life-cycle economic evaluation,Life-cycle cost analysis report; Cost-benefit analysis report,24260,3255,772.83,True,False,True
zero_shot,3,00_sample_project,Natural World,,,,,,,,,,,,28099,3901,998.64,False,True,True
zero_shot,3,00_sample_project,Quality Of Life,,,,,,,,,,,,27044,4956,1242.94,False,True,True
zero_shot,3,00_sample_project,Resource Allocation,RA1.1,Support Sustainable Procurement Practices,,Applicable,,,The project includes the use or consumption of physical materials in construction or operation.,QA:Insufficient Data(No sustainable procurement policy or program mentioned in the PDF metadata) | QB:Insufficient Data(No information on the extent of materials meeting sustainable procurement requir),,Develop a sustainable procurement policy or program; Research and identify materials meeting sustainable procurement requirements,Sustainable procurement policy or program document; Material sourcing and procurement records,26530,2666,671.34,True,False,True
zero_shot,3,00_sample_project,Resource Allocation,RA1.2,Use Recycled Materials,,Applicable,,,The project includes the use or consumption of physical materials in construction or operation.,QA:Insufficient Data(No information on recycled material usage),,Research and identify opportunities for using recycled materials; Develop a plan for incorporating recycled materials into the project,Recycled material usage records; Material sourcing and procurement documents,26530,2666,671.34,True,False,True
zero_shot,3,00_sample_project,Resource Allocation,RA1.3,Reduce Operational Waste,,Applicable,,,The project produces operational waste.,QA:Insufficient Data(No waste management plan mentioned in the PDF metadata) | QB:Insufficient Data(No information on waste reduction strategies),,Develop a waste management plan; Research and identify opportunities for reducing operational waste,Waste management plan document; Waste reduction strategy records,26530,2666,671.34,True,False,True
zero_shot,3,00_sample_project,Resource Allocation,RA1.4,Reduce Construction Waste,,Applicable,,,The project produces construction waste.,QA:Insufficient Data(No comprehensive waste management plan mentioned in the PDF metadata) | QB:Insufficient Data(No information on construction waste reduction strategies),,Develop a comprehensive waste management plan; Research and identify opportunities for reducing construction waste,Comprehensive waste management plan document; Construction waste reduction strategy records,26530,2666,671.34,True,False,True
zero_shot,3,00_sample_project,Resource Allocation,RA1.5,Balance Earthwork On Site,,Applicable,,,The project involves the excavation of qualifying earthwork.,QA:Insufficient Data(No information on earthwork balancing),,Develop an earthwork balancing plan; Research and identify opportunities for reducing earthwork movement,Earthwork balancing plan document; Site excavation and fill records,26530,2666,671.34,True,False,True
zero_shot,3,00_sample_project,Resource Allocation,RA2.1,Reduce Operational Energy Consumption,,Applicable,,,The project consumes energy during operation.,QA:Insufficient Data(No estimated annual energy consumption mentioned in the PDF metadata) | QB:Insufficient Data(No information on operational energy reduction strategies),,Estimate annual energy consumption; Research and identify opportunities for reducing operational energy consumption,Energy consumption records; Operational energy reduction strategy documents,26530,2666,671.34,True,False,True
zero_shot,3,00_sample_project,Resource Allocation,RA2.2,Reduce Construction Energy Consumption,,Applicable,,,The project consumes energy during construction.,QA:Insufficient Data(No planning reviews for reducing construction energy consumption mentioned in th) | QB:Insufficient Data(No information on construction energy reduction strategies),,Conduct planning reviews for reducing construction energy consumption; Research and identify opportunities for reducing construction energy consumption,Construction energy consumption records; Construction energy reduction strategy documents,26530,2666,671.34,True,False,True
zero_shot,3,00_sample_project,Resource Allocation,RA2.3,Use Renewable Energy,,Applicable,,,The project consumes energy during operation.,QA:Insufficient Data(No information on renewable energy usage),,Research and identify opportunities for using renewable energy; Develop a plan for incorporating renewable energy into the project,Renewable energy usage records; Renewable energy system documents,26530,2666,671.34,True,False,True
zero_shot,3,00_sample_project,Resource Allocation,RA2.4,Commission and Monitor Energy Systems,,Applicable,,,The project consumes energy during operation.,QA:Insufficient Data(No advanced integrated monitoring systems mentioned in the PDF metadata) | QB:Insufficient Data(No information on commissioning and monitoring of energy systems) | QC:Insufficient Data(No plan for ongoing commissioning mentioned in the PDF metadata),,Develop a plan for advanced integrated monitoring systems; Research and identify opportunities for commissioning and monitoring energy systems,Energy monitoring system documents; Commissioning and monitoring plan records,26530,2666,671.34,True,False,True
zero_shot,3,00_sample_project,Resource Allocation,RA3.1,Preserve Water Resources,,Applicable,,,The project consumes water or impacts receiving waters.,QA:Insufficient Data(No watershed assessment mentioned in the PDF metadata) | QB:Insufficient Data(No estimated water usage and wastewater generation records) | QC:Insufficient Data(No features to minimize negative impacts on water resources mentioned in the PDF) | QD:Insufficient Data(No net-zero impact on fresh surface water and groundwater supplies mentioned in ) | QE:Insufficient Data(No project inclusion in a watershed-level or regional plan mentioned in the PDF ) | QF:Insufficient Data(No direct net-positive improvement to the watershed mentioned in the PDF metadat),,Conduct a watershed assessment; Estimate water usage and wastewater generation; Research and identify opportunities for preserving water resources,Watershed assessment report; Water usage and wastewater generation records; Water conservation feature documents,26530,2666,671.34,True,False,True
zero_shot,3,00_sample_project,Resource Allocation,RA3.2,Reduce Operational Water Consumption,,Applicable,,,The project consumes water during operation.,QA:Insufficient Data(No planning and design reviews for reducing potable water consumption mentioned ) | QB:Insufficient Data(No information on potable water reduction strategies) | QC:Insufficient Data(No information on overall water use reduction strategies) | QD:Insufficient Data(No net-positive impact on water use mentioned in the PDF metadata),,Conduct planning and design reviews for reducing potable water consumption; Research and identify opportunities for reducing operational water consumption,Water consumption records; Potable water reduction strategy documents; Overall water use reduction strategy records,26530,2666,671.34,True,False,True
zero_shot,3,00_sample_project,Resource Allocation,RA3.3,Reduce Construction Water Consumption,,Applicable,,,The project consumes water during construction.,QA:Insufficient Data(No planning reviews for reducing water consumption mentioned in the PDF metadata) | QB:Insufficient Data(No information on water conservation strategies implemented during construction),,Conduct planning reviews for reducing water consumption; Research and identify opportunities for reducing construction water consumption,Construction water consumption records; Water conservation strategy documents,26530,2666,671.34,True,False,True
zero_shot,3,00_sample_project,Resource Allocation,RA3.4,Monitor Water Systems,,Applicable,,,The project consumes water or includes the conveyance of large quantities of water.,QA:Insufficient Data(No advanced integrated monitoring systems mentioned in the PDF metadata) | QB:Insufficient Data(No real-time water monitoring mentioned in the PDF metadata),,Develop a plan for advanced integrated monitoring systems; Research and identify opportunities for real-time water monitoring,Water monitoring system documents; Real-time water monitoring records,26530,2666,671.34,True,False,True
