arm,run,file,category,credit_id,credit_name,max_points,applicability,estimated_level,estimated_points,justification,questions_summary,level_guide_reference,concept_phase_actions,documentation_needed,input_tokens,output_tokens,elapsed_seconds,valid_json,truncated,success
rag,1,00_sample_project,Climate And Resilience,CR2.1,Avoid Unsuitable Development,14,Applicable,No Level,0,,QA:Insufficient Data(No information on site selection process) | QB:Insufficient Data(No environmental impact assessment available),A + B required for Improved,Conduct site selection process with environmental considerations; Perform environmental impact assessment,Site selection report; Environmental impact assessment,17617,1312,302.14,True,False,True
rag,1,00_sample_project,Climate And Resilience,CR2.2,Assess Climate Change Vulnerability,20,Applicable,No Level,0,,QA:Insufficient Data(No climate change vulnerability assessment available) | QB:Insufficient Data(No information on project vulnerabilities to climate change),A + B required for Improved,Conduct climate change vulnerability assessment; Identify project vulnerabilities to climate change,Climate change vulnerability assessment report; Project vulnerability analysis,17617,1312,302.14,True,False,True
rag,1,00_sample_project,Climate And Resilience,CR2.3,Evaluate Risk and Resilience,26,Applicable,No Level,0,,QA:Insufficient Data(No risk assessment available) | QB:Insufficient Data(No information on critical functions and dependencies of infrastructure asset),A + B + C + D + E required for Conserving,Conduct risk assessment; Identify critical functions and dependencies of infrastructure asset,Risk assessment report; Critical functions and dependencies analysis,17617,1312,302.14,True,False,True
rag,1,00_sample_project,Climate And Resilience,CR2.4,Establish Resilience Goals and Strategies,20,Applicable,No Level,0,,QA:Insufficient Data(No information on project performance goals and risk appetite) | QB:Insufficient Data(No risk management strategies available),A + B required for Enhanced,Establish project performance goals and risk appetite; Develop risk management strategies,Project performance goals and risk appetite statement; Risk management strategies report,17617,1312,302.14,True,False,True
rag,1,00_sample_project,Climate And Resilience,CR2.5,Maximize Resilience,26,Applicable,No Level,0,,QA:Insufficient Data(No information on resilience goals and strategies) | QB:Insufficient Data(No implementation of resilience strategies available),A + B + C + D + E required for Conserving,Develop resilience goals and strategies; Implement resilience strategies,Resilience goals and strategies report; Implementation of resilience strategies report,17617,1312,302.14,True,False,True
rag,1,00_sample_project,Climate And Resilience,CR2.6,Improve Infrastructure Integration,18,Applicable,No Level,0,,QA:Insufficient Data(No information on infrastructure integration) | QB:Insufficient Data(No analysis of infrastructure system interdependencies available),A + B required for Improved,Analyze infrastructure integration; Conduct analysis of infrastructure system interdependencies,Infrastructure integration report; Interdependency analysis report,17617,1312,302.14,True,False,True
rag,1,00_sample_project,Leadership,LD1.1,Provide Effective Leadership and Commitment,10,Applicable,Improved,2,"The project has a clear project management and architectural modeling team, indicating the presence of leadership and commitment.",QA:Likely Yes(Project management and architectural modeling team identified) | QB:Insufficient Data,"A + B required for Enhanced, but only A is satisfied",Develop a comprehensive project plan and schedule,Project charter; Stakeholder engagement plan,17191,1983,425.39,True,False,True
rag,1,00_sample_project,Leadership,LD1.2,Foster Collaboration and Teamwork,8,Applicable,Improved,2,"The project involves multiple disciplines, including architectural design, structural design, and MEP design, indicating the need for collaboration and teamwork.",QA:Likely Yes(Multiple disciplines involved in the project) | QB:Insufficient Data,"A + B required for Enhanced, but only A is satisfied",Establish a collaboration plan and schedule regular team meetings,Collaboration plan; Meeting minutes,17191,1983,425.39,True,False,True
rag,1,00_sample_project,Leadership,LD1.3,Encourage Public Outreach and Participation,6,Applicable,No Level,0,"The project may impact the surrounding community, indicating the need for public outreach and participation.",QA:Insufficient Data | QB:Insufficient Data,"A + B required for Improved, but neither is satisfied",Develop a public outreach and participation plan,Public outreach and participation plan; Stakeholder engagement records,17191,1983,425.39,True,False,True
rag,1,00_sample_project,Leadership,LD1.4,Pursue Byproduct Synergies,8,Applicable,No Level,0,"The project may generate byproducts that can be utilized or sold, indicating the potential for byproduct synergies.",QA:Insufficient Data | QB:Insufficient Data,"A + B required for Improved, but neither is satisfied",Identify potential byproducts and develop a plan for their utilization or sale,Byproduct utilization plan; Market analysis,17191,1983,425.39,True,False,True
rag,1,00_sample_project,Leadership,LD2.1,Establish a Sustainability Management Plan,12,Applicable,No Level,0,The project requires a sustainability management plan to ensure effective implementation of sustainability measures.,QA:Insufficient Data | QB:Insufficient Data,"A + B required for Improved, but neither is satisfied",Develop a sustainability management plan,Sustainability management plan; Stakeholder engagement records,17191,1983,425.39,True,False,True
rag,1,00_sample_project,Leadership,LD2.2,Plan for Sustainable Communities,10,Applicable,No Level,0,"The project may impact the surrounding community, indicating the need for planning for sustainable communities.",QA:Insufficient Data | QB:Insufficient Data,"A + B required for Improved, but neither is satisfied",Develop a plan for sustainable communities,Sustainable community plan; Stakeholder engagement records,17191,1983,425.39,True,False,True
rag,1,00_sample_project,Leadership,LD2.3,Conduct a Life-Cycle Economic Evaluation,8,Applicable,No Level,0,The project requires a life-cycle economic evaluation to ensure cost-effectiveness and sustainability.,QA:Insufficient Data | QB:Insufficient Data,"A + B required for Improved, but neither is satisfied",Conduct a life-cycle economic evaluation,Life-cycle economic evaluation report; Cost-benefit analysis,17191,1983,425.39,True,False,True
rag,1,00_sample_project,Leadership,LD3.1,Encourage Sustainable Economic Development,8,Applicable,No Level,0,"The project may impact the local economy, indicating the need for encouraging sustainable economic development.",QA:Insufficient Data | QB:Insufficient Data,"A + B required for Improved, but neither is satisfied",Develop a plan to encourage sustainable economic development,Sustainable economic development plan; Stakeholder engagement records,17191,1983,425.39,True,False,True
rag,1,00_sample_project,Leadership,LD3.2,Support Local and Regional Businesses,6,Applicable,No Level,0,"The project may impact local and regional businesses, indicating the need for support.",QA:Insufficient Data | QB:Insufficient Data,"A + B required for Improved, but neither is satisfied",Develop a plan to support local and regional businesses,Local and regional business support plan; Stakeholder engagement records,17191,1983,425.39,True,False,True
rag,1,00_sample_project,Leadership,LD3.3,Conduct a Life-Cycle Assessment,10,Applicable,No Level,0,The project requires a life-cycle assessment to ensure sustainability and minimize environmental impacts.,QA:Insufficient Data | QB:Insufficient Data,"A + B required for Improved, but neither is satisfied",Conduct a life-cycle assessment,Life-cycle assessment report; Environmental impact analysis,17191,1983,425.39,True,False,True
rag,1,00_sample_project,Natural World,NW1.1,Conserve Natural Areas,14,Applicable,Improved,2,"The project is located in an area with potential natural habitats and ecosystems, as indicated by the presence of a point cloud file (Brownsville.rcp) and site plans.",QA:Insufficient Data(No information on natural areas conservation) | QB:Insufficient Data(No information on habitat restoration or enhancement),A + B required for Enhanced,Conduct site analysis to identify natural areas; Develop conservation plan,Site analysis report; Conservation plan,17916,1347,304.75,True,False,True
rag,1,00_sample_project,Natural World,NW1.2,Provide Wetland and Surface Water Buffers,10,Applicable,Improved,1,"The project is located near a floodplain, as indicated by the site plans and GIS coordinates.",QA:Insufficient Data(No information on wetland or surface water buffers) | QB:Insufficient Data(No information on buffer zone maintenance),A + B required for Enhanced,Conduct wetland and surface water assessment; Develop buffer zone plan,Wetland and surface water assessment report; Buffer zone plan,17916,1347,304.75,True,False,True
rag,1,00_sample_project,Natural World,NW2.2,Manage Stormwater,24,Applicable,Improved,2,"The project is located in an area with potential stormwater runoff, as indicated by the site plans and GIS coordinates.",QA:Insufficient Data(No information on stormwater management) | QB:Insufficient Data(No information on rate or quantity of runoff),A + B required for Enhanced,Conduct stormwater assessment; Develop stormwater management plan,Stormwater assessment report; Stormwater management plan,17916,1347,304.75,True,False,True
rag,1,00_sample_project,Natural World,NW2.4,Protect Surface and Groundwater Quality,14,Applicable,Improved,1,"The project is located in an area with potential surface and groundwater resources, as indicated by the site plans and GIS coordinates.",QA:Insufficient Data(No information on surface and groundwater protection) | QB:Insufficient Data(No information on pollution prevention measures),A + B required for Enhanced,Conduct surface and groundwater assessment; Develop protection plan,Surface and groundwater assessment report; Protection plan,17916,1347,304.75,True,False,True
rag,1,00_sample_project,Natural World,NW3.3,Maintain Floodplain Functions,14,Applicable,Improved,1,"The project is located in a floodplain, as indicated by the site plans and GIS coordinates.",QA:Insufficient Data(No information on floodplain functions) | QB:Insufficient Data(No information on vegetated zones preservation),A + B required for Enhanced,Conduct floodplain assessment; Develop preservation plan,Floodplain assessment report; Preservation plan,17916,1347,304.75,True,False,True
rag,1,00_sample_project,Natural World,NW3.5,Protect Soil Health,10,Applicable,Improved,1,"The project involves earthwork and soil disturbance, as indicated by the site plans and construction documents.",QA:Insufficient Data(No information on soil health protection) | QB:Insufficient Data(No information on erosion control measures),A + B required for Enhanced,Conduct soil health assessment; Develop protection plan,Soil health assessment report; Protection plan,17916,1347,304.75,True,False,True
rag,1,00_sample_project,Quality Of Life,QL1.1,Improve Community Quality of Life,26,Applicable,Improved,5,"The project is a mixed-use development with residential, commercial, and community spaces, indicating potential for community quality of life impacts.",QA:Likely Yes(Project includes live/work units and community spaces.) | QB:Insufficient Data(Lack of information on community engagement and feedback mechanisms.) | QC:Likely Yes(Project incorporates green spaces and outdoor areas.) | QD:Insufficient Data(Lack of information on accessibility features and universal design principles.),A + B,Conduct community outreach and engagement to inform project design.; Incorporate accessible and universal design principles into building design.,Community engagement records; Accessibility features and universal design principles documentation,17220,2930,622.03,True,False,True
rag,1,00_sample_project,Quality Of Life,QL1.2,Enhance Public Health & Safety,20,Applicable,Improved,7,"The project includes residential and commercial spaces, indicating potential public health and safety impacts.",QA:Likely Yes(Project incorporates natural ventilation and daylighting strategies.) | QB:Insufficient Data(Lack of information on indoor air quality monitoring and maintenance protocols.) | QC:Likely Yes(Project includes emergency response plan and fire suppression systems.),A + B,Develop indoor air quality monitoring and maintenance protocols.; Incorporate public health and safety considerations into project design.,Indoor air quality monitoring and maintenance protocols; Public health and safety considerations documentation,17220,2930,622.03,True,False,True
rag,1,00_sample_project,Quality Of Life,QL1.3,Improve Construction Safety,14,Applicable,Improved,5,"The project involves construction activities, indicating potential construction safety impacts.",QA:Likely Yes(Project includes construction safety plan and training programs.) | QB:Insufficient Data(Lack of information on site-specific hazard assessments and mitigation strategie),A + B,Conduct site-specific hazard assessments and develop mitigation strategies.; Incorporate construction safety considerations into project design.,Construction safety plan and training programs; Site-specific hazard assessments and mitigation strategies documentation,17220,2930,622.03,True,False,True
rag,1,00_sample_project,Quality Of Life,QL1.4,Minimize Noise & Vibration,12,Applicable,Improved,3,"The project includes residential and commercial spaces, indicating potential noise and vibration impacts.",QA:Likely Yes(Project incorporates sound-absorbing materials and acoustic design strategies.) | QB:Insufficient Data(Lack of information on vibration mitigation measures and monitoring protocols.),A + B,Develop vibration mitigation measures and monitoring protocols.; Incorporate noise and vibration considerations into project design.,Sound-absorbing materials and acoustic design strategies documentation; Vibration mitigation measures and monitoring protocols,17220,2930,622.03,True,False,True
rag,1,00_sample_project,Quality Of Life,QL1.5,Minimize Light Pollution,12,Applicable,Improved,3,"The project includes exterior lighting, indicating potential light pollution impacts.",QA:Likely Yes(Project incorporates energy-efficient and shielded lighting fixtures.) | QB:Insufficient Data(Lack of information on lighting controls and scheduling protocols.),A + B,Develop lighting controls and scheduling protocols.; Incorporate light pollution considerations into project design.,Energy-efficient and shielded lighting fixtures documentation; Lighting controls and scheduling protocols,17220,2930,622.03,True,False,True
rag,1,00_sample_project,Quality Of Life,QL1.6,Minimize Construction Impacts,8,Applicable,Improved,2,"The project involves construction activities, indicating potential construction impacts.",QA:Likely Yes(Project includes construction waste management plan and recycling programs.) | QB:Insufficient Data(Lack of information on site-specific construction impact assessments and mitigat),A + B,Conduct site-specific construction impact assessments and develop mitigation strategies.; Incorporate construction impact considerations into project design.,Construction waste management plan and recycling programs; Site-specific construction impact assessments and mitigation strategies documentation,17220,2930,622.03,True,False,True
rag,1,00_sample_project,Quality Of Life,QL2.1,Improve Community Mobility,14,Applicable,Improved,7,"The project includes residential and commercial spaces, indicating potential community mobility impacts.",QA:Likely Yes(Project incorporates pedestrian-friendly design and accessible transportation op) | QB:Insufficient Data(Lack of information on public transportation access and bikeability features.),A + B,Develop public transportation access and bikeability features.; Incorporate community mobility considerations into project design.,Pedestrian-friendly design and accessible transportation options documentation; Public transportation access and bikeability features,17220,2930,622.03,True,False,True
rag,1,00_sample_project,Quality Of Life,QL2.2,Encourage Sustainable Transportation,16,Applicable,Improved,5,"The project includes parking and transportation infrastructure, indicating potential sustainable transportation impacts.",QA:Likely Yes(Project incorporates electric vehicle charging stations and car-sharing programs) | QB:Insufficient Data(Lack of information on alternative transportation modes and incentives for susta),A + B,Develop alternative transportation modes and incentives for sustainable transportation.; Incorporate sustainable transportation considerations into project design.,Electric vehicle charging stations and car-sharing programs documentation; Alternative transportation modes and incentives for sustainable transportation,17220,2930,622.03,True,False,True
rag,1,00_sample_project,Quality Of Life,QL2.3,Improve Access & Wayfinding,14,Applicable,Improved,9,"The project includes public spaces and navigation systems, indicating potential access and wayfinding impacts.",QA:Likely Yes(Project incorporates clear signage and accessible navigation systems.) | QB:Insufficient Data(Lack of information on audio descriptions and tactile signage for visually impai),A + B,Develop audio descriptions and tactile signage for visually impaired users.; Incorporate access and wayfinding considerations into project design.,Clear signage and accessible navigation systems documentation; Audio descriptions and tactile signage for visually impaired users,17220,2930,622.03,True,False,True
rag,1,00_sample_project,Quality Of Life,QL3.1,Advance Equity & Social Justice,18,Applicable,Improved,6,"The project includes community spaces and social programs, indicating potential equity and social justice impacts.",QA:Likely Yes(Project incorporates community engagement and participatory design processes.) | QB:Insufficient Data(Lack of information on social impact assessments and mitigation strategies.),A + B,Conduct social impact assessments and develop mitigation strategies.; Incorporate equity and social justice considerations into project design.,Community engagement and participatory design processes documentation; Social impact assessments and mitigation strategies,17220,2930,622.03,True,False,True
rag,1,00_sample_project,Quality Of Life,QL3.2,Preserve Historic & Cultural Resources,18,Applicable,Improved,2,"The project includes historic and cultural resources, indicating potential preservation impacts.",QA:Likely Yes(Project incorporates historic preservation and cultural resource management plan) | QB:Insufficient Data(Lack of information on community outreach and engagement with stakeholders.),A + B,Develop community outreach and engagement strategies with stakeholders.; Incorporate historic preservation and cultural resource management considerations into project design.,Historic preservation and cultural resource management plans; Community outreach and engagement strategies with stakeholders,17220,2930,622.03,True,False,True
rag,1,00_sample_project,Quality Of Life,QL3.3,Enhance Views & Local Character,14,Applicable,Improved,3,"The project includes public spaces and views, indicating potential view and local character impacts.",QA:Likely Yes(Project incorporates view preservation and enhancement strategies.) | QB:Insufficient Data(Lack of information on local character assessments and mitigation strategies.),A + B,Conduct local character assessments and develop mitigation strategies.; Incorporate view preservation and enhancement considerations into project design.,View preservation and enhancement strategies documentation; Local character assessments and mitigation strategies,17220,2930,622.03,True,False,True
rag,1,00_sample_project,Resource Allocation,RA1.1,Reduce Materials Use,12,Applicable,No Level,0,,QA:Insufficient Data(No material takeoff or bill of quantities in the model) | QB:Insufficient Data(No information on recycled content or sustainable materials),A + B required for Improved,Develop a material takeoff and bill of quantities; Research sustainable materials and recycled content options,Material takeoff and bill of quantities; Sustainable materials and recycled content research,17210,2644,565.04,True,False,True
rag,1,00_sample_project,Resource Allocation,RA1.2,Use Recycled Materials,10,Applicable,No Level,0,,QA:Insufficient Data(No information on recycled materials used in the project) | QB:Insufficient Data(No documentation of recycled material quantities),A + B required for Improved,Research recycled material options; Develop a plan for incorporating recycled materials into the project,Recycled material research; Plan for incorporating recycled materials,17210,2644,565.04,True,False,True
rag,1,00_sample_project,Resource Allocation,RA1.3,Reduce Operational Waste,8,Applicable,No Level,0,,QA:Insufficient Data(No information on operational waste reduction strategies) | QB:Insufficient Data(No documentation of waste reduction goals or targets),A + B required for Improved,Develop a plan for reducing operational waste; Research waste reduction strategies and technologies,Operational waste reduction plan; Waste reduction goals or targets,17210,2644,565.04,True,False,True
rag,1,00_sample_project,Resource Allocation,RA1.4,Reduce Construction Waste,10,Applicable,No Level,0,,QA:Insufficient Data(No information on construction waste reduction strategies) | QB:Insufficient Data(No documentation of waste reduction goals or targets),A + B required for Improved,Develop a plan for reducing construction waste; Research waste reduction strategies and technologies,Construction waste reduction plan; Waste reduction goals or targets,17210,2644,565.04,True,False,True
rag,1,00_sample_project,Resource Allocation,RA1.5,Balance Earthwork On Site,6,Applicable,No Level,0,,QA:Insufficient Data(No information on earthwork balancing strategies) | QB:Insufficient Data(No documentation of earthwork balancing goals or targets),A + B required for Improved,Develop a plan for balancing earthwork on site; Research earthwork balancing strategies and technologies,Earthwork balancing plan; Earthwork balancing goals or targets,17210,2644,565.04,True,False,True
rag,1,00_sample_project,Resource Allocation,RA2.1,Reduce Operational Energy Consumption,20,Applicable,No Level,0,,QA:Insufficient Data(No information on operational energy consumption reduction strategies) | QB:Insufficient Data(No documentation of energy reduction goals or targets),A + B required for Improved,Develop a plan for reducing operational energy consumption; Research energy reduction strategies and technologies,Operational energy consumption reduction plan; Energy reduction goals or targets,17210,2644,565.04,True,False,True
rag,1,00_sample_project,Resource Allocation,RA2.2,Reduce Construction Energy Consumption,12,Applicable,No Level,0,,QA:Insufficient Data(No information on construction energy consumption reduction strategies) | QB:Insufficient Data(No documentation of energy reduction goals or targets),A + B required for Improved,Develop a plan for reducing construction energy consumption; Research energy reduction strategies and technologies,Construction energy consumption reduction plan; Energy reduction goals or targets,17210,2644,565.04,True,False,True
rag,1,00_sample_project,Resource Allocation,RA2.3,Use Renewable Energy,10,Applicable,No Level,0,,QA:Insufficient Data(No information on renewable energy sources) | QB:Insufficient Data(No documentation of renewable energy goals or targets),A + B required for Improved,Research renewable energy sources; Develop a plan for incorporating renewable energy into the project,Renewable energy research; Plan for incorporating renewable energy,17210,2644,565.04,True,False,True
rag,1,00_sample_project,Resource Allocation,RA2.4,Commission and Monitor Energy Systems,8,Applicable,No Level,0,,QA:Insufficient Data(No information on energy system commissioning and monitoring) | QB:Insufficient Data(No documentation of energy system performance goals or targets),A + B required for Improved,Develop a plan for commissioning and monitoring energy systems; Research energy system performance metrics,Energy system commissioning and monitoring plan; Energy system performance goals or targets,17210,2644,565.04,True,False,True
rag,1,00_sample_project,Resource Allocation,RA3.1,Preserve Water Resources,14,Applicable,No Level,0,,QA:Insufficient Data(No information on water conservation strategies) | QB:Insufficient Data(No documentation of water reduction goals or targets),A + B required for Improved,Develop a plan for preserving water resources; Research water conservation strategies and technologies,Water preservation plan; Water reduction goals or targets,17210,2644,565.04,True,False,True
rag,1,00_sample_project,Resource Allocation,RA3.2,Reduce Operational Water Consumption,12,Applicable,No Level,0,,QA:Insufficient Data(No information on operational water consumption reduction strategies) | QB:Insufficient Data(No documentation of water reduction goals or targets),A + B required for Improved,Develop a plan for reducing operational water consumption; Research water reduction strategies and technologies,Operational water consumption reduction plan; Water reduction goals or targets,17210,2644,565.04,True,False,True
rag,1,00_sample_project,Resource Allocation,RA3.3,Reduce Construction Water Consumption,10,Applicable,No Level,0,,QA:Insufficient Data(No information on construction water consumption reduction strategies) | QB:Insufficient Data(No documentation of water reduction goals or targets),A + B required for Improved,Develop a plan for reducing construction water consumption; Research water reduction strategies and technologies,Construction water consumption reduction plan; Water reduction goals or targets,17210,2644,565.04,True,False,True
rag,1,00_sample_project,Resource Allocation,RA3.4,Monitor Water Systems,8,Applicable,No Level,0,,QA:Insufficient Data(No information on water system monitoring) | QB:Insufficient Data(No documentation of water system performance goals or targets),A + B required for Improved,Develop a plan for monitoring water systems; Research water system performance metrics,Water system monitoring plan; Water system performance goals or targets,17210,2644,565.04,True,False,True
rag,2,00_sample_project,Climate And Resilience,CR2.1,Avoid Unsuitable Development,14,Applicable,No Level,0,,QA:Insufficient Data(No information on site selection process) | QB:Insufficient Data(No environmental impact assessment available),A + B required for Improved,Conduct site selection process with environmental considerations; Perform environmental impact assessment,Site selection report; Environmental impact assessment,17617,1181,271.72,True,False,True
rag,2,00_sample_project,Climate And Resilience,CR2.2,Assess Climate Change Vulnerability,20,Applicable,Improved,8,,"QA:Likely Yes(Project location in Brownsville, PA, suggests potential climate change impacts) | QB:Insufficient Data(No climate change vulnerability assessment available)",A + B required for Improved,Conduct climate change vulnerability assessment,Climate change vulnerability assessment report,17617,1181,271.72,True,False,True
rag,2,00_sample_project,Climate And Resilience,CR2.3,Evaluate Risk and Resilience,26,Applicable,No Level,0,,QA:Insufficient Data(No risk assessment available) | QB:Insufficient Data(No critical functions and dependencies identified),A + B + C + D + E required for Conserving,Conduct risk assessment; Identify critical functions and dependencies,Risk assessment report; Critical functions and dependencies documentation,17617,1181,271.72,True,False,True
rag,2,00_sample_project,Climate And Resilience,CR2.4,Establish Resilience Goals and Strategies,20,Applicable,No Level,0,,QA:Insufficient Data(No project performance goals available) | QB:Insufficient Data(No risk management strategies developed),A + B required for Enhanced,Develop project performance goals; Establish risk management strategies,Project performance goals document; Risk management strategies report,17617,1181,271.72,True,False,True
rag,2,00_sample_project,Climate And Resilience,CR2.5,Maximize Resilience,26,Applicable,No Level,0,,QA:Insufficient Data(No resilience goals and strategies developed) | QB:Insufficient Data(No implementation of resilience strategies),A + B + C + D + E required for Conserving,Develop resilience goals and strategies; Implement resilience strategies,Resilience goals and strategies document; Implementation plan for resilience strategies,17617,1181,271.72,True,False,True
rag,2,00_sample_project,Climate And Resilience,CR2.6,Improve Infrastructure Integration,18,Applicable,No Level,0,,QA:Insufficient Data(No infrastructure integration assessment available) | QB:Insufficient Data(No beneficial integration of multiple infrastructure systems identified),A + B required for Improved,Conduct infrastructure integration assessment; Identify beneficial integration opportunities,Infrastructure integration assessment report; Beneficial integration opportunities documentation,17617,1181,271.72,True,False,True
rag,2,00_sample_project,Leadership,LD1.1,Provide Effective Leadership and Commitment,10,Applicable,Improved,2,,"QA:Likely Yes(Project team includes multiple stakeholders (Cartesian Inverse, PA; Etienne Oise) | QB:Insufficient Data(No information on sustainability goals or targets)",A + B required for Enhanced,Develop and document sustainability goals and targets,Sustainability management plan; Stakeholder engagement records,17191,2013,436.0,True,False,True
rag,2,00_sample_project,Leadership,LD1.2,Foster Collaboration and Teamwork,8,Applicable,Improved,2,,"QA:Likely Yes(Multiple stakeholders involved in project team (Cartesian Inverse, PA; Etienne O) | QB:Insufficient Data(No information on collaboration or communication among team members)",A + B required for Enhanced,Establish communication plan and collaboration tools,Meeting minutes; Communication plan,17191,2013,436.0,True,False,True
rag,2,00_sample_project,Leadership,LD1.3,Encourage Public Engagement and Participation,8,Applicable,No Level,0,,QA:Insufficient Data(No information on public engagement or participation) | QB:Insufficient Data(No information on community outreach or education),A + B required for Improved,Develop public engagement plan; Establish community outreach and education program,Public engagement plan; Community outreach records,17191,2013,436.0,True,False,True
rag,2,00_sample_project,Leadership,LD1.4,Pursue Byproduct Synergies,10,Applicable,No Level,0,,QA:Insufficient Data(No information on byproduct synergies or waste reduction) | QB:Insufficient Data(No information on material reuse or recycling),A + B required for Improved,Investigate byproduct synergies and waste reduction opportunities; Develop plan for material reuse and recycling,Waste reduction plan; Material reuse and recycling records,17191,2013,436.0,True,False,True
rag,2,00_sample_project,Leadership,LD2.1,Establish a Sustainability Management Plan,14,Applicable,No Level,0,,QA:Insufficient Data(No information on sustainability management plan) | QB:Insufficient Data(No information on monitoring and reporting),A + B required for Improved,Develop sustainability management plan; Establish monitoring and reporting protocols,Sustainability management plan; Monitoring and reporting records,17191,2013,436.0,True,False,True
rag,2,00_sample_project,Leadership,LD2.2,Plan for Sustainable Communities,12,Applicable,No Level,0,,QA:Insufficient Data(No information on community planning or development) | QB:Insufficient Data(No information on social and economic benefits),A + B required for Improved,Develop community plan; Investigate social and economic benefits,Community plan; Social and economic benefit analysis,17191,2013,436.0,True,False,True
rag,2,00_sample_project,Leadership,LD2.3,Conduct a Life-Cycle Economic Evaluation,10,Applicable,No Level,0,,QA:Insufficient Data(No information on life-cycle economic evaluation) | QB:Insufficient Data(No information on cost-benefit analysis),A + B required for Improved,Conduct life-cycle economic evaluation; Perform cost-benefit analysis,Life-cycle economic evaluation report; Cost-benefit analysis records,17191,2013,436.0,True,False,True
rag,2,00_sample_project,Leadership,LD3.1,Develop a Comprehensive Cost Plan,12,Applicable,No Level,0,,QA:Insufficient Data(No information on comprehensive cost plan) | QB:Insufficient Data(No information on cost estimation and management),A + B required for Improved,Develop comprehensive cost plan; Establish cost estimation and management protocols,Comprehensive cost plan; Cost estimation and management records,17191,2013,436.0,True,False,True
rag,2,00_sample_project,Leadership,LD3.2,Implement a Value Engineering Process,8,Applicable,No Level,0,,QA:Insufficient Data(No information on value engineering process) | QB:Insufficient Data(No information on cost savings or efficiency gains),A + B required for Improved,Implement value engineering process; Investigate cost savings and efficiency gains,Value engineering plan; Cost savings and efficiency gain records,17191,2013,436.0,True,False,True
rag,2,00_sample_project,Leadership,LD3.3,Conduct a Life-Cycle Assessment,14,Applicable,No Level,0,,QA:Insufficient Data(No information on life-cycle assessment) | QB:Insufficient Data(No information on environmental impacts or social benefits),A + B required for Improved,Conduct life-cycle assessment; Investigate environmental impacts and social benefits,Life-cycle assessment report; Environmental impact and social benefit analysis,17191,2013,436.0,True,False,True
rag,2,00_sample_project,Natural World,NW1.1,Conserve Natural Areas,14,APPLICABLE,No Level,0,"The project is located in an area with potential natural habitats, and the credit's intent is to conserve these areas.",QA:Insufficient Data(No information on natural area conservation) | QB:Insufficient Data(No information on habitat restoration),A + B required for Improved,Conduct natural area assessment; Develop conservation plan,Natural area assessment report; Conservation plan,17916,1444,323.65,True,False,True
rag,2,00_sample_project,Natural World,NW1.2,Provide Wetland and Surface Water Buffers,10,APPLICABLE,No Level,0,"The project is located near a water body, and the credit's intent is to provide buffers for wetlands and surface waters.",QA:Insufficient Data(No information on buffer zones) | QB:Insufficient Data(No information on water quality monitoring),A + B required for Improved,Conduct wetland and surface water assessment; Develop buffer zone plan,Wetland and surface water assessment report; Buffer zone plan,17916,1444,323.65,True,False,True
rag,2,00_sample_project,Natural World,NW2.2,Manage Stormwater,24,APPLICABLE,No Level,0,"The project will impact stormwater runoff, and the credit's intent is to manage it.",QA:Insufficient Data(No information on stormwater management plan) | QB:Insufficient Data(No information on rate or quantity of runoff),A + B required for Improved,Develop stormwater management plan; Conduct rate and quantity analysis,Stormwater management plan; Rate and quantity analysis report,17916,1444,323.65,True,False,True
rag,2,00_sample_project,Natural World,NW2.4,Protect Surface and Groundwater Quality,14,APPLICABLE,No Level,0,"The project may impact surface and groundwater quality, and the credit's intent is to protect it.",QA:Insufficient Data(No information on water quality monitoring) | QB:Insufficient Data(No information on pollution prevention measures),A + B required for Improved,Conduct water quality monitoring; Develop pollution prevention plan,Water quality monitoring report; Pollution prevention plan,17916,1444,323.65,True,False,True
rag,2,00_sample_project,Natural World,NW3.3,Maintain Floodplain Functions,14,APPLICABLE,No Level,0,"The project is located in a floodplain, and the credit's intent is to maintain its functions.",QA:Insufficient Data(No information on floodplain assessment) | QB:Insufficient Data(No information on vegetated zone preservation),A + B required for Improved,Conduct floodplain assessment; Develop vegetated zone preservation plan,Floodplain assessment report; Vegetated zone preservation plan,17916,1444,323.65,True,False,True
rag,2,00_sample_project,Natural World,NW3.5,Protect Soil Health,10,APPLICABLE,No Level,0,"The project may impact soil health, and the credit's intent is to protect it.",QA:Insufficient Data(No information on soil assessment) | QB:Insufficient Data(No information on erosion control measures),A + B required for Improved,Conduct soil assessment; Develop erosion control plan,Soil assessment report; Erosion control plan,17916,1444,323.65,True,False,True
rag,2,00_sample_project,Quality Of Life,QL1.1,Improve Community Quality of Life,26,Applicable,Improved,2,"The project is a mixed-use development with residential, commercial, and community spaces, indicating potential for community quality of life improvements.",QA:Likely Yes(Project includes live/work units and community spaces.) | QB:Insufficient Data(Lack of information on community engagement and feedback mechanisms.),A + B required for Enhanced,Engage with local stakeholders to understand community needs and priorities.,Community engagement records; Stakeholder feedback mechanisms,17220,2524,535.64,True,False,True
rag,2,00_sample_project,Quality Of Life,QL1.2,Enhance Public Health & Safety,20,Applicable,Improved,2,"The project includes residential and commercial spaces, which can impact public health and safety.",QA:Likely Yes(Project includes fire resistive walls and emergency evacuation plans.) | QB:Insufficient Data(Lack of information on indoor air quality and ventilation systems.),A + B required for Enhanced,Investigate indoor air quality and ventilation system options.,Indoor air quality assessment; Ventilation system design,17220,2524,535.64,True,False,True
rag,2,00_sample_project,Quality Of Life,QL1.3,Improve Construction Safety,14,Applicable,Improved,2,The project involves construction activities that can impact worker safety.,QA:Likely Yes(Project includes safety protocols and emergency response plans.) | QB:Insufficient Data(Lack of information on worker training programs.),A + B required for Enhanced,Develop worker training programs and safety protocols.,Worker training program records; Safety protocol documents,17220,2524,535.64,True,False,True
rag,2,00_sample_project,Quality Of Life,QL1.4,Minimize Noise & Vibration,12,Applicable,Improved,1,The project includes residential and commercial spaces that can be impacted by noise and vibration.,QA:Likely Yes(Project includes soundproofing measures and vibration-reducing materials.) | QB:Insufficient Data(Lack of information on noise and vibration monitoring.),A + B required for Enhanced,Investigate noise and vibration monitoring options.,Noise and vibration monitoring reports; Soundproofing and vibration-reducing material specifications,17220,2524,535.64,True,False,True
rag,2,00_sample_project,Quality Of Life,QL1.5,Minimize Light Pollution,12,Applicable,Improved,1,The project includes exterior lighting that can contribute to light pollution.,QA:Likely Yes(Project includes energy-efficient lighting and shielding measures.) | QB:Insufficient Data(Lack of information on lighting design and controls.),A + B required for Enhanced,Investigate lighting design and control options.,Lighting design and control specifications; Energy-efficient lighting product information,17220,2524,535.64,True,False,True
rag,2,00_sample_project,Quality Of Life,QL1.6,Minimize Construction Impacts,8,Applicable,Improved,1,The project involves construction activities that can impact the surrounding environment.,QA:Likely Yes(Project includes erosion control measures and waste management plans.) | QB:Insufficient Data(Lack of information on construction sequencing and scheduling.),A + B required for Enhanced,Develop construction sequencing and scheduling plans.,Construction sequencing and scheduling documents; Erosion control and waste management plans,17220,2524,535.64,True,False,True
rag,2,00_sample_project,Quality Of Life,QL2.1,Improve Community Mobility,14,Applicable,Improved,1,The project includes residential and commercial spaces that can impact community mobility.,QA:Likely Yes(Project includes pedestrian-friendly design and public transportation access.) | QB:Insufficient Data(Lack of information on bikeability and walkability features.),A + B required for Enhanced,Investigate bikeability and walkability feature options.,Bikeability and walkability feature designs; Public transportation access information,17220,2524,535.64,True,False,True
rag,2,00_sample_project,Quality Of Life,QL2.2,Encourage Sustainable Transportation,16,Applicable,Improved,5,The project includes parking and transportation infrastructure that can impact sustainable transportation.,QA:Likely Yes(Project includes electric vehicle charging stations and carpooling incentives.) | QB:Insufficient Data(Lack of information on alternative transportation options.),A + B required for Enhanced,Investigate alternative transportation options.,Alternative transportation option designs; Electric vehicle charging station and carpooling incentive information,17220,2524,535.64,True,False,True
rag,2,00_sample_project,Quality Of Life,QL2.3,Improve Access & Wayfinding,14,Applicable,Improved,1,The project includes public spaces and navigation systems that can impact access and wayfinding.,QA:Likely Yes(Project includes clear signage and accessible pathways.) | QB:Insufficient Data(Lack of information on wayfinding technology integration.),A + B required for Enhanced,Investigate wayfinding technology integration options.,Wayfinding technology integration designs; Clear signage and accessible pathway information,17220,2524,535.64,True,False,True
rag,2,00_sample_project,Quality Of Life,QL3.1,Advance Equity & Social Justice,18,Applicable,Improved,3,The project includes community spaces and social programs that can impact equity and social justice.,QA:Likely Yes(Project includes community engagement and outreach programs.) | QB:Insufficient Data(Lack of information on social justice initiatives.),A + B required for Enhanced,Investigate social justice initiative options.,Social justice initiative designs; Community engagement and outreach program information,17220,2524,535.64,True,False,True
rag,2,00_sample_project,Quality Of Life,QL3.2,Preserve Historic & Cultural Resources,18,Not Applicable,,0,The project does not involve historic or cultural resource preservation.,,,,,17220,2524,535.64,True,False,True
rag,2,00_sample_project,Quality Of Life,QL3.3,Enhance Views & Local Character,14,Applicable,Improved,1,The project includes public spaces and architectural design that can impact views and local character.,QA:Likely Yes(Project includes contextual design and view preservation measures.) | QB:Insufficient Data(Lack of information on local character integration.),A + B required for Enhanced,Investigate local character integration options.,Local character integration designs; Contextual design and view preservation information,17220,2524,535.64,True,False,True
rag,2,00_sample_project,Resource Allocation,RA1.1,Reduce Embodied Carbon in Materials,20,Applicable,No Level,0,,QA:Insufficient Data(No material takeoff or embodied carbon analysis provided) | QB:Insufficient Data(No information on recycled content or sustainable materials),A + B required for Improved,Conduct material takeoff and embodied carbon analysis; Research sustainable materials and recycled content options,Material takeoff report; Embodied carbon analysis; Sustainable materials research,17210,2650,563.7,True,False,True
rag,2,00_sample_project,Resource Allocation,RA1.2,Use Recycled Materials,12,Applicable,No Level,0,,QA:Insufficient Data(No information on recycled materials used) | QB:Insufficient Data(No documentation on recycling rates or material sourcing),A + B required for Improved,Research recycled material options; Develop recycling plan and tracking system,Recycled materials report; Recycling plan and tracking documentation,17210,2650,563.7,True,False,True
rag,2,00_sample_project,Resource Allocation,RA1.3,Reduce Operational Waste,10,Applicable,No Level,0,,QA:Insufficient Data(No information on operational waste reduction strategies) | QB:Insufficient Data(No documentation on waste management plan or recycling programs),A + B required for Improved,Develop operational waste reduction strategy; Research waste management and recycling options,Operational waste reduction plan; Waste management and recycling documentation,17210,2650,563.7,True,False,True
rag,2,00_sample_project,Resource Allocation,RA1.4,Reduce Construction Waste,8,Applicable,No Level,0,,QA:Insufficient Data(No information on construction waste reduction strategies) | QB:Insufficient Data(No documentation on construction waste management plan or recycling programs),A + B required for Improved,Develop construction waste reduction strategy; Research construction waste management and recycling options,Construction waste reduction plan; Construction waste management and recycling documentation,17210,2650,563.7,True,False,True
rag,2,00_sample_project,Resource Allocation,RA1.5,Balance Earthwork On Site,6,Applicable,No Level,0,,QA:Insufficient Data(No information on earthwork balancing strategies) | QB:Insufficient Data(No documentation on earthwork management plan or soil conservation measures),A + B required for Improved,Develop earthwork balancing strategy; Research earthwork management and soil conservation options,Earthwork balancing plan; Earthwork management and soil conservation documentation,17210,2650,563.7,True,False,True
rag,2,00_sample_project,Resource Allocation,RA2.1,Reduce Operational Energy Consumption,20,Applicable,No Level,0,,QA:Insufficient Data(No information on operational energy reduction strategies) | QB:Insufficient Data(No documentation on energy management plan or renewable energy systems),A + B required for Improved,Develop operational energy reduction strategy; Research energy management and renewable energy options,Operational energy reduction plan; Energy management and renewable energy documentation,17210,2650,563.7,True,False,True
rag,2,00_sample_project,Resource Allocation,RA2.2,Reduce Construction Energy Consumption,12,Applicable,No Level,0,,QA:Insufficient Data(No information on construction energy reduction strategies) | QB:Insufficient Data(No documentation on construction energy management plan or fuel-efficient equipm),A + B required for Improved,Develop construction energy reduction strategy; Research construction energy management and fuel-efficient equipment options,Construction energy reduction plan; Construction energy management and fuel-efficient equipment documentation,17210,2650,563.7,True,False,True
rag,2,00_sample_project,Resource Allocation,RA2.3,Use Renewable Energy,10,Applicable,No Level,0,,QA:Insufficient Data(No information on renewable energy systems) | QB:Insufficient Data(No documentation on renewable energy implementation plan or maintenance schedule),A + B required for Improved,Research renewable energy options; Develop renewable energy implementation plan,Renewable energy report; Renewable energy implementation plan and maintenance schedule,17210,2650,563.7,True,False,True
rag,2,00_sample_project,Resource Allocation,RA2.4,Commission and Monitor Energy Systems,8,Applicable,No Level,0,,QA:Insufficient Data(No information on energy system commissioning or monitoring) | QB:Insufficient Data(No documentation on energy system maintenance schedule or performance metrics),A + B required for Improved,Develop energy system commissioning plan; Research energy monitoring and maintenance options,Energy system commissioning report; Energy monitoring and maintenance documentation,17210,2650,563.7,True,False,True
rag,2,00_sample_project,Resource Allocation,RA3.1,Preserve Water Resources,14,Applicable,No Level,0,,QA:Insufficient Data(No information on water conservation strategies) | QB:Insufficient Data(No documentation on water management plan or efficient fixtures),A + B required for Improved,Develop water conservation strategy; Research water-efficient fixtures and appliances,Water conservation plan; Water management documentation and efficient fixture specifications,17210,2650,563.7,True,False,True
rag,2,00_sample_project,Resource Allocation,RA3.2,Reduce Operational Water Consumption,12,Applicable,No Level,0,,QA:Insufficient Data(No information on operational water reduction strategies) | QB:Insufficient Data(No documentation on water-efficient systems or rainwater harvesting),A + B required for Improved,Develop operational water reduction strategy; Research water-efficient systems and rainwater harvesting options,Operational water reduction plan; Water-efficient system documentation and rainwater harvesting design,17210,2650,563.7,True,False,True
rag,2,00_sample_project,Resource Allocation,RA3.3,Reduce Construction Water Consumption,10,Applicable,No Level,0,,QA:Insufficient Data(No information on construction water reduction strategies) | QB:Insufficient Data(No documentation on construction water management plan or efficient practices),A + B required for Improved,Develop construction water reduction strategy; Research construction water management and efficient practice options,Construction water reduction plan; Construction water management documentation and efficient practice guidelines,17210,2650,563.7,True,False,True
rag,2,00_sample_project,Resource Allocation,RA3.4,Monitor Water Systems,8,Applicable,No Level,0,,QA:Insufficient Data(No information on water system monitoring or metering) | QB:Insufficient Data(No documentation on water system maintenance schedule or performance metrics),A + B required for Improved,Develop water system monitoring plan; Research water metering and maintenance options,Water system monitoring report; Water metering and maintenance documentation,17210,2650,563.7,True,False,True
rag,3,00_sample_project,Climate And Resilience,CR2.1,Avoid Unsuitable Development,14,Applicable,No Level,0,,QA:Insufficient Data(No information on site selection process) | QB:Insufficient Data(No environmental impact assessment available),A + B required for Improved,Conduct site selection process with environmental considerations; Perform environmental impact assessment,Site selection report; Environmental impact assessment,17617,1586,349.79,True,False,True
rag,3,00_sample_project,Climate And Resilience,CR2.2,Assess Climate Change Vulnerability,20,Applicable,No Level,0,,QA:Insufficient Data(No climate change vulnerability assessment available) | QB:Insufficient Data(No information on project vulnerabilities) | QC:Insufficient Data(No information on infrastructure system vulnerabilities) | QD:Insufficient Data(No information on community vulnerabilities) | QE:Insufficient Data(No information on shared climate threat findings),A + B required for Improved,Conduct climate change vulnerability assessment; Identify project and infrastructure system vulnerabilities,Climate change vulnerability assessment report; Vulnerability identification documentation,17617,1586,349.79,True,False,True
rag,3,00_sample_project,Climate And Resilience,CR2.3,Evaluate Risk and Resilience,26,Applicable,No Level,0,,QA:Insufficient Data(No risk assessment available) | QB:Insufficient Data(No information on critical functions and dependencies) | QC:Insufficient Data(No information on threats or hazards) | QD:Insufficient Data(No information on vulnerabilities of critical functions and dependencies) | QE:Insufficient Data(No risk evaluation available) | QF:Insufficient Data(No information on stakeholder participation in risk evaluation),A + B + C + D + E required for Improved,Conduct risk assessment; Identify critical functions and dependencies,Risk assessment report; Critical functions and dependencies documentation,17617,1586,349.79,True,False,True
rag,3,00_sample_project,Climate And Resilience,CR2.4,Establish Resilience Goals and Strategies,20,Applicable,No Level,0,,QA:Insufficient Data(No project performance goals available) | QB:Insufficient Data(No risk management strategies available) | QC:Insufficient Data(No information on stakeholder engagement in resilience goal development) | QD:Insufficient Data(No information on community resilience or climate change adaptation goals),A + B required for Enhanced,Develop project performance goals; Establish risk management strategies,Project performance goals documentation; Risk management strategies documentation,17617,1586,349.79,True,False,True
rag,3,00_sample_project,Climate And Resilience,CR2.5,Maximize Resilience,26,Applicable,No Level,0,,QA:Insufficient Data(No resilience goals and strategies available) | QB:Insufficient Data(No information on implementation of resilience strategies) | QC:Insufficient Data(No information on monitoring and review of resilience strategies) | QD:Insufficient Data(No information on incorporation of resilience goals into operations and maintena) | QE:Insufficient Data(No information on methods for measuring resilience performance),A + B required for Improved,Develop resilience goals and strategies; Implement resilience strategies,Resilience goals and strategies documentation; Implementation of resilience strategies documentation,17617,1586,349.79,True,False,True
rag,3,00_sample_project,Climate And Resilience,CR2.6,Improve Infrastructure Integration,18,Applicable,No Level,0,,QA:Insufficient Data(No information on infrastructure system integration) | QB:Insufficient Data(No information on beneficial integration of multiple infrastructure systems),A + B required for Improved,Investigate infrastructure system integration opportunities; Develop plans for beneficial integration of multiple infrastructure systems,Infrastructure system integration report; Beneficial integration plan,17617,1586,349.79,True,False,True
rag,3,00_sample_project,Leadership,LD1.1,Provide Effective Leadership and Commitment,10,Applicable,Improved,2,"The project has a clear project management and architectural modeling team, indicating the presence of leadership and commitment.",QA:Likely Yes(Project management and architectural modeling team identified) | QB:Insufficient Data,"A + B required for Enhanced, but only A is satisfied",Develop a comprehensive project plan and schedule,Project charter; Stakeholder engagement plan,17191,1992,429.17,True,False,True
rag,3,00_sample_project,Leadership,LD1.2,Foster Collaboration and Teamwork,8,Applicable,Improved,2,"The project involves multiple disciplines, including architectural design, structural design, and MEP design, indicating the need for collaboration and teamwork.",QA:Likely Yes(Multiple disciplines involved in the project) | QB:Insufficient Data,"A + B required for Enhanced, but only A is satisfied",Establish a collaboration plan and schedule regular team meetings,Collaboration plan; Meeting minutes,17191,1992,429.17,True,False,True
rag,3,00_sample_project,Leadership,LD1.3,Encourage Public Outreach and Participation,6,Applicable,No Level,0,"The project may impact the surrounding community, indicating the need for public outreach and participation.",QA:Insufficient Data | QB:Insufficient Data,"A + B required for Improved, but neither is satisfied",Develop a public outreach and participation plan,Public outreach and participation plan; Stakeholder engagement records,17191,1992,429.17,True,False,True
rag,3,00_sample_project,Leadership,LD1.4,Pursue Byproduct Synergies,8,Applicable,No Level,0,"The project may generate byproducts that can be utilized or sold, indicating the potential for byproduct synergies.",QA:Insufficient Data | QB:Insufficient Data,"A + B required for Improved, but neither is satisfied",Identify potential byproducts and explore utilization or sales opportunities,Byproduct utilization plan; Market analysis,17191,1992,429.17,True,False,True
rag,3,00_sample_project,Leadership,LD2.1,Establish a Sustainability Management Plan,12,Applicable,Improved,4,The project requires a sustainability management plan to ensure effective implementation of sustainability measures.,QA:Likely Yes(Project management and architectural modeling team identified) | QB:Insufficient Data,"A + B required for Enhanced, but only A is satisfied",Develop a comprehensive sustainability management plan,Sustainability management plan; Stakeholder engagement records,17191,1992,429.17,True,False,True
rag,3,00_sample_project,Leadership,LD2.2,Plan for Sustainable Communities,10,Applicable,No Level,0,"The project may impact the surrounding community, indicating the need for planning for sustainable communities.",QA:Insufficient Data | QB:Insufficient Data,"A + B required for Improved, but neither is satisfied",Develop a plan for sustainable communities,Sustainable community plan; Stakeholder engagement records,17191,1992,429.17,True,False,True
rag,3,00_sample_project,Leadership,LD2.3,Conduct a Life-Cycle Economic Evaluation,12,Applicable,No Level,0,The project requires a life-cycle economic evaluation to ensure cost-effectiveness and sustainability.,QA:Insufficient Data | QB:Insufficient Data,"A + B required for Improved, but neither is satisfied",Conduct a life-cycle economic evaluation,Life-cycle economic evaluation report; Cost-benefit analysis,17191,1992,429.17,True,False,True
rag,3,00_sample_project,Leadership,LD3.1,Develop a Comprehensive Cost-Benefit Analysis,10,Applicable,No Level,0,The project requires a comprehensive cost-benefit analysis to ensure effective decision-making.,QA:Insufficient Data | QB:Insufficient Data,"A + B required for Improved, but neither is satisfied",Develop a comprehensive cost-benefit analysis,Cost-benefit analysis report; Stakeholder engagement records,17191,1992,429.17,True,False,True
rag,3,00_sample_project,Leadership,LD3.2,Evaluate the Impact of the Project on the Local Economy,8,Applicable,No Level,0,"The project may impact the local economy, indicating the need for evaluation.",QA:Insufficient Data | QB:Insufficient Data,"A + B required for Improved, but neither is satisfied",Evaluate the impact of the project on the local economy,Economic impact assessment report; Stakeholder engagement records,17191,1992,429.17,True,False,True
rag,3,00_sample_project,Leadership,LD3.3,Conduct a Life-Cycle Assessment,12,Applicable,No Level,0,The project requires a life-cycle assessment to ensure sustainability and minimize environmental impacts.,QA:Insufficient Data | QB:Insufficient Data,"A + B required for Improved, but neither is satisfied",Conduct a life-cycle assessment,Life-cycle assessment report; Environmental impact assessment,17191,1992,429.17,True,False,True
rag,3,00_sample_project,Natural World,NW1.1,Conserve Natural Areas,14,Applicable,Improved,2,"The project is located in an area with potential natural habitats and ecosystems, as indicated by the mention of 'natural/vegetated zones' in the PDF metadata.",QA:Insufficient Data(No information on natural areas conservation) | QB:Insufficient Data(No information on habitat restoration or enhancement),A + B required for Improved,Conduct natural areas assessment to identify potential conservation opportunities,Natural areas assessment report; Habitat restoration or enhancement plan,17916,1381,317.66,True,False,True
rag,3,00_sample_project,Natural World,NW1.2,Provide Wetland and Surface Water Buffers,10,Applicable,Improved,1,"The project is located near a water body, as indicated by the mention of 'stormwater management' in the PDF metadata.",QA:Insufficient Data(No information on wetland or surface water buffers) | QB:Insufficient Data(No information on buffer zone maintenance or monitoring),A + B required for Improved,Conduct wetland and surface water assessment to identify potential buffer zones,Wetland and surface water assessment report; Buffer zone maintenance or monitoring plan,17916,1381,317.66,True,False,True
rag,3,00_sample_project,Natural World,NW2.2,Manage Stormwater,24,Applicable,Improved,2,"The project involves stormwater management, as indicated by the mention of 'stormwater' in the PDF metadata.",QA:Likely Yes(Stormwater management mentioned in PDF metadata) | QB:Insufficient Data(No information on stormwater management plan or implementation),A + B required for Improved,Develop stormwater management plan,Stormwater management plan; Implementation details,17916,1381,317.66,True,False,True
rag,3,00_sample_project,Natural World,NW2.4,Protect Surface and Groundwater Quality,14,Applicable,Improved,1,"The project is located near a water body, as indicated by the mention of 'stormwater management' in the PDF metadata.",QA:Insufficient Data(No information on surface and groundwater quality protection) | QB:Insufficient Data(No information on pollution prevention or mitigation measures),A + B required for Improved,Conduct surface and groundwater quality assessment to identify potential protection opportunities,Surface and groundwater quality assessment report; Pollution prevention or mitigation plan,17916,1381,317.66,True,False,True
rag,3,00_sample_project,Natural World,NW3.3,Maintain Floodplain Functions,14,Applicable,Improved,1,"The project is located in a floodplain, as indicated by the mention of 'floodplain' in the PDF metadata.",QA:Likely Yes(Floodplain mentioned in PDF metadata) | QB:Insufficient Data(No information on floodplain function maintenance or restoration),A + B required for Improved,Conduct floodplain assessment to identify potential function maintenance or restoration opportunities,Floodplain assessment report; Function maintenance or restoration plan,17916,1381,317.66,True,False,True
rag,3,00_sample_project,Natural World,NW3.5,Protect Soil Health,10,Applicable,Improved,1,"The project involves soil disturbance, as indicated by the mention of 'site plan' in the PDF metadata.",QA:Insufficient Data(No information on soil health protection) | QB:Insufficient Data(No information on soil erosion prevention or mitigation measures),A + B required for Improved,Conduct soil health assessment to identify potential protection opportunities,Soil health assessment report; Erosion prevention or mitigation plan,17916,1381,317.66,True,False,True
rag,3,00_sample_project,Quality Of Life,QL1.1,Improve Community Quality of Life,26,Applicable,Improved,5,"The project is a mixed-use development with residential, commercial, and community spaces, indicating potential for community quality of life improvements.",QA:Likely Yes(Project includes live/work units and community spaces.) | QB:Insufficient Data(Lack of information on community engagement and feedback mechanisms.) | QC:Likely Yes(Project incorporates green spaces and outdoor areas.) | QD:Insufficient Data(Lack of information on accessibility features and universal design principles.),A + B,Conduct community outreach and engagement to inform design decisions.; Incorporate accessible and universal design principles into the project.,Community engagement and feedback records.; Accessibility and universal design plans.,17220,2926,625.01,True,False,True
rag,3,00_sample_project,Quality Of Life,QL1.2,Enhance Public Health & Safety,20,Applicable,Improved,7,"The project includes residential and commercial spaces, indicating potential public health and safety concerns.",QA:Likely Yes(Project incorporates natural ventilation and daylighting strategies.) | QB:Insufficient Data(Lack of information on indoor air quality monitoring and maintenance protocols.) | QC:Likely Yes(Project includes emergency response plans and evacuation routes.),A + B,Develop indoor air quality monitoring and maintenance protocols.; Conduct regular safety inspections and training for occupants.,Indoor air quality monitoring and maintenance records.; Safety inspection and training records.,17220,2926,625.01,True,False,True
rag,3,00_sample_project,Quality Of Life,QL1.3,Improve Construction Safety,14,Applicable,Improved,5,"The project involves construction activities, indicating potential construction safety concerns.",QA:Likely Yes(Project includes a construction safety plan and regular site inspections.) | QB:Insufficient Data(Lack of information on worker training programs and personal protective equipmen),A + B,Develop worker training programs and PPE usage protocols.; Conduct regular site inspections and safety audits.,Construction safety plan and inspection records.; Worker training and PPE usage records.,17220,2926,625.01,True,False,True
rag,3,00_sample_project,Quality Of Life,QL1.4,Minimize Noise & Vibration,12,Applicable,Improved,3,"The project includes residential and commercial spaces, indicating potential noise and vibration concerns.",QA:Likely Yes(Project incorporates sound-absorbing materials and acoustic design strategies.) | QB:Insufficient Data(Lack of information on vibration mitigation measures and noise monitoring protoc),A + B,Develop vibration mitigation measures and noise monitoring protocols.; Incorporate sound-absorbing materials and acoustic design strategies into the project.,Vibration mitigation and noise monitoring records.; Acoustic design and sound-absorbing material specifications.,17220,2926,625.01,True,False,True
rag,3,00_sample_project,Quality Of Life,QL1.5,Minimize Light Pollution,12,Applicable,Improved,3,"The project includes exterior lighting, indicating potential light pollution concerns.",QA:Likely Yes(Project incorporates energy-efficient and shielded lighting fixtures.) | QB:Insufficient Data(Lack of information on lighting controls and scheduling protocols.),A + B,Develop lighting controls and scheduling protocols.; Incorporate energy-efficient and shielded lighting fixtures into the project.,Lighting control and scheduling records.; Energy-efficient and shielded lighting fixture specifications.,17220,2926,625.01,True,False,True
rag,3,00_sample_project,Quality Of Life,QL1.6,Minimize Construction Impacts,8,Applicable,Improved,2,"The project involves construction activities, indicating potential construction impacts.",QA:Likely Yes(Project includes a construction management plan and regular site inspections.) | QB:Insufficient Data(Lack of information on waste reduction and recycling protocols.),A + B,Develop waste reduction and recycling protocols.; Conduct regular site inspections and construction management audits.,Construction management plan and inspection records.; Waste reduction and recycling records.,17220,2926,625.01,True,False,True
rag,3,00_sample_project,Quality Of Life,QL2.1,Improve Community Mobility,14,Applicable,Improved,7,"The project includes residential and commercial spaces, indicating potential community mobility concerns.",QA:Likely Yes(Project incorporates pedestrian-friendly design strategies and accessible transp) | QB:Insufficient Data(Lack of information on public transportation access and bikeability features.),A + B,Develop public transportation access and bikeability features.; Incorporate pedestrian-friendly design strategies into the project.,Public transportation access and bikeability records.; Pedestrian-friendly design strategy documents.,17220,2926,625.01,True,False,True
rag,3,00_sample_project,Quality Of Life,QL2.2,Encourage Sustainable Transportation,16,Applicable,Improved,5,"The project includes parking and transportation infrastructure, indicating potential sustainable transportation concerns.",QA:Likely Yes(Project incorporates electric vehicle charging stations and carpooling incentive) | QB:Insufficient Data(Lack of information on alternative transportation options and transportation dem),A + B,Develop alternative transportation options and transportation demand management strategies.; Incorporate electric vehicle charging stations and carpooling incentives into the project.,Alternative transportation option records.; Transportation demand management strategy documents.,17220,2926,625.01,True,False,True
rag,3,00_sample_project,Quality Of Life,QL2.3,Improve Access & Wayfinding,14,Applicable,Improved,9,"The project includes public spaces and navigation systems, indicating potential access and wayfinding concerns.",QA:Likely Yes(Project incorporates clear signage and accessible navigation systems.) | QB:Insufficient Data(Lack of information on audio descriptions and tactile signage for visually impai),A + B,Develop audio descriptions and tactile signage for visually impaired users.; Incorporate clear signage and accessible navigation systems into the project.,Audio description and tactile signage records.; Clear signage and navigation system documents.,17220,2926,625.01,True,False,True
rag,3,00_sample_project,Quality Of Life,QL3.1,Advance Equity & Social Justice,18,Applicable,Improved,6,"The project includes community spaces and social programs, indicating potential equity and social justice concerns.",QA:Likely Yes(Project incorporates community engagement and participatory design processes.) | QB:Insufficient Data(Lack of information on affordable housing options and social services.),A + B,Develop affordable housing options and social services.; Incorporate community engagement and participatory design processes into the project.,Affordable housing option records.; Social service documents.,17220,2926,625.01,True,False,True
rag,3,00_sample_project,Quality Of Life,QL3.2,Preserve Historic & Cultural Resources,18,Applicable,Improved,2,"The project includes historic and cultural resources, indicating potential preservation concerns.",QA:Likely Yes(Project incorporates historic preservation strategies and cultural resource mana) | QB:Insufficient Data(Lack of information on community outreach and education programs.),A + B,Develop community outreach and education programs.; Incorporate historic preservation strategies and cultural resource management plans into the project.,Community outreach and education program records.; Historic preservation strategy documents.,17220,2926,625.01,True,False,True
rag,3,00_sample_project,Quality Of Life,QL3.3,Enhance Views & Local Character,14,Applicable,Improved,3,"The project includes public spaces and views, indicating potential view and local character concerns.",QA:Likely Yes(Project incorporates view preservation strategies and local character design ele) | QB:Insufficient Data(Lack of information on community engagement and feedback mechanisms.),A + B,Develop community engagement and feedback mechanisms.; Incorporate view preservation strategies and local character design elements into the project.,Community engagement and feedback records.; View preservation strategy documents.,17220,2926,625.01,True,False,True
rag,3,00_sample_project,Resource Allocation,RA1.1,Reduce Materials Use,12,Applicable,No Level,0,,QA:Insufficient Data(No material takeoff or bill of quantities in the model) | QB:Insufficient Data(No information on recycled content or sustainable materials),A + B required for Improved,Develop a material takeoff and bill of quantities; Research sustainable materials and recycled content options,Material takeoff and bill of quantities; Sustainable materials and recycled content research,17210,2632,565.6,True,False,True
rag,3,00_sample_project,Resource Allocation,RA1.2,Use Recycled Materials,10,Applicable,No Level,0,,QA:Insufficient Data(No information on recycled materials used in the project) | QB:Insufficient Data(No documentation of recycled material quantities),A + B required for Improved,Research recycled material options; Develop a plan for incorporating recycled materials into the project,Recycled material research; Plan for incorporating recycled materials,17210,2632,565.6,True,False,True
rag,3,00_sample_project,Resource Allocation,RA1.3,Reduce Operational Waste,8,Applicable,No Level,0,,QA:Insufficient Data(No information on operational waste reduction strategies) | QB:Insufficient Data(No documentation of waste reduction goals or targets),A + B required for Improved,Research operational waste reduction strategies; Develop a plan for reducing operational waste,Operational waste reduction research; Plan for reducing operational waste,17210,2632,565.6,True,False,True
rag,3,00_sample_project,Resource Allocation,RA1.4,Reduce Construction Waste,10,Applicable,No Level,0,,QA:Insufficient Data(No information on construction waste reduction strategies) | QB:Insufficient Data(No documentation of waste reduction goals or targets),A + B required for Improved,Research construction waste reduction strategies; Develop a plan for reducing construction waste,Construction waste reduction research; Plan for reducing construction waste,17210,2632,565.6,True,False,True
rag,3,00_sample_project,Resource Allocation,RA1.5,Balance Earthwork On Site,6,Applicable,No Level,0,,QA:Insufficient Data(No information on earthwork balancing strategies) | QB:Insufficient Data(No documentation of earthwork balancing goals or targets),A + B required for Improved,Research earthwork balancing strategies; Develop a plan for balancing earthwork on site,Earthwork balancing research; Plan for balancing earthwork,17210,2632,565.6,True,False,True
rag,3,00_sample_project,Resource Allocation,RA2.1,Reduce Operational Energy Consumption,20,Applicable,No Level,0,,QA:Insufficient Data(No information on operational energy reduction strategies) | QB:Insufficient Data(No documentation of energy reduction goals or targets),A + B required for Improved,Research operational energy reduction strategies; Develop a plan for reducing operational energy consumption,Operational energy reduction research; Plan for reducing operational energy consumption,17210,2632,565.6,True,False,True
rag,3,00_sample_project,Resource Allocation,RA2.2,Reduce Construction Energy Consumption,12,Applicable,No Level,0,,QA:Insufficient Data(No information on construction energy reduction strategies) | QB:Insufficient Data(No documentation of energy reduction goals or targets),A + B required for Improved,Research construction energy reduction strategies; Develop a plan for reducing construction energy consumption,Construction energy reduction research; Plan for reducing construction energy consumption,17210,2632,565.6,True,False,True
rag,3,00_sample_project,Resource Allocation,RA2.3,Use Renewable Energy,10,Applicable,No Level,0,,QA:Insufficient Data(No information on renewable energy sources) | QB:Insufficient Data(No documentation of renewable energy goals or targets),A + B required for Improved,Research renewable energy sources; Develop a plan for incorporating renewable energy into the project,Renewable energy research; Plan for incorporating renewable energy,17210,2632,565.6,True,False,True
rag,3,00_sample_project,Resource Allocation,RA2.4,Commission and Monitor Energy Systems,8,Applicable,No Level,0,,QA:Insufficient Data(No information on energy system commissioning or monitoring) | QB:Insufficient Data(No documentation of energy system performance goals or targets),A + B required for Improved,Research energy system commissioning and monitoring strategies; Develop a plan for commissioning and monitoring energy systems,Energy system commissioning and monitoring research; Plan for commissioning and monitoring energy systems,17210,2632,565.6,True,False,True
rag,3,00_sample_project,Resource Allocation,RA3.1,Preserve Water Resources,14,Applicable,No Level,0,,QA:Insufficient Data(No information on water conservation strategies) | QB:Insufficient Data(No documentation of water conservation goals or targets),A + B required for Improved,Research water conservation strategies; Develop a plan for preserving water resources,Water conservation research; Plan for preserving water resources,17210,2632,565.6,True,False,True
rag,3,00_sample_project,Resource Allocation,RA3.2,Reduce Operational Water Consumption,12,Applicable,No Level,0,,QA:Insufficient Data(No information on operational water reduction strategies) | QB:Insufficient Data(No documentation of water reduction goals or targets),A + B required for Improved,Research operational water reduction strategies; Develop a plan for reducing operational water consumption,Operational water reduction research; Plan for reducing operational water consumption,17210,2632,565.6,True,False,True
rag,3,00_sample_project,Resource Allocation,RA3.3,Reduce Construction Water Consumption,10,Applicable,No Level,0,,QA:Insufficient Data(No information on construction water reduction strategies) | QB:Insufficient Data(No documentation of water reduction goals or targets),A + B required for Improved,Research construction water reduction strategies; Develop a plan for reducing construction water consumption,Construction water reduction research; Plan for reducing construction water consumption,17210,2632,565.6,True,False,True
rag,3,00_sample_project,Resource Allocation,RA3.4,Monitor Water Systems,8,Applicable,No Level,0,,QA:Insufficient Data(No information on water system monitoring strategies) | QB:Insufficient Data(No documentation of water system performance goals or targets),A + B required for Improved,Research water system monitoring strategies; Develop a plan for monitoring water systems,Water system monitoring research; Plan for monitoring water systems,17210,2632,565.6,True,False,True
zero_shot,1,00_sample_project,Climate And Resilience,CR1.1,Reduce Net Embodied Carbon,,Applicable,No Level,0,,QA:Insufficient Data(No embodied carbon assessment in PDF metadata) | QB:Insufficient Data(No calculation of primary contributors to overall embodied carbon in PDF metadat) | QC:Insufficient Data(No information on reduction of net embodied carbon in PDF metadata),"A,B,C required for Improved",Conduct embodied carbon assessment; Calculate primary contributors to overall embodied carbon,Embodied carbon assessment report; Calculation of primary contributors to overall embodied carbon,22526,2621,711.93,True,False,True
zero_shot,1,00_sample_project,Climate And Resilience,CR1.2,Reduce Greenhouse Gas Emissions,,Applicable,No Level,0,,QA:Insufficient Data(No information on reduction of greenhouse gas emissions in PDF metadata) | QB:Insufficient Data(No calculation and reporting of annual greenhouse gas emissions in PDF metadata),"A,B required for Improved",Conduct greenhouse gas emissions assessment; Calculate and report annual greenhouse gas emissions,Greenhouse gas emissions assessment report; Calculation and reporting of annual greenhouse gas emissions,22526,2621,711.93,True,False,True
zero_shot,1,00_sample_project,Climate And Resilience,CR1.3,Reduce Air Pollutant Emissions,,Applicable,No Level,0,,QA:Insufficient Data(No information on meeting minimum air quality standards in PDF metadata) | QB:Insufficient Data(No information on reduction of air pollutant emissions in PDF metadata) | QC:Insufficient Data(No information on ongoing monitoring and management of direct air pollutant emis) | QD:Insufficient Data(No assessment of materiality of volatile organic compounds in PDF metadata) | QE:Insufficient Data(No information on removal of existing air pollutant sources in PDF metadata),"A,B,C required for Enhanced",Conduct air pollutant emissions assessment; Implement strategies to reduce air pollutant emissions,Air pollutant emissions assessment report; Implementation plan for reducing air pollutant emissions,22526,2621,711.93,True,False,True
zero_shot,1,00_sample_project,Climate And Resilience,CR2.1,Avoid Unsuitable Development,,Applicable,No Level,0,,QA:Insufficient Data(No information on identification of potential siting hazards in PDF metadata) | QB:Insufficient Data(No information on consideration of siting and project alternatives in PDF metada) | QC:Insufficient Data(No information on implementation of strategies to mitigate site hazards in PDF m) | QD:Insufficient Data(No information on chosen project and site resulting in lowest exposure to site h) | QE:Insufficient Data(No information on intentional avoidance of known site hazards in PDF metadata) | QF:Insufficient Data(No information on removal or modification of structures subject to frequent dama),A+B required for Improved,Conduct siting hazard assessment; Consider alternative sites and projects,Siting hazard assessment report; Alternative site and project evaluation,22526,2621,711.93,True,False,True
zero_shot,1,00_sample_project,Climate And Resilience,CR2.2,Assess Climate Change Vulnerability,,Applicable,No Level,0,,QA:Insufficient Data(No information on determination of climate change threats in PDF metadata) | QB:Insufficient Data(No information on determination of vulnerability to climate change threats in PD) | QC:Insufficient Data(No information on determination of infrastructure system vulnerability to climat) | QD:Insufficient Data(No information on determination of community vulnerability to climate change thr) | QE:Insufficient Data(No information on sharing of climate threat findings in PDF metadata),A+B required for Improved,Conduct climate change vulnerability assessment; Determine infrastructure system and community vulnerability,Climate change vulnerability assessment report; Infrastructure system and community vulnerability evaluation,22526,2621,711.93,True,False,True
zero_shot,1,00_sample_project,Climate And Resilience,CR2.3,Evaluate Risk and Resilience,,Applicable,No Level,0,,QA:Insufficient Data(No information on risk assessment in PDF metadata) | QB:Insufficient Data(No information on identification of critical functions and dependencies in PDF m) | QC:Insufficient Data(No information on identification of threats or hazards in PDF metadata) | QD:Insufficient Data(No information on identification of vulnerabilities in PDF metadata) | QE:Insufficient Data(No information on evaluation of risks in PDF metadata) | QF:Insufficient Data(No information on participation of owner and stakeholders in risk evaluation in ),A+B+C+D+E required for Superior,Conduct risk assessment; Identify critical functions and dependencies,Risk assessment report; Critical function and dependency evaluation,22526,2621,711.93,True,False,True
zero_shot,1,00_sample_project,Climate And Resilience,CR2.4,Establish Resilience Goals and Strategies,,Applicable,No Level,0,,QA:Insufficient Data(No information on identification of project performance goals in PDF metadata) | QB:Insufficient Data(No information on development of risk management strategies in PDF metadata) | QC:Insufficient Data(No information on engagement of key stakeholders in resilience goals in PDF meta) | QD:Insufficient Data(No information on incorporation of project into larger community resilience goal),A+B required for Enhanced,Identify project performance goals; Develop risk management strategies,Project performance goal identification report; Risk management strategy development,22526,2621,711.93,True,False,True
zero_shot,1,00_sample_project,Climate And Resilience,CR2.5,Maximize Resilience,,Applicable,No Level,0,,QA:Insufficient Data(No information on development of resilience goals and strategies in PDF metadata) | QB:Insufficient Data(No information on implementation of resilience strategies in PDF metadata) | QC:Insufficient Data(No information on monitoring and review of resilience strategy effectiveness in ) | QD:Insufficient Data(No information on incorporation of resilience goals and strategies into ongoing ) | QE:Insufficient Data(No information on measurement or quantification of resilience performance target),A+B+C+D+E required for Conserving,Develop resilience goals and strategies; Implement resilience strategies,Resilience goal and strategy development report; Resilience strategy implementation plan,22526,2621,711.93,True,False,True
zero_shot,1,00_sample_project,Climate And Resilience,CR2.6,Improve Infrastructure Integration,,Applicable,No Level,0,,QA:Insufficient Data(No information on increase of internal systems integration in PDF metadata) | QB:Insufficient Data(No information on reduction of risk of systemic or cascading failures in PDF met) | QC:Insufficient Data(No information on increase of external systems integration in PDF metadata) | QD:Insufficient Data(No information on integration of infrastructure networks in PDF metadata) | QE:Insufficient Data(No information on integration of data or monitoring systems in PDF metadata),A required for Improved,Increase internal systems integration; Reduce risk of systemic or cascading failures,Internal systems integration report; Systemic or cascading failure risk reduction plan,22526,2621,711.93,True,False,True
zero_shot,1,00_sample_project,Leadership,LD1.1,Provide Effective Leadership and Commitment,,Applicable,Not Assessed,0,,QA:Insufficient Data(No written commitments found in the PDF metadata) | QB:Insufficient Data(No sustainability management policy mentioned in the PDF metadata) | QC:Insufficient Data(No information on periodic revisiting of project sustainability commitments foun) | QD:Insufficient Data(No organizational commitments to sustainability mentioned in the PDF metadata),A + B + C + D required for Conserving,"Develop written commitments to address social, environmental, and economic aspects; Establish a sustainability management policy",Written commitments document; Sustainability management policy document,24260,3648,985.86,True,False,True
zero_shot,1,00_sample_project,Leadership,LD1.2,Foster Collaboration and Teamwork,,Applicable,Not Assessed,0,,"QA:Insufficient Data(No interdisciplinary collaborative kickoff meeting mentioned in the PDF metadata) | QB:Insufficient Data(No information on project sustainability performance enhancements found in the P) | QC:Insufficient Data(No regular interdisciplinary and collaborative meetings mentioned in the PDF met) | QD:Insufficient Data(No inclusion of construction, operations, or maintenance stakeholders mentioned )",A + B + C + D required for Conserving,Conduct an interdisciplinary collaborative kickoff meeting; Establish regular interdisciplinary and collaborative meetings,Meeting minutes document; Collaboration plan document,24260,3648,985.86,True,False,True
zero_shot,1,00_sample_project,Leadership,LD1.3,Provide for Stakeholder Involvement,,Applicable,Not Assessed,0,,QA:Insufficient Data(No stakeholder mapping exercise mentioned in the PDF metadata) | QB:Insufficient Data(No proactive stakeholder engagement process mentioned in the PDF metadata) | QC:Insufficient Data(No lead member of the project team involved with stakeholder groups mentioned in) | QD:Insufficient Data(No stakeholder engagement feedback incorporated into project plans mentioned in ) | QE:Insufficient Data(No stakeholder satisfaction with the engagement process mentioned in the PDF met) | QF:No(No mention of stakeholder partnership in the PDF metadata),A + B + C + D + E required for Restorative,Conduct a stakeholder mapping exercise; Establish a proactive stakeholder engagement process,Stakeholder mapping document; Stakeholder engagement plan document,24260,3648,985.86,True,False,True
zero_shot,1,00_sample_project,Leadership,LD1.4,Pursue Byproduct Synergies,,Applicable,Not Assessed,0,,QA:Insufficient Data(No assessment of excess resources or capacity mentioned in the PDF metadata) | QB:Insufficient Data(No identification of opportunities for byproduct synergies mentioned in the PDF ) | QC:Insufficient Data(No active pursuit of a byproduct synergy mentioned in the PDF metadata) | QD:Insufficient Data(No inclusion of a byproduct synergy in the project mentioned in the PDF metadata) | QE:Insufficient Data(No circular economy approach mentioned in the PDF metadata),A + B + C + D required for Conserving,Assess excess resources or capacity; Identify opportunities for byproduct synergies,Byproduct synergy assessment document; Byproduct synergy plan document,24260,3648,985.86,True,False,True
zero_shot,1,00_sample_project,Leadership,LD2.1,Establish a Sustainability Management Plan,,Applicable,Not Assessed,0,,QA:Insufficient Data(No roles and responsibilities for addressing sustainability mentioned in the PDF) | QB:Insufficient Data(No sustainability management plan mentioned in the PDF metadata) | QC:Insufficient Data(No sufficient processes and management controls mentioned in the PDF metadata) | QD:Insufficient Data(No implementation and periodic revisiting of the sustainability management plan ) | QE:Insufficient Data(No adaptability and flexibility of the sustainability management plan mentioned ),A + B + C + D + E required for Conserving,Assign roles and responsibilities for addressing sustainability; Develop a sustainability management plan,Sustainability management plan document; Roles and responsibilities document,24260,3648,985.86,True,False,True
zero_shot,1,00_sample_project,Leadership,LD2.2,Plan for Sustainable Communities,,Applicable,Not Assessed,0,,QA:Insufficient Data(No consideration of sustainability during project selection/identification menti) | QB:Insufficient Data(No alternative analyses conducted on sustainability performance mentioned in the) | QC:Insufficient Data(No assessment of project impacts to broader long-term community or regional sust) | QD:Insufficient Data(No comprehensive sustainable development plan mentioned in the PDF metadata) | QE:Insufficient Data(No addressing of an inherently unsustainable condition within the community or r),A + B + C + D + E required for Restorative,Consider sustainability during project selection/identification; Conduct alternative analyses on sustainability performance,Sustainability consideration document; Alternative analysis report,24260,3648,985.86,True,False,True
zero_shot,1,00_sample_project,Leadership,LD2.3,Plan for Long-Term Monitoring and Maintenance,,Applicable,Not Assessed,0,,QA:Insufficient Data(No consideration of reducing ongoing operational impacts mentioned in the PDF me) | QB:Insufficient Data(No clear and comprehensive plan for long-term monitoring and maintenance mention) | QC:Insufficient Data(No communication of the monitoring and maintenance plan with operations and main) | QD:Insufficient Data(No sufficient resources allocated for long-term monitoring and maintenance menti) | QE:Insufficient Data(No plan to re-evaluate and modify the maintenance plan based on monitored data m),A + B + C + D + E required for Conserving,Consider reducing ongoing operational impacts; Develop a plan for long-term monitoring and maintenance,Monitoring and maintenance plan document; Resource allocation document,24260,3648,985.86,True,False,True
zero_shot,1,00_sample_project,Leadership,LD2.4,Plan for End-of-Life,,Applicable,Not Assessed,0,,"QA:Insufficient Data(No end-of-life plan mentioned in the PDF metadata) | QB:Insufficient Data(No evaluation of opportunities to extend the project's useful life or beneficial) | QC:Insufficient Data(No assessment of potential social, environmental, and economic end-of-life impac) | QD:Insufficient Data(No evaluation of the costs and salvage value of the project's deconstruction, de) | QE:Insufficient Data(No proactive engagement of stakeholders in end-of-life planning mentioned in the)",A + B + C + D + E required for Conserving,Develop an end-of-life plan; Evaluate opportunities to extend the project's useful life or beneficially repurpose the project after end-of-life,End-of-life plan document; Opportunity evaluation report,24260,3648,985.86,True,False,True
zero_shot,1,00_sample_project,Leadership,LD3.1,Stimulate Economic Prosperity and Development,,Applicable,Not Assessed,0,,"QA:Insufficient Data(No creation of new jobs during design, construction, and operation mentioned in ) | QB:Insufficient Data(No provision of new operating capacity for business, industry, or the public men) | QC:Insufficient Data(No additional access, increase in the number of choices, and/or increase in the ) | QD:Insufficient Data(No improvement of community attractiveness for business, industry, or the public) | QE:Insufficient Data(No stimulation of economic prosperity and further economic development mentioned)",A + B + C + D + E required for Conserving,"Create new jobs during design, construction, and operation; Provide new operating capacity for business, industry, or the public",Job creation plan document; Operating capacity report,24260,3648,985.86,True,False,True
zero_shot,1,00_sample_project,Leadership,LD3.2,Develop Local Skills and Capabilities,,Applicable,Not Assessed,0,,"QA:Insufficient Data(No inclusion of training programs for local skill development mentioned in the P) | QB:Insufficient Data(No identification of skill or capability gaps in the local workforce mentioned i) | QC:Insufficient Data(No continuation of training, education, or skill development programs after proj) | QD:Insufficient Data(No targeting of training and skill development programs to economically depresse)",A + B + C + D required for Restorative,Include training programs for local skill development; Identify skill or capability gaps in the local workforce,Training program document; Skill gap analysis report,24260,3648,985.86,True,False,True
zero_shot,1,00_sample_project,Leadership,LD3.3,Conduct a Life-Cycle Economic Evaluation,,Applicable,Not Assessed,0,,"QA:Insufficient Data(No life-cycle cost analysis mentioned in the PDF metadata) | QB:Insufficient Data(No use of life-cycle cost analyses to compare alternatives mentioned in the PDF ) | QC:Insufficient Data(No mapping of social, environmental, and financial costs and benefits mentioned ) | QD:Insufficient Data(No cost-benefit analysis mentioned in the PDF metadata) | QE:Insufficient Data(No use of cost-benefit analyses to compare alternatives mentioned in the PDF met)",A + C + D + E required for Restorative,Conduct a life-cycle cost analysis; Use life-cycle cost analyses to compare alternatives,Life-cycle cost analysis report; Alternative comparison report,24260,3648,985.86,True,False,True
zero_shot,1,00_sample_project,Natural World,,,,,,,,,,,,28099,3901,1132.47,False,True,True
zero_shot,1,00_sample_project,Quality Of Life,,,,,,,,,,,,27044,4000,1135.06,False,True,True
zero_shot,1,00_sample_project,Resource Allocation,RA1.1,Support Sustainable Procurement Practices,,Applicable,,,The project includes the use or consumption of physical materials in construction or operation.,QA:Insufficient Data(No sustainable procurement policy or program mentioned in the PDF metadata) | QB:Insufficient Data(No information on the extent of materials meeting sustainable procurement policy),,Develop a sustainable procurement policy or program; Conduct a material takeoff or bill of quantities,Sustainable procurement policy or program document; Material takeoffs or bills of quantities,26530,2605,744.64,True,False,True
zero_shot,1,00_sample_project,Resource Allocation,RA1.2,Use Recycled Materials,,Applicable,,,The project includes the use or consumption of physical materials in construction or operation.,QA:Insufficient Data(No information on the use of recycled materials),,Specify recycled materials in the design; Conduct a material takeoff or bill of quantities,Material takeoffs or bills of quantities; Recycled material specifications,26530,2605,744.64,True,False,True
zero_shot,1,00_sample_project,Resource Allocation,RA1.3,Reduce Operational Waste,,Applicable,,,The project produces operational waste.,QA:Insufficient Data(No waste management plan mentioned in the PDF metadata) | QB:Insufficient Data(No information on the extent of operational waste reduction),,Develop a waste management plan; Investigate operational waste reduction strategies,Waste management plan; Operational waste reduction strategies,26530,2605,744.64,True,False,True
zero_shot,1,00_sample_project,Resource Allocation,RA1.4,Reduce Construction Waste,,Applicable,,,The project produces construction waste.,QA:Insufficient Data(No comprehensive waste management plan mentioned in the PDF metadata) | QB:Insufficient Data(No information on the extent of construction waste reduction),,Develop a comprehensive waste management plan; Investigate construction waste reduction strategies,Comprehensive waste management plan; Construction waste reduction strategies,26530,2605,744.64,True,False,True
zero_shot,1,00_sample_project,Resource Allocation,RA1.5,Balance Earthwork On Site,,Applicable,,,The project involves the excavation of qualifying earthwork.,QA:Insufficient Data(No information on earthwork balancing),,Develop an earthwork balancing plan; Conduct cut and fill calculations,Earthwork balancing plan; Cut and fill calculations,26530,2605,744.64,True,False,True
zero_shot,1,00_sample_project,Resource Allocation,RA2.1,Reduce Operational Energy Consumption,,Applicable,,,The project consumes energy during operation.,QA:Insufficient Data(No estimated annual energy consumption mentioned in the PDF metadata) | QB:Insufficient Data(No information on operational energy reduction),,Estimate annual energy consumption; Investigate operational energy reduction strategies,Energy consumption estimates; Operational energy reduction strategies,26530,2605,744.64,True,False,True
zero_shot,1,00_sample_project,Resource Allocation,RA2.2,Reduce Construction Energy Consumption,,Applicable,,,The project consumes energy during construction.,QA:Insufficient Data(No planning reviews for construction energy reduction mentioned in the PDF metad) | QB:Insufficient Data(No information on construction energy reduction strategies),,Develop a construction energy reduction plan; Investigate energy-efficient construction strategies,Construction energy reduction plan; Energy-efficient construction strategies,26530,2605,744.64,True,False,True
zero_shot,1,00_sample_project,Resource Allocation,RA2.3,Use Renewable Energy,,Applicable,,,The project consumes energy during operation.,QA:Insufficient Data(No information on renewable energy use),,Investigate renewable energy options; Estimate energy production,Renewable energy system design; Energy production estimates,26530,2605,744.64,True,False,True
zero_shot,1,00_sample_project,Resource Allocation,RA2.4,Commission and Monitor Energy Systems,,Applicable,,,The project consumes energy during operation.,QA:Insufficient Data(No advanced integrated monitoring systems mentioned in the PDF metadata) | QB:Insufficient Data(No information on commissioning or monitoring plans) | QC:Insufficient Data(No plan for ongoing commissioning mentioned in the PDF metadata),,Design monitoring systems; Develop a commissioning plan; Schedule ongoing commissioning,Monitoring system design; Commissioning plan; Ongoing commissioning schedule,26530,2605,744.64,True,False,True
zero_shot,1,00_sample_project,Resource Allocation,RA3.1,Preserve Water Resources,,Applicable,,,The project consumes water or impacts receiving waters.,QA:Insufficient Data(No watershed assessment mentioned in the PDF metadata) | QB:Insufficient Data(No estimated water usage or wastewater generation mentioned in the PDF metadata) | QC:Insufficient Data(No features to minimize negative impacts on water resources mentioned in the PDF) | QD:Insufficient Data(No net-zero impact on water quantity and availability mentioned in the PDF metad) | QE:Insufficient Data(No watershed-level or regional plan mentioned in the PDF metadata) | QF:Insufficient Data(No direct net-positive improvement to the watershed mentioned in the PDF metadat),,Conduct a watershed assessment; Estimate water usage and wastewater generation; Investigate water conservation strategies,Watershed assessment report; Water usage and wastewater generation estimates; Water conservation strategies,26530,2605,744.64,True,False,True
zero_shot,1,00_sample_project,Resource Allocation,RA3.2,Reduce Operational Water Consumption,,Applicable,,,The project consumes water during operation.,QA:Insufficient Data(No planning and design reviews for potable water reduction mentioned in the PDF ) | QB:Insufficient Data(No information on potable water reduction) | QC:Insufficient Data(No information on overall water use reduction) | QD:Insufficient Data(No net-positive impact on water use mentioned in the PDF metadata),,Estimate water consumption; Investigate potable water reduction strategies; Investigate overall water use reduction strategies,Water consumption estimates; Potable water reduction strategies; Overall water use reduction strategies,26530,2605,744.64,True,False,True
zero_shot,1,00_sample_project,Resource Allocation,RA3.3,Reduce Construction Water Consumption,,Applicable,,,The project consumes water during construction.,QA:Insufficient Data(No planning reviews for construction water reduction mentioned in the PDF metada) | QB:Insufficient Data(No information on construction water conservation strategies),,Estimate construction water consumption; Investigate water conservation strategies,Construction water consumption estimates; Water conservation strategies,26530,2605,744.64,True,False,True
zero_shot,1,00_sample_project,Resource Allocation,RA3.4,Monitor Water Systems,,Applicable,,,The project consumes water or conveys large quantities of water.,QA:Insufficient Data(No advanced integrated monitoring systems mentioned in the PDF metadata) | QB:Insufficient Data(No real-time water monitoring mentioned in the PDF metadata),,Design monitoring systems; Develop a real-time water monitoring plan,Monitoring system design; Real-time water monitoring plan,26530,2605,744.64,True,False,True
zero_shot,2,00_sample_project,Climate And Resilience,CR1.1,Reduce Net Embodied Carbon,,Applicable,No Level,0,,QA:Insufficient Data(No embodied carbon assessment in PDF metadata) | QB:Insufficient Data(No calculation of primary contributors to overall embodied carbon in PDF metadat) | QC:Insufficient Data(No information on reduction of net embodied carbon in PDF metadata),A + B + C required for Improved,Conduct embodied carbon assessment; Calculate primary contributors to overall embodied carbon,Embodied carbon assessment report; Calculation of primary contributors to overall embodied carbon,22526,2622,684.74,True,False,True
zero_shot,2,00_sample_project,Climate And Resilience,CR1.2,Reduce Greenhouse Gas Emissions,,Applicable,No Level,0,,QA:Insufficient Data(No information on reduction of greenhouse gas emissions in PDF metadata) | QB:Insufficient Data(No calculation and reporting of annual greenhouse gas emissions in PDF metadata),A + B required for Improved,Conduct greenhouse gas emissions assessment; Calculate and report annual greenhouse gas emissions,Greenhouse gas emissions assessment report; Calculation and reporting of annual greenhouse gas emissions,22526,2622,684.74,True,False,True
zero_shot,2,00_sample_project,Climate And Resilience,CR1.3,Reduce Air Pollutant Emissions,,Applicable,No Level,0,,QA:Insufficient Data(No information on meeting minimum air quality standards in PDF metadata) | QB:Insufficient Data(No information on reduction of air pollutant emissions in PDF metadata) | QC:Insufficient Data(No information on ongoing monitoring and management of direct air pollutant emis) | QD:Insufficient Data(No assessment of materiality of volatile organic compounds in PDF metadata) | QE:Insufficient Data(No information on removal of existing air pollutant sources in PDF metadata),A + B required for Improved,Conduct air pollutant emissions assessment; Implement strategies to reduce air pollutant emissions,Air pollutant emissions assessment report; Implementation plan for reducing air pollutant emissions,22526,2622,684.74,True,False,True
zero_shot,2,00_sample_project,Climate And Resilience,CR2.1,Avoid Unsuitable Development,,Applicable,No Level,0,,QA:Insufficient Data(No information on identification of potential siting hazards in PDF metadata) | QB:Insufficient Data(No information on consideration of siting and project alternatives in PDF metada) | QC:Insufficient Data(No information on implementation of strategies to mitigate site hazards in PDF m) | QD:Insufficient Data(No information on chosen project and site resulting in lowest exposure to site h) | QE:Insufficient Data(No information on intentional avoidance of known site hazards in PDF metadata) | QF:Insufficient Data(No information on removal or modification of structures subject to frequent dama),A + B required for Improved,Conduct siting hazard assessment; Consider alternative sites and projects,Siting hazard assessment report; Alternative site and project evaluation,22526,2622,684.74,True,False,True
zero_shot,2,00_sample_project,Climate And Resilience,CR2.2,Assess Climate Change Vulnerability,,Applicable,No Level,0,,QA:Insufficient Data(No information on determination of climate change threats in PDF metadata) | QB:Insufficient Data(No information on determination of vulnerability to climate change threats in PD) | QC:Insufficient Data(No information on determination of infrastructure system vulnerability to climat) | QD:Insufficient Data(No information on determination of community vulnerability to climate change thr) | QE:Insufficient Data(No information on sharing of climate threat findings in PDF metadata),A + B required for Improved,Conduct climate change vulnerability assessment; Determine vulnerability to climate change threats,Climate change vulnerability assessment report; Vulnerability determination,22526,2622,684.74,True,False,True
zero_shot,2,00_sample_project,Climate And Resilience,CR2.3,Evaluate Risk and Resilience,,Applicable,No Level,0,,QA:Insufficient Data(No information on risk assessment in PDF metadata) | QB:Insufficient Data(No information on identification of critical functions and dependencies in PDF m) | QC:Insufficient Data(No information on identification of threats or hazards in PDF metadata) | QD:Insufficient Data(No information on identification of vulnerabilities in PDF metadata) | QE:Insufficient Data(No information on evaluation of risks in PDF metadata) | QF:Insufficient Data(No information on participation of owner and stakeholders in risk evaluation in ),A + B + C + D + E required for Conserving,Conduct risk assessment; Identify critical functions and dependencies,Risk assessment report; Identification of critical functions and dependencies,22526,2622,684.74,True,False,True
zero_shot,2,00_sample_project,Climate And Resilience,CR2.4,Establish Resilience Goals and Strategies,,Applicable,No Level,0,,QA:Insufficient Data(No information on identification of project performance goals in PDF metadata) | QB:Insufficient Data(No information on development of risk management strategies in PDF metadata) | QC:Insufficient Data(No information on engagement of key stakeholders in PDF metadata) | QD:Insufficient Data(No information on support for larger community resilience or climate change adap),A + B required for Enhanced,Identify project performance goals; Develop risk management strategies,Project performance goals report; Risk management strategies,22526,2622,684.74,True,False,True
zero_shot,2,00_sample_project,Climate And Resilience,CR2.5,Maximize Resilience,,Applicable,No Level,0,,QA:Insufficient Data(No information on development of resilience goals and strategies in PDF metadata) | QB:Insufficient Data(No information on implementation of resilience strategies in PDF metadata) | QC:Insufficient Data(No information on monitoring and review of resilience strategies in PDF metadata) | QD:Insufficient Data(No information on incorporation of resilience goals and strategies into operatio) | QE:Insufficient Data(No information on measurement or quantification of resilience performance target),A + B + C + D + E required for Conserving,Develop resilience goals and strategies; Implement resilience strategies,Resilience goals and strategies report; Implementation plan for resilience strategies,22526,2622,684.74,True,False,True
zero_shot,2,00_sample_project,Climate And Resilience,CR2.6,Improve Infrastructure Integration,,Applicable,No Level,0,,QA:Insufficient Data(No information on increase of internal systems integration in PDF metadata) | QB:Insufficient Data(No information on reduction of risk of systemic or cascading failures in PDF met) | QC:Insufficient Data(No information on increase of external systems integration in PDF metadata) | QD:Insufficient Data(No information on integration of infrastructure networks in PDF metadata) | QE:Insufficient Data(No information on integration of data or monitoring systems in PDF metadata),A required for Improved,Increase internal systems integration; Reduce risk of systemic or cascading failures,Internal systems integration report; Risk reduction plan,22526,2622,684.74,True,False,True
zero_shot,2,00_sample_project,Leadership,LD1.1,Provide Effective Leadership and Commitment,,Applicable,Improved,2,,QA:Insufficient Data(No written commitments found in the PDF metadata) | QB:Insufficient Data(No sustainability management policy mentioned in the PDF metadata) | QC:Insufficient Data(No information on periodic revisiting of project sustainability commitments foun) | QD:Insufficient Data(No organizational commitments to sustainability mentioned in the PDF metadata),A required for Improved,"Develop written commitments to address social, environmental, and economic aspects; Establish a sustainability management policy",Written commitments document; Sustainability management policy document,24260,3614,972.32,True,False,True
zero_shot,2,00_sample_project,Leadership,LD1.2,Foster Collaboration and Teamwork,,Applicable,Improved,2,,"QA:Insufficient Data(No interdisciplinary collaborative kickoff meeting mentioned in the PDF metadata) | QB:Insufficient Data(No information on enhancement of project sustainability performance through coll) | QC:Insufficient Data(No regular interdisciplinary and collaborative meetings mentioned in the PDF met) | QD:Insufficient Data(No inclusion of construction, operations, or maintenance stakeholders mentioned )",A required for Improved,Hold an interdisciplinary collaborative kickoff meeting; Establish regular collaborative meetings,Collaborative meeting minutes; Stakeholder engagement plan,24260,3614,972.32,True,False,True
zero_shot,2,00_sample_project,Leadership,LD1.3,Provide for Stakeholder Involvement,,Applicable,Improved,3,,QA:Insufficient Data(No stakeholder mapping exercise mentioned in the PDF metadata) | QB:Insufficient Data(No proactive stakeholder engagement process mentioned in the PDF metadata) | QC:Insufficient Data(No lead member of the project team involved with stakeholder groups mentioned in) | QD:Insufficient Data(No incorporation of stakeholder engagement feedback into project plans mentioned) | QE:Insufficient Data(No seeking of feedback from stakeholders on their satisfaction with the engageme) | QF:No(No mention of stakeholder partnership in the PDF metadata),"A, B required for Improved",Conduct a stakeholder mapping exercise; Establish a proactive stakeholder engagement process,Stakeholder mapping report; Stakeholder engagement plan,24260,3614,972.32,True,False,True
zero_shot,2,00_sample_project,Leadership,LD1.4,Pursue Byproduct Synergies,,Applicable,Improved,3,,QA:Insufficient Data(No assessment of availability of excess resources or capacity mentioned in the P) | QB:Insufficient Data(No identification of opportunities for byproduct synergies mentioned in the PDF ) | QC:Insufficient Data(No active pursuit of a byproduct synergy mentioned in the PDF metadata) | QD:Insufficient Data(No inclusion of a byproduct synergy in the project mentioned in the PDF metadata) | QE:Insufficient Data(No information on being part of a circular economy mentioned in the PDF metadata),"A, B required for Improved",Assess availability of excess resources or capacity; Identify opportunities for byproduct synergies,Byproduct synergy assessment report; Byproduct synergy implementation plan,24260,3614,972.32,True,False,True
zero_shot,2,00_sample_project,Leadership,LD2.1,Establish a Sustainability Management Plan,,Applicable,Improved,4,,"QA:Insufficient Data(No roles and responsibilities for addressing sustainability assigned mentioned i) | QB:Insufficient Data(No sustainability management plan developed mentioned in the PDF metadata) | QC:Insufficient Data(No sufficient processes and management controls to address sustainability goals ) | QD:Insufficient Data(No implementation and periodic revisiting of the sustainability management plan ) | QE:Insufficient Data(No adaptability, flexibility, and resilience of the sustainability management pl)","A, B required for Improved",Assign roles and responsibilities for addressing sustainability; Develop a sustainability management plan,Sustainability management plan document; Roles and responsibilities assignment document,24260,3614,972.32,True,False,True
zero_shot,2,00_sample_project,Leadership,LD2.2,Plan for Sustainable Communities,,Applicable,Improved,4,,QA:Insufficient Data(No consideration of sustainability during project selection/identification menti) | QB:Insufficient Data(No alternative analyses conducted on sustainability performance mentioned in the) | QC:Insufficient Data(No assessment of project impacts to broader long-term community or regional sust) | QD:Insufficient Data(No comprehensive sustainable development plan mentioned in the PDF metadata) | QE:Insufficient Data(No addressing of an inherently unsustainable condition within the community or r),"A, B required for Improved",Consider sustainability during project selection/identification; Conduct alternative analyses on sustainability performance,Sustainability consideration report; Alternative analysis report,24260,3614,972.32,True,False,True
zero_shot,2,00_sample_project,Leadership,LD2.3,Plan for Long-Term Monitoring and Maintenance,,Applicable,Improved,2,,QA:Insufficient Data(No consideration of reducing ongoing operational impacts mentioned in the PDF me) | QB:Insufficient Data(No clear and comprehensive plan for long-term monitoring and maintenance mention) | QC:Insufficient Data(No communication of the monitoring and maintenance plan with operations and main) | QD:Insufficient Data(No sufficient resources allocated for long-term monitoring and maintenance menti) | QE:Insufficient Data(No plan to re-evaluate and modify the maintenance plan based on monitored data m),A required for Improved,Consider reducing ongoing operational impacts; Develop a comprehensive plan for long-term monitoring and maintenance,Monitoring and maintenance plan document; Resource allocation plan,24260,3614,972.32,True,False,True
zero_shot,2,00_sample_project,Leadership,LD2.4,Plan for End-of-Life,,Applicable,Improved,2,,"QA:Insufficient Data(No end-of-life plan developed mentioned in the PDF metadata) | QB:Insufficient Data(No evaluation of opportunities to extend the project's useful life or beneficial) | QC:Insufficient Data(No assessment of potential social, environmental, and economic end-of-life impac) | QD:Insufficient Data(No evaluation of the costs and salvage value of the project's deconstruction, de) | QE:Insufficient Data(No proactive engagement of stakeholders in end-of-life planning mentioned in the)","A, B required for Improved",Develop an end-of-life plan; Evaluate opportunities to extend the project's useful life or beneficially repurpose the project after end-of-life,End-of-life plan document; Opportunity evaluation report,24260,3614,972.32,True,False,True
zero_shot,2,00_sample_project,Leadership,LD3.1,Stimulate Economic Prosperity and Development,,Applicable,Improved,3,,"QA:Insufficient Data(No creation of a significant number of new jobs during design, construction, and) | QB:Insufficient Data(No provision of new operating capacity for business, industry, or the public men) | QC:Insufficient Data(No additional access, increase in the number of choices, and/or increase in the ) | QD:Insufficient Data(No improvement of community attractiveness for business, industry, or the public) | QE:Insufficient Data(No stimulation of economic prosperity and further economic development mentioned)","A, B required for Improved","Create new jobs during design, construction, and operation; Provide new operating capacity for business, industry, or the public",Job creation plan; Operating capacity provision plan,24260,3614,972.32,True,False,True
zero_shot,2,00_sample_project,Leadership,LD3.2,Develop Local Skills and Capabilities,,Applicable,Improved,2,,"QA:Insufficient Data(No inclusion of training programs for local skill development mentioned in the P) | QB:Insufficient Data(No identification of skill or capability gaps in the local workforce mentioned i) | QC:Insufficient Data(No continuation of training, education, or skill development programs after proj) | QD:Insufficient Data(No targeting of training and skill development programs to economically depresse)",A required for Improved,Include training programs for local skill development; Identify skill or capability gaps in the local workforce,Training program plan; Skill gap assessment report,24260,3614,972.32,True,False,True
zero_shot,2,00_sample_project,Leadership,LD3.3,Conduct a Life-Cycle Economic Evaluation,,Applicable,Improved,5,,"QA:Insufficient Data(No life-cycle cost analysis conducted mentioned in the PDF metadata) | QB:Insufficient Data(No use of life-cycle cost analyses to compare alternatives for at least one majo) | QC:Insufficient Data(No mapping of social, environmental, and financial costs and benefits of the pro) | QD:Insufficient Data(No cost-benefit analysis conducted to identify the financial, social, and enviro) | QE:Insufficient Data(No use of cost-benefit analyses to compare alternatives for at least one major p)",A required for Improved,Conduct a life-cycle cost analysis; Use life-cycle cost analyses to compare alternatives,Life-cycle cost analysis report; Alternative comparison report,24260,3614,972.32,True,False,True
zero_shot,2,00_sample_project,Natural World,,,,,,,,,,,,28099,3901,1126.84,False,True,True
zero_shot,2,00_sample_project,Quality Of Life,,,,,,,,,,,,27044,4000,1137.44,False,True,True
zero_shot,2,00_sample_project,Resource Allocation,RA1.1,Support Sustainable Procurement Practices,,Applicable,,,The project includes the use or consumption of physical materials in construction or operation.,QA:Insufficient Data(No sustainable procurement policy or program mentioned in the PDF metadata) | QB:Insufficient Data(No information on the extent of materials meeting sustainable procurement policy),,Develop a sustainable procurement policy or program; Conduct a material takeoff or bill of quantities,Sustainable procurement policy or program document; Material takeoffs or bills of quantities,26530,2650,755.73,True,False,True
zero_shot,2,00_sample_project,Resource Allocation,RA1.2,Use Recycled Materials,,Applicable,,,The project includes the use or consumption of physical materials in construction or operation.,QA:Insufficient Data(No information on the use of recycled materials),,Specify recycled materials in the design; Conduct a material takeoff or bill of quantities,Material takeoffs or bills of quantities; Recycled material specifications,26530,2650,755.73,True,False,True
zero_shot,2,00_sample_project,Resource Allocation,RA1.3,Reduce Operational Waste,,Applicable,,,The project produces operational waste.,QA:Insufficient Data(No waste management plan mentioned in the PDF metadata) | QB:Insufficient Data(No information on the extent of operational waste reduction),,Develop a waste management plan; Investigate operational waste reduction strategies,Waste management plan; Operational waste reduction strategies,26530,2650,755.73,True,False,True
zero_shot,2,00_sample_project,Resource Allocation,RA1.4,Reduce Construction Waste,,Applicable,,,The project produces construction waste.,QA:Insufficient Data(No comprehensive waste management plan mentioned in the PDF metadata) | QB:Insufficient Data(No information on the extent of construction waste reduction),,Develop a comprehensive waste management plan; Investigate construction waste reduction strategies,Comprehensive waste management plan; Construction waste reduction strategies,26530,2650,755.73,True,False,True
zero_shot,2,00_sample_project,Resource Allocation,RA1.5,Balance Earthwork On Site,,Applicable,,,The project involves the excavation of qualifying earthwork.,QA:Insufficient Data(No information on earthwork balancing),,Develop an earthwork balancing plan; Conduct cut and fill calculations,Earthwork balancing plan; Cut and fill calculations,26530,2650,755.73,True,False,True
zero_shot,2,00_sample_project,Resource Allocation,RA2.1,Reduce Operational Energy Consumption,,Applicable,,,The project consumes energy during operation.,QA:Insufficient Data(No estimated annual energy consumption mentioned in the PDF metadata) | QB:Insufficient Data(No information on operational energy reduction),,Estimate annual energy consumption; Investigate operational energy reduction strategies,Energy consumption estimates; Operational energy reduction strategies,26530,2650,755.73,True,False,True
zero_shot,2,00_sample_project,Resource Allocation,RA2.2,Reduce Construction Energy Consumption,,Applicable,,,The project consumes energy during construction.,QA:Insufficient Data(No planning reviews for construction energy reduction mentioned in the PDF metad) | QB:Insufficient Data(No information on construction energy reduction strategies),,Develop a construction energy reduction plan; Investigate energy-efficient construction strategies,Construction energy reduction plan; Energy-efficient construction strategies,26530,2650,755.73,True,False,True
zero_shot,2,00_sample_project,Resource Allocation,RA2.3,Use Renewable Energy,,Applicable,,,The project consumes energy during operation.,QA:Insufficient Data(No information on renewable energy use),,Investigate renewable energy options; Estimate energy production,Renewable energy system design; Energy production estimates,26530,2650,755.73,True,False,True
zero_shot,2,00_sample_project,Resource Allocation,RA2.4,Commission and Monitor Energy Systems,,Applicable,,,The project consumes energy during operation.,QA:Insufficient Data(No advanced integrated monitoring systems mentioned in the PDF metadata) | QB:Insufficient Data(No information on commissioning or monitoring plans) | QC:Insufficient Data(No plan for ongoing commissioning mentioned in the PDF metadata),,Design monitoring systems; Develop a commissioning plan; Schedule ongoing commissioning,Monitoring system design; Commissioning plan; Ongoing commissioning schedule,26530,2650,755.73,True,False,True
zero_shot,2,00_sample_project,Resource Allocation,RA3.1,Preserve Water Resources,,Applicable,,,The project consumes water or impacts receiving waters.,QA:Insufficient Data(No watershed assessment mentioned in the PDF metadata) | QB:Insufficient Data(No estimated water usage or wastewater generation mentioned in the PDF metadata) | QC:Insufficient Data(No features to minimize negative impacts on water resources mentioned in the PDF) | QD:Insufficient Data(No net-zero impact on freshwater supplies mentioned in the PDF metadata) | QE:Insufficient Data(No watershed-level or regional plan mentioned in the PDF metadata) | QF:Insufficient Data(No direct net-positive improvement to the watershed mentioned in the PDF metadat),,Conduct a watershed assessment; Estimate water usage and wastewater generation; Investigate water conservation features; Develop a net-zero impact plan; Participate in watershed-level or regional planning,Watershed assessment report; Water usage and wastewater generation estimates; Water conservation features; Net-zero impact plan; Watershed-level or regional plan,26530,2650,755.73,True,False,True
zero_shot,2,00_sample_project,Resource Allocation,RA3.2,Reduce Operational Water Consumption,,Applicable,,,The project consumes water during operation.,QA:Insufficient Data(No planning and design reviews for potable water reduction mentioned in the PDF ) | QB:Insufficient Data(No information on potable water reduction) | QC:Insufficient Data(No information on overall water use reduction) | QD:Insufficient Data(No net-positive impact on water use mentioned in the PDF metadata),,Develop a water conservation plan; Investigate potable water reduction strategies; Estimate overall water use reduction; Develop a net-positive impact plan,Water conservation plan; Potable water reduction strategies; Overall water use reduction estimates; Net-positive impact plan,26530,2650,755.73,True,False,True
zero_shot,2,00_sample_project,Resource Allocation,RA3.3,Reduce Construction Water Consumption,,Applicable,,,The project consumes water during construction.,QA:Insufficient Data(No planning reviews for construction water reduction mentioned in the PDF metada) | QB:Insufficient Data(No information on construction water conservation strategies),,Develop a construction water reduction plan; Investigate water conservation strategies,Construction water reduction plan; Water conservation strategies,26530,2650,755.73,True,False,True
zero_shot,2,00_sample_project,Resource Allocation,RA3.4,Monitor Water Systems,,Applicable,,,The project consumes water or conveys large quantities of water.,QA:Insufficient Data(No advanced integrated monitoring systems mentioned in the PDF metadata) | QB:Insufficient Data(No real-time water monitoring mentioned in the PDF metadata),,Design monitoring systems; Develop a real-time monitoring plan,Monitoring system design; Real-time monitoring plan,26530,2650,755.73,True,False,True
zero_shot,3,00_sample_project,Climate And Resilience,CR1.1,Reduce Net Embodied Carbon,,Applicable,No Level,0,,QA:Insufficient Data(No embodied carbon assessment in PDF metadata) | QB:Insufficient Data(No calculation of primary contributors to overall embodied carbon in PDF metadat) | QC:Insufficient Data(No information on reduction of net embodied carbon in PDF metadata),"A,B,C required for Improved",Conduct embodied carbon assessment; Calculate primary contributors to overall embodied carbon,Embodied carbon assessment report; Calculation of primary contributors to overall embodied carbon,22526,2643,689.03,True,False,True
zero_shot,3,00_sample_project,Climate And Resilience,CR1.2,Reduce Greenhouse Gas Emissions,,Applicable,No Level,0,,QA:Insufficient Data(No information on reduction of greenhouse gas emissions in PDF metadata) | QB:Insufficient Data(No calculation and reporting of annual greenhouse gas emissions in PDF metadata),"A,B required for Improved",Conduct greenhouse gas emissions assessment; Calculate and report annual greenhouse gas emissions,Greenhouse gas emissions assessment report; Calculation and reporting of annual greenhouse gas emissions,22526,2643,689.03,True,False,True
zero_shot,3,00_sample_project,Climate And Resilience,CR1.3,Reduce Air Pollutant Emissions,,Applicable,No Level,0,,QA:Insufficient Data(No information on meeting minimum air quality standards in PDF metadata) | QB:Insufficient Data(No information on reduction of air pollutant emissions in PDF metadata) | QC:Insufficient Data(No information on ongoing monitoring and management of direct air pollutant emis) | QD:Insufficient Data(No assessment of materiality of volatile organic compounds in PDF metadata) | QE:Insufficient Data(No information on removal of existing air pollutant sources in PDF metadata),"A,B,C required for Enhanced",Conduct air pollutant emissions assessment; Implement strategies to reduce air pollutant emissions,Air pollutant emissions assessment report; Implementation plan for reducing air pollutant emissions,22526,2643,689.03,True,False,True
zero_shot,3,00_sample_project,Climate And Resilience,CR2.1,Avoid Unsuitable Development,,Applicable,No Level,0,,QA:Insufficient Data(No information on identification of potential siting hazards in PDF metadata) | QB:Insufficient Data(No information on consideration of siting and project alternatives in PDF metada) | QC:Insufficient Data(No information on implementation of strategies to mitigate site hazards in PDF m) | QD:Insufficient Data(No information on chosen project and site resulting in lowest exposure to site h) | QE:Insufficient Data(No information on intentional avoidance of known site hazards in PDF metadata) | QF:Insufficient Data(No information on removal or modification of structures subject to frequent dama),A+B required for Improved,Conduct siting hazard assessment; Consider alternative project and site options,Siting hazard assessment report; Alternative project and site option analysis,22526,2643,689.03,True,False,True
zero_shot,3,00_sample_project,Climate And Resilience,CR2.2,Assess Climate Change Vulnerability,,Applicable,No Level,0,,QA:Insufficient Data(No information on determination of climate change threats in PDF metadata) | QB:Insufficient Data(No information on determination of vulnerability to climate change threats in PD) | QC:Insufficient Data(No information on determination of infrastructure system vulnerability to climat) | QD:Insufficient Data(No information on determination of community vulnerability to climate change thr) | QE:Insufficient Data(No information on sharing of climate threat findings in PDF metadata),A+B required for Improved,Conduct climate change vulnerability assessment; Determine infrastructure system and community vulnerability,Climate change vulnerability assessment report; Infrastructure system and community vulnerability analysis,22526,2643,689.03,True,False,True
zero_shot,3,00_sample_project,Climate And Resilience,CR2.3,Evaluate Risk and Resilience,,Applicable,No Level,0,,QA:Insufficient Data(No information on risk assessment boundary in PDF metadata) | QB:Insufficient Data(No information on identification of critical functions and dependencies in PDF m) | QC:Insufficient Data(No information on identification of threats or hazards in PDF metadata) | QD:Insufficient Data(No information on identification of vulnerabilities of critical functions and de) | QE:Insufficient Data(No information on evaluation of risks in PDF metadata) | QF:Insufficient Data(No information on participation of owner and stakeholders in risk evaluation in ),A+B+C+D+E required for Superior,Conduct risk assessment; Identify critical functions and dependencies,Risk assessment report; Critical functions and dependencies analysis,22526,2643,689.03,True,False,True
zero_shot,3,00_sample_project,Climate And Resilience,CR2.4,Establish Resilience Goals and Strategies,,Applicable,No Level,0,,QA:Insufficient Data(No information on identification of project performance goals and risk appetite ) | QB:Insufficient Data(No information on development of risk management strategies in PDF metadata) | QC:Insufficient Data(No information on engagement of key stakeholders in developing resilience goals ) | QD:Insufficient Data(No information on project's support for larger community resilience or climate c),A+B required for Enhanced,Develop risk management strategies; Engage key stakeholders in developing resilience goals,Risk management strategy report; Resilience goal development plan,22526,2643,689.03,True,False,True
zero_shot,3,00_sample_project,Climate And Resilience,CR2.5,Maximize Resilience,,Applicable,No Level,0,,QA:Insufficient Data(No information on development of resilience goals and strategies in PDF metadata) | QB:Insufficient Data(No information on implementation of resilience strategies in PDF metadata) | QC:Insufficient Data(No information on monitoring and review of resilience strategy effectiveness in ) | QD:Insufficient Data(No information on incorporation of resilience goals and strategies into ongoing ) | QE:Insufficient Data(No information on measurement or quantification of resilience performance target),A+B+C+D+E required for Conserving,Develop resilience goals and strategies; Implement resilience strategies,Resilience goal and strategy development report; Resilience strategy implementation plan,22526,2643,689.03,True,False,True
zero_shot,3,00_sample_project,Climate And Resilience,CR2.6,Improve Infrastructure Integration,,Applicable,No Level,0,,QA:Insufficient Data(No information on increase of internal systems integration in PDF metadata) | QB:Insufficient Data(No information on reduction of risk of systemic or cascading failures in PDF met) | QC:Insufficient Data(No information on increase of external systems integration in PDF metadata) | QD:Insufficient Data(No information on integration of infrastructure networks in PDF metadata) | QE:Insufficient Data(No information on integration of data or monitoring systems in PDF metadata),A required for Improved,Increase internal systems integration; Reduce risk of systemic or cascading failures,Internal systems integration plan; Systemic or cascading failure risk reduction plan,22526,2643,689.03,True,False,True
zero_shot,3,00_sample_project,Leadership,LD1.1,Provide Effective Leadership and Commitment,,Applicable,Improved,2,,QA:Insufficient Data(No community needs assessment in model) | QB:Insufficient Data(No sustainability management plan in model) | QC:Insufficient Data(No periodic revisit of project sustainability commitments in model) | QD:Insufficient Data(No organizational commitments to sustainability from key team members in model),A + B required for Enhanced,"Begin community engagement to address A, B, D",Community needs assessment report; Sustainability management plan,24260,3218,873.61,True,False,True
zero_shot,3,00_sample_project,Leadership,LD1.2,Foster Collaboration and Teamwork,,Applicable,Improved,2,,"QA:Insufficient Data(No interdisciplinary collaborative kickoff meeting in model) | QB:Insufficient Data(No sustainability performance enhancements from collaboration in model) | QC:Insufficient Data(No regular interdisciplinary and collaborative meetings in model) | QD:Insufficient Data(No inclusion of construction, operations, or maintenance stakeholders in model)",A + B required for Enhanced,Establish interdisciplinary collaborative meetings,Meeting minutes; Collaboration plan,24260,3218,873.61,True,False,True
zero_shot,3,00_sample_project,Leadership,LD1.3,Provide for Stakeholder Involvement,,Applicable,Improved,3,,QA:Insufficient Data(No stakeholder mapping exercise in model) | QB:Insufficient Data(No proactive stakeholder engagement process in model) | QC:Insufficient Data(No lead member of project team involved with stakeholders in model) | QD:Insufficient Data(No stakeholder engagement feedback incorporated into project plans in model) | QE:Insufficient Data(No stakeholder satisfaction assessment in model) | QF:No(Project team has not engaged stakeholders as partners),"A, B required for Enhanced",Conduct stakeholder mapping exercise,Stakeholder engagement plan; Stakeholder feedback report,24260,3218,873.61,True,False,True
zero_shot,3,00_sample_project,Leadership,LD1.4,Pursue Byproduct Synergies,,Applicable,Improved,3,,QA:Insufficient Data(No assessment of excess resources or capacity in model) | QB:Insufficient Data(No identification of byproduct synergy opportunities in model) | QC:Insufficient Data(No pursuit of byproduct synergies in model) | QD:Insufficient Data(No inclusion of byproduct synergy in project in model) | QE:Insufficient Data(No circular economy approach in model),"A, B required for Enhanced",Assess excess resources and capacity,Byproduct synergy assessment report; Circular economy plan,24260,3218,873.61,True,False,True
zero_shot,3,00_sample_project,Leadership,LD2.1,Establish a Sustainability Management Plan,,Applicable,Improved,4,,QA:Insufficient Data(No roles and responsibilities assigned for sustainability in model) | QB:Insufficient Data(No sustainability management plan developed in model) | QC:Insufficient Data(No processes and management controls for sustainability goals in model) | QD:Insufficient Data(No implementation of sustainability management plan in model) | QE:Insufficient Data(No adaptability and flexibility in sustainability management plan in model),"A, B required for Enhanced",Develop sustainability management plan,Sustainability management plan document,24260,3218,873.61,True,False,True
zero_shot,3,00_sample_project,Leadership,LD2.2,Plan for Sustainable Communities,,Applicable,Improved,4,,QA:Insufficient Data(No consideration of sustainability during project selection in model) | QB:Insufficient Data(No alternative analyses conducted on sustainability performance in model) | QC:Insufficient Data(No assessment of project impacts on broader community sustainability in model) | QD:Insufficient Data(No comprehensive sustainable development plan in model) | QE:Insufficient Data(No address of inherently unsustainable conditions in community in model),"A, B required for Enhanced",Conduct sustainability assessment during project selection,Sustainability assessment report; Comprehensive sustainable development plan,24260,3218,873.61,True,False,True
zero_shot,3,00_sample_project,Leadership,LD2.3,Plan for Long-Term Monitoring and Maintenance,,Applicable,Improved,2,,QA:Insufficient Data(No consideration of ongoing operational impacts in model) | QB:Insufficient Data(No comprehensive plan for long-term monitoring and maintenance in model) | QC:Insufficient Data(No communication of monitoring and maintenance plan with operations and maintena) | QD:Insufficient Data(No allocation of sufficient resources for long-term monitoring and maintenance i) | QE:Insufficient Data(No plan to re-evaluate and modify maintenance plan based on monitored data in mo),A required for Enhanced,Develop long-term monitoring and maintenance plan,Long-term monitoring and maintenance plan document,24260,3218,873.61,True,False,True
zero_shot,3,00_sample_project,Leadership,LD2.4,Plan for End-of-Life,,Applicable,Improved,2,,"QA:Insufficient Data(No end-of-life plan developed in model) | QB:Insufficient Data(No evaluation of opportunities to extend project's useful life or beneficially r) | QC:Insufficient Data(No assessment of potential social, environmental, and economic end-of-life impac) | QD:Insufficient Data(No evaluation of costs and salvage value of project's deconstruction, decommissi) | QE:Insufficient Data(No proactive engagement of stakeholders in end-of-life planning in model)","A, B required for Enhanced",Develop end-of-life plan,End-of-life plan document,24260,3218,873.61,True,False,True
zero_shot,3,00_sample_project,Leadership,LD3.1,Stimulate Economic Prosperity and Development,,Applicable,Improved,3,,"QA:Insufficient Data(No creation of significant number of new jobs during design, construction, and o) | QB:Insufficient Data(No provision of new operating capacity for business, industry, or the public in ) | QC:Insufficient Data(No increase in access, quality, and/or socioeconomic conditions for community in) | QD:Insufficient Data(No improvement of community attractiveness for business, industry, or the public) | QE:Insufficient Data(No stimulation of economic prosperity and further economic development in model)","A, B required for Enhanced",Conduct economic impact assessment,Economic impact assessment report,24260,3218,873.61,True,False,True
zero_shot,3,00_sample_project,Leadership,LD3.2,Develop Local Skills and Capabilities,,Applicable,Improved,2,,"QA:Insufficient Data(No inclusion of training programs for local skill development in model) | QB:Insufficient Data(No identification of skill or capability gaps in local workforce and targeting o) | QC:Insufficient Data(No continuation of training, education, or skill development programs after proj) | QD:Insufficient Data(No targeting of training and skill development programs to economically depresse)",A required for Enhanced,Develop local skills and capabilities plan,Local skills and capabilities plan document,24260,3218,873.61,True,False,True
zero_shot,3,00_sample_project,Leadership,LD3.3,Conduct a Life-Cycle Economic Evaluation,,Applicable,Improved,5,,"QA:Insufficient Data(No life-cycle cost analysis conducted to identify financial impacts of whole pro) | QB:Insufficient Data(No use of life-cycle cost analyses to compare alternatives for major project com) | QC:Insufficient Data(No mapping of social, environmental, and financial costs and benefits of project) | QD:Insufficient Data(No conduct of cost-benefit analysis to identify financial, social, and environme) | QE:Insufficient Data(No use of cost-benefit analyses to compare alternatives for major project compon)",A required for Enhanced,Conduct life-cycle economic evaluation,Life-cycle economic evaluation report,24260,3218,873.61,True,False,True
zero_shot,3,00_sample_project,Natural World,,,,,,,,,,,,28099,3901,1118.18,False,True,True
zero_shot,3,00_sample_project,Quality Of Life,,,,,,,,,,,,27044,4000,1088.61,False,True,True
zero_shot,3,00_sample_project,Resource Allocation,RA1.1,Support Sustainable Procurement Practices,,Applicable,,,"The project involves the use of physical materials in construction or operation, making this credit applicable.",QA:Insufficient Data(No information on sustainable procurement policy or program found in the PDF met) | QB:Insufficient Data(No information on extent of materials meeting sustainable procurement requiremen),,Develop a sustainable procurement policy or program; Conduct a materials sourcing and procurement planning review,Sustainable procurement policy or program document; Materials sourcing and procurement plan,26530,2905,789.75,True,False,True
zero_shot,3,00_sample_project,Resource Allocation,RA1.2,Use Recycled Materials,,Applicable,,,"The project involves the use of physical materials in construction or operation, making this credit applicable.",QA:Insufficient Data(No information on recycled material usage found in the PDF metadata.),,Specify and source recycled materials for the project,Recycled materials specification and sourcing plan,26530,2905,789.75,True,False,True
zero_shot,3,00_sample_project,Resource Allocation,RA1.3,Reduce Operational Waste,,Applicable,,,"The project produces operational waste, making this credit applicable.",QA:Insufficient Data(No information on waste management plan found in the PDF metadata.) | QB:Insufficient Data(No information on extent of operational waste reduction found in the PDF metadat),,Develop a waste management plan; Conduct an operational waste reduction planning review,Waste management plan; Operational waste reduction strategy,26530,2905,789.75,True,False,True
zero_shot,3,00_sample_project,Resource Allocation,RA1.4,Reduce Construction Waste,,Applicable,,,"The project produces construction waste, making this credit applicable.",QA:Insufficient Data(No information on comprehensive waste management plan found in the PDF metadata.) | QB:Insufficient Data(No information on extent of construction waste reduction found in the PDF metada),,Develop a comprehensive waste management plan; Conduct a construction waste reduction planning review,Comprehensive waste management plan; Construction waste reduction strategy,26530,2905,789.75,True,False,True
zero_shot,3,00_sample_project,Resource Allocation,RA1.5,Balance Earthwork On Site,,Applicable,,,"The project involves earthwork, making this credit applicable.",QA:Insufficient Data(No information on earthwork balancing found in the PDF metadata.),,Develop an earthwork balancing plan,Earthwork balancing plan,26530,2905,789.75,True,False,True
zero_shot,3,00_sample_project,Resource Allocation,RA2.1,Reduce Operational Energy Consumption,,Applicable,,,"The project consumes energy during operation, making this credit applicable.",QA:Insufficient Data(No information on estimated annual energy consumption found in the PDF metadata.) | QB:Insufficient Data(No information on extent of operational energy reduction found in the PDF metada),,Estimate annual energy consumption; Conduct an operational energy reduction planning review,Energy consumption estimate; Operational energy reduction strategy,26530,2905,789.75,True,False,True
zero_shot,3,00_sample_project,Resource Allocation,RA2.2,Reduce Construction Energy Consumption,,Applicable,,,"The project consumes energy during construction, making this credit applicable.",QA:Insufficient Data(No information on planning reviews for energy reduction found in the PDF metadat) | QB:Insufficient Data(No information on extent of construction energy reduction found in the PDF metad),,Develop a construction energy reduction plan; Specify energy-efficient equipment,Construction energy reduction plan; Energy-efficient equipment specification,26530,2905,789.75,True,False,True
zero_shot,3,00_sample_project,Resource Allocation,RA2.3,Use Renewable Energy,,Applicable,,,"The project consumes energy during operation, making this credit applicable.",QA:Insufficient Data(No information on renewable energy usage found in the PDF metadata.),,Design and install a renewable energy system,Renewable energy system design and installation plan,26530,2905,789.75,True,False,True
zero_shot,3,00_sample_project,Resource Allocation,RA2.4,Commission and Monitor Energy Systems,,Applicable,,,"The project consumes energy during operation, making this credit applicable.",QA:Insufficient Data(No information on advanced integrated monitoring systems found in the PDF metada) | QB:Insufficient Data(No information on commissioning plan found in the PDF metadata.) | QC:Insufficient Data(No information on ongoing commissioning plan found in the PDF metadata.),,Develop a commissioning plan; Plan for ongoing monitoring and maintenance,Commissioning plan; Ongoing monitoring and maintenance plan,26530,2905,789.75,True,False,True
zero_shot,3,00_sample_project,Resource Allocation,RA3.1,Preserve Water Resources,,Applicable,,,"The project consumes water during operation, making this credit applicable.",QA:Insufficient Data(No information on watershed assessment found in the PDF metadata.) | QB:Insufficient Data(No information on water usage estimate found in the PDF metadata.) | QC:Insufficient Data(No information on features to minimize negative impacts on water resources found) | QD:Insufficient Data(No information on net-zero impact on water resources found in the PDF metadata.) | QE:Insufficient Data(No information on watershed-level or regional plan found in the PDF metadata.) | QF:Insufficient Data(No information on direct net-positive improvement to the watershed found in the ),,Conduct a watershed assessment; Estimate and reduce water usage,Watershed assessment report; Water usage estimate and reduction plan,26530,2905,789.75,True,False,True
zero_shot,3,00_sample_project,Resource Allocation,RA3.2,Reduce Operational Water Consumption,,Applicable,,,"The project consumes water during operation, making this credit applicable.",QA:Insufficient Data(No information on planning reviews for water reduction found in the PDF metadata) | QB:Insufficient Data(No information on extent of potable water reduction found in the PDF metadata.) | QC:Insufficient Data(No information on overall water use reduction found in the PDF metadata.) | QD:Insufficient Data(No information on net-positive impact on water use found in the PDF metadata.),,Develop a water reduction plan; Estimate potable and overall water usage,Water reduction plan; Potable and overall water usage estimates,26530,2905,789.75,True,False,True
zero_shot,3,00_sample_project,Resource Allocation,RA3.3,Reduce Construction Water Consumption,,Applicable,,,"The project consumes water during construction, making this credit applicable.",QA:Insufficient Data(No information on planning reviews for water reduction found in the PDF metadata) | QB:Insufficient Data(No information on extent of potable water conservation found in the PDF metadata),,Develop a construction water reduction plan; Implement potable water conservation measures,Construction water reduction plan; Potable water conservation measures,26530,2905,789.75,True,False,True
zero_shot,3,00_sample_project,Resource Allocation,RA3.4,Monitor Water Systems,,Applicable,,,"The project consumes water during operation, making this credit applicable.",QA:Insufficient Data(No information on advanced integrated monitoring systems found in the PDF metada) | QB:Insufficient Data(No information on real-time water monitoring found in the PDF metadata.),,Design and install a water monitoring system,Water monitoring system design and installation plan,26530,2905,789.75,True,False,True
