arm,run,file,category,credit_id,credit_name,max_points,applicability,estimated_level,estimated_points,justification,questions_summary,level_guide_reference,concept_phase_actions,documentation_needed,input_tokens,output_tokens,elapsed_seconds,valid_json,truncated,success
rag,1,00_sample_project,Climate And Resilience,CR2.1,Avoid Unsuitable Development,14,Applicable,No Level,0,,QA:Insufficient Data(No information on site selection process) | QB:Insufficient Data(No environmental impact assessment available),A + B required for Improved,Conduct site selection process with environmental considerations; Perform environmental impact assessment,Site selection report; Environmental impact assessment,17617,1284,366.91,True,False,True
rag,1,00_sample_project,Climate And Resilience,CR2.2,Assess Climate Change Vulnerability,20,Applicable,Improved,8,,"QA:Likely Yes(Project location in Brownsville, PA, suggests potential climate change impacts) | QB:Insufficient Data(No vulnerability assessment available)",A + B required for Improved,Conduct climate change vulnerability assessment,Climate change vulnerability assessment report,17617,1284,366.91,True,False,True
rag,1,00_sample_project,Climate And Resilience,CR2.3,Evaluate Risk and Resilience,26,Applicable,No Level,0,,QA:Insufficient Data(No risk assessment available) | QB:Insufficient Data(No identification of critical functions and dependencies),A + B + C + D + E required for Conserving,Conduct risk assessment; Identify critical functions and dependencies,Risk assessment report; Critical functions and dependencies identification document,17617,1284,366.91,True,False,True
rag,1,00_sample_project,Climate And Resilience,CR2.4,Establish Resilience Goals and Strategies,20,Applicable,No Level,0,,QA:Insufficient Data(No project performance goals available) | QB:Insufficient Data(No risk management strategies developed),A + B required for Enhanced,Develop project performance goals; Establish risk management strategies,Project performance goals document; Risk management strategies report,17617,1284,366.91,True,False,True
rag,1,00_sample_project,Climate And Resilience,CR2.5,Maximize Resilience,26,Applicable,No Level,0,,QA:Insufficient Data(No resilience goals and strategies developed) | QB:Insufficient Data(No implementation of resilience strategies),A + B + C + D + E required for Conserving,Develop resilience goals and strategies; Implement resilience strategies,Resilience goals and strategies document; Resilience strategies implementation report,17617,1284,366.91,True,False,True
rag,1,00_sample_project,Climate And Resilience,CR2.6,Improve Infrastructure Integration,18,Applicable,No Level,0,,QA:Insufficient Data(No consideration of infrastructure integration) | QB:Insufficient Data(No evaluation of systems performance),A + B required for Improved,Consider infrastructure integration; Evaluate systems performance,Infrastructure integration report; Systems performance evaluation document,17617,1284,366.91,True,False,True
rag,1,00_sample_project,Leadership,LD1.1,Provide Effective Leadership and Commitment,10,Applicable,Improved,2,,"QA:Likely Yes(Project team includes multiple stakeholders (Cartesian Inverse, PA; Etienne Oise) | QB:Insufficient Data(No information on sustainability goals or targets)",A + B required for Enhanced,Develop sustainability goals and targets,Sustainability management plan; Stakeholder engagement records,17191,1953,542.38,True,False,True
rag,1,00_sample_project,Leadership,LD1.2,Foster Collaboration and Teamwork,8,Applicable,Improved,2,,"QA:Likely Yes(Multiple stakeholders involved in project team (Cartesian Inverse, PA; Etienne O) | QB:Insufficient Data(No information on collaboration tools or processes)",A + B required for Enhanced,Establish collaboration tools and processes,Collaboration plan; Meeting minutes,17191,1953,542.38,True,False,True
rag,1,00_sample_project,Leadership,LD1.3,Encourage Public Engagement and Participation,8,Applicable,No Level,0,,QA:Insufficient Data(No information on public engagement or participation) | QB:Insufficient Data(No information on community outreach or education),A + B required for Improved,Develop public engagement and participation plan,Public engagement plan; Community outreach records,17191,1953,542.38,True,False,True
rag,1,00_sample_project,Leadership,LD1.4,Pursue Byproduct Synergies,10,Applicable,No Level,0,,QA:Insufficient Data(No information on byproduct synergies) | QB:Insufficient Data(No information on waste reduction or material reuse),A + B required for Improved,Investigate byproduct synergies and waste reduction opportunities,Byproduct synergy plan; Waste reduction strategy,17191,1953,542.38,True,False,True
rag,1,00_sample_project,Leadership,LD2.1,Establish a Sustainability Management Plan,12,Applicable,No Level,0,,QA:Insufficient Data(No information on sustainability management plan) | QB:Insufficient Data(No information on monitoring and reporting processes),A + B required for Improved,Develop sustainability management plan,Sustainability management plan; Monitoring and reporting records,17191,1953,542.38,True,False,True
rag,1,00_sample_project,Leadership,LD2.2,Plan for Sustainable Communities,10,Applicable,No Level,0,,QA:Insufficient Data(No information on community planning or development) | QB:Insufficient Data(No information on social and economic benefits),A + B required for Improved,Develop community planning and development strategy,Community plan; Social and economic benefit analysis,17191,1953,542.38,True,False,True
rag,1,00_sample_project,Leadership,LD2.3,Conduct a Life-Cycle Economic Evaluation,12,Applicable,No Level,0,,QA:Insufficient Data(No information on life-cycle economic evaluation) | QB:Insufficient Data(No information on cost-benefit analysis or return on investment),A + B required for Improved,Conduct life-cycle economic evaluation,Life-cycle economic evaluation report; Cost-benefit analysis,17191,1953,542.38,True,False,True
rag,1,00_sample_project,Leadership,LD3.1,Develop a Construction Management Plan,10,Applicable,No Level,0,,QA:Insufficient Data(No information on construction management plan) | QB:Insufficient Data(No information on waste reduction or material reuse during construction),A + B required for Improved,Develop construction management plan,Construction management plan; Waste reduction strategy,17191,1953,542.38,True,False,True
rag,1,00_sample_project,Leadership,LD3.2,Implement a Quality Control and Assurance Plan,8,Applicable,No Level,0,,QA:Insufficient Data(No information on quality control and assurance plan) | QB:Insufficient Data(No information on testing or inspection procedures),A + B required for Improved,Develop quality control and assurance plan,Quality control and assurance plan; Testing or inspection records,17191,1953,542.38,True,False,True
rag,1,00_sample_project,Leadership,LD3.3,Conduct a Life-Cycle Assessment,12,Applicable,No Level,0,,QA:Insufficient Data(No information on life-cycle assessment) | QB:Insufficient Data(No information on environmental impacts or benefits),A + B required for Improved,Conduct life-cycle assessment,Life-cycle assessment report; Environmental impact analysis,17191,1953,542.38,True,False,True
rag,1,00_sample_project,Natural World,NW1.1,Conserve Natural Areas,14,APPLICABLE,No Level,0,"The project is located in an area with potential natural habitats and ecosystems, making conservation of natural areas relevant.",QA:Insufficient Data(No information on natural habitat preservation) | QB:Insufficient Data(No data on native plant species used in landscaping),A + B required for Improved,Conduct site assessment to identify natural habitats; Research local native plant species for landscaping,Site assessment report; Native plant species list,17916,1349,405.26,True,False,True
rag,1,00_sample_project,Natural World,NW1.2,Provide Wetland and Surface Water Buffers,10,APPLICABLE,No Level,0,The project's location near water bodies makes wetland and surface water buffers relevant.,QA:Insufficient Data(No information on wetland or surface water buffer zones) | QB:Insufficient Data(No data on buffer zone maintenance plans),A + B required for Improved,Conduct wetland and surface water assessment; Develop buffer zone maintenance plan,Wetland and surface water assessment report; Buffer zone maintenance plan,17916,1349,405.26,True,False,True
rag,1,00_sample_project,Natural World,NW2.2,Manage Stormwater,24,APPLICABLE,No Level,0,The project's potential impact on stormwater runoff makes management relevant.,QA:Insufficient Data(No information on stormwater management strategies) | QB:Insufficient Data(No data on stormwater runoff reduction targets),A + B required for Improved,Develop stormwater management plan; Set stormwater runoff reduction targets,Stormwater management plan; Runoff reduction target documentation,17916,1349,405.26,True,False,True
rag,1,00_sample_project,Natural World,NW2.4,Protect Surface and Groundwater Quality,14,APPLICABLE,No Level,0,The project's potential impact on surface and groundwater quality makes protection relevant.,QA:Insufficient Data(No information on surface and groundwater protection measures) | QB:Insufficient Data(No data on water quality monitoring plans),A + B required for Improved,Develop surface and groundwater protection plan; Establish water quality monitoring program,Surface and groundwater protection plan; Water quality monitoring plan,17916,1349,405.26,True,False,True
rag,1,00_sample_project,Natural World,NW3.3,Maintain Floodplain Functions,14,APPLICABLE,No Level,0,The project's location in a floodplain makes maintaining floodplain functions relevant.,QA:Insufficient Data(No information on floodplain function preservation) | QB:Insufficient Data(No data on vegetated zone preservation),A + B required for Improved,Conduct floodplain function assessment; Develop plan to preserve vegetated zones,Floodplain function assessment report; Vegetated zone preservation plan,17916,1349,405.26,True,False,True
rag,1,00_sample_project,Natural World,NW3.5,Protect Soil Health,10,APPLICABLE,No Level,0,The project's potential impact on soil health makes protection relevant.,QA:Insufficient Data(No information on soil health protection measures) | QB:Insufficient Data(No data on soil erosion control plans),A + B required for Improved,Develop soil health protection plan; Establish soil erosion control measures,Soil health protection plan; Soil erosion control plan,17916,1349,405.26,True,False,True
rag,1,00_sample_project,Quality Of Life,QL1.1,Improve Community Quality of Life,26,Applicable,Improved,2,"The project is a mixed-use development with residential, commercial, and community spaces, indicating potential for community quality of life improvements.",QA:Likely Yes(Project includes live/work units and community spaces.) | QB:Insufficient Data(Lack of information on community engagement and feedback mechanisms.),A + B required for Enhanced,Engage with local stakeholders to understand community needs and priorities.,Community engagement records; Stakeholder feedback mechanisms,17220,2486,844.38,True,False,True
rag,1,00_sample_project,Quality Of Life,QL1.2,Enhance Public Health & Safety,20,Applicable,Improved,2,"The project includes residential and commercial spaces, which can impact public health and safety.",QA:Likely Yes(Project includes fire resistive walls and smoke barriers.) | QB:Insufficient Data(Lack of information on emergency response planning and evacuation procedures.),A + B required for Enhanced,Develop emergency response plan and evacuation procedures.,Emergency response plan; Evacuation procedure documents,17220,2486,844.38,True,False,True
rag,1,00_sample_project,Quality Of Life,QL1.3,Improve Construction Safety,14,Applicable,Improved,2,The project involves construction activities that can impact worker safety.,QA:Likely Yes(Project includes safety protocols for workers.) | QB:Insufficient Data(Lack of information on worker training programs and site-specific hazard assessm),A + B required for Enhanced,Develop worker training programs and conduct site-specific hazard assessments.,Worker training records; Site-specific hazard assessment reports,17220,2486,844.38,True,False,True
rag,1,00_sample_project,Quality Of Life,QL1.4,Minimize Noise & Vibration,12,Applicable,Improved,1,The project includes residential and commercial spaces that can be impacted by noise and vibration.,QA:Likely Yes(Project includes soundproofing measures.) | QB:Insufficient Data(Lack of information on vibration mitigation strategies.),A + B required for Enhanced,Investigate vibration mitigation strategies and implement soundproofing measures.,Soundproofing design documents; Vibration mitigation strategy reports,17220,2486,844.38,True,False,True
rag,1,00_sample_project,Quality Of Life,QL1.5,Minimize Light Pollution,12,Applicable,Improved,1,The project includes exterior lighting that can contribute to light pollution.,QA:Likely Yes(Project includes energy-efficient lighting.) | QB:Insufficient Data(Lack of information on lighting design and controls.),A + B required for Enhanced,Develop lighting design and control strategies to minimize light pollution.,Lighting design documents; Control strategy reports,17220,2486,844.38,True,False,True
rag,1,00_sample_project,Quality Of Life,QL1.6,Minimize Construction Impacts,8,Applicable,Improved,1,The project involves construction activities that can impact the surrounding environment.,QA:Likely Yes(Project includes waste management plan.) | QB:Insufficient Data(Lack of information on construction sequencing and scheduling.),A + B required for Enhanced,Develop construction sequencing and scheduling strategies to minimize impacts.,Construction sequencing documents; Scheduling reports,17220,2486,844.38,True,False,True
rag,1,00_sample_project,Quality Of Life,QL2.1,Improve Community Mobility,14,Applicable,Improved,1,The project includes residential and commercial spaces that can impact community mobility.,QA:Likely Yes(Project includes pedestrian-friendly design.) | QB:Insufficient Data(Lack of information on public transportation access and bikeability.),A + B required for Enhanced,Investigate public transportation access and bikeability options.,Public transportation access reports; Bikeability design documents,17220,2486,844.38,True,False,True
rag,1,00_sample_project,Quality Of Life,QL2.2,Encourage Sustainable Transportation,16,Applicable,Improved,5,The project includes parking and transportation infrastructure that can impact sustainable transportation.,QA:Likely Yes(Project includes electric vehicle charging stations.) | QB:Insufficient Data(Lack of information on alternative transportation options and incentives.),A + B required for Enhanced,Investigate alternative transportation options and incentives.,Alternative transportation option reports; Incentive program documents,17220,2486,844.38,True,False,True
rag,1,00_sample_project,Quality Of Life,QL2.3,Improve Access & Wayfinding,14,Applicable,Improved,1,The project includes public spaces that can impact access and wayfinding.,QA:Likely Yes(Project includes clear signage and navigation.) | QB:Insufficient Data(Lack of information on accessibility features and universal design principles.),A + B required for Enhanced,Investigate accessibility features and universal design principles.,Accessibility feature reports; Universal design principle documents,17220,2486,844.38,True,False,True
rag,1,00_sample_project,Quality Of Life,QL3.1,Advance Equity & Social Justice,18,Applicable,Improved,3,The project includes community spaces that can impact equity and social justice.,QA:Likely Yes(Project includes community engagement and outreach.) | QB:Insufficient Data(Lack of information on inclusive design principles and social impact assessments),A + B required for Enhanced,Investigate inclusive design principles and social impact assessments.,Inclusive design principle reports; Social impact assessment documents,17220,2486,844.38,True,False,True
rag,1,00_sample_project,Quality Of Life,QL3.2,Preserve Historic & Cultural Resources,18,Not Applicable,,0,The project does not involve historic or cultural resources.,,,,,17220,2486,844.38,True,False,True
rag,1,00_sample_project,Quality Of Life,QL3.3,Enhance Views & Local Character,14,Applicable,Improved,1,The project includes public spaces that can impact views and local character.,QA:Likely Yes(Project includes design elements that enhance local character.) | QB:Insufficient Data(Lack of information on view preservation and enhancement strategies.),A + B required for Enhanced,Investigate view preservation and enhancement strategies.,View preservation reports; Enhancement strategy documents,17220,2486,844.38,True,False,True
rag,1,00_sample_project,Resource Allocation,RA1.1,Reduce Materials Use,12,Applicable,No Level,0,,QA:Insufficient Data(No material takeoff or bill of quantities in the model) | QB:Insufficient Data(No information on recycled content or sustainable materials),A + B required for Improved,Develop a material takeoff and bill of quantities; Research sustainable materials and recycled content options,Material takeoff and bill of quantities; Sustainable materials and recycled content research,17210,2640,929.49,True,False,True
rag,1,00_sample_project,Resource Allocation,RA1.2,Use Recycled Materials,10,Applicable,No Level,0,,QA:Insufficient Data(No information on recycled materials used in the project) | QB:Insufficient Data(No documentation of recycled material quantities),A + B required for Improved,Research recycled material options; Develop a plan for incorporating recycled materials into the project,Recycled material research; Plan for incorporating recycled materials,17210,2640,929.49,True,False,True
rag,1,00_sample_project,Resource Allocation,RA1.3,Reduce Operational Waste,8,Applicable,No Level,0,,QA:Insufficient Data(No information on operational waste reduction strategies) | QB:Insufficient Data(No documentation of waste reduction goals or targets),A + B required for Improved,Develop a plan for reducing operational waste; Research waste reduction strategies and technologies,Operational waste reduction plan; Waste reduction goals or targets,17210,2640,929.49,True,False,True
rag,1,00_sample_project,Resource Allocation,RA1.4,Reduce Construction Waste,10,Applicable,No Level,0,,QA:Insufficient Data(No information on construction waste reduction strategies) | QB:Insufficient Data(No documentation of waste reduction goals or targets),A + B required for Improved,Develop a plan for reducing construction waste; Research waste reduction strategies and technologies,Construction waste reduction plan; Waste reduction goals or targets,17210,2640,929.49,True,False,True
rag,1,00_sample_project,Resource Allocation,RA1.5,Balance Earthwork On Site,6,Applicable,No Level,0,,QA:Insufficient Data(No information on earthwork balancing strategies) | QB:Insufficient Data(No documentation of earthwork balancing goals or targets),A + B required for Improved,Develop a plan for balancing earthwork on site; Research earthwork balancing strategies and technologies,Earthwork balancing plan; Earthwork balancing goals or targets,17210,2640,929.49,True,False,True
rag,1,00_sample_project,Resource Allocation,RA2.1,Reduce Operational Energy Consumption,20,Applicable,No Level,0,,QA:Insufficient Data(No information on operational energy consumption reduction strategies) | QB:Insufficient Data(No documentation of energy reduction goals or targets),A + B required for Improved,Develop a plan for reducing operational energy consumption; Research energy reduction strategies and technologies,Operational energy reduction plan; Energy reduction goals or targets,17210,2640,929.49,True,False,True
rag,1,00_sample_project,Resource Allocation,RA2.2,Reduce Construction Energy Consumption,12,Applicable,No Level,0,,QA:Insufficient Data(No information on construction energy consumption reduction strategies) | QB:Insufficient Data(No documentation of energy reduction goals or targets),A + B required for Improved,Develop a plan for reducing construction energy consumption; Research energy reduction strategies and technologies,Construction energy reduction plan; Energy reduction goals or targets,17210,2640,929.49,True,False,True
rag,1,00_sample_project,Resource Allocation,RA2.3,Use Renewable Energy,10,Applicable,No Level,0,,QA:Insufficient Data(No information on renewable energy sources) | QB:Insufficient Data(No documentation of renewable energy goals or targets),A + B required for Improved,Research renewable energy sources; Develop a plan for incorporating renewable energy into the project,Renewable energy research; Plan for incorporating renewable energy,17210,2640,929.49,True,False,True
rag,1,00_sample_project,Resource Allocation,RA2.4,Commission and Monitor Energy Systems,8,Applicable,No Level,0,,QA:Insufficient Data(No information on energy system commissioning or monitoring) | QB:Insufficient Data(No documentation of energy system performance goals or targets),A + B required for Improved,Develop a plan for commissioning and monitoring energy systems; Research energy system performance metrics,Energy system commissioning and monitoring plan; Energy system performance goals or targets,17210,2640,929.49,True,False,True
rag,1,00_sample_project,Resource Allocation,RA3.1,Preserve Water Resources,14,Applicable,No Level,0,,QA:Insufficient Data(No information on water conservation strategies) | QB:Insufficient Data(No documentation of water reduction goals or targets),A + B required for Improved,Develop a plan for preserving water resources; Research water conservation strategies and technologies,Water preservation plan; Water reduction goals or targets,17210,2640,929.49,True,False,True
rag,1,00_sample_project,Resource Allocation,RA3.2,Reduce Operational Water Consumption,12,Applicable,No Level,0,,QA:Insufficient Data(No information on operational water consumption reduction strategies) | QB:Insufficient Data(No documentation of water reduction goals or targets),A + B required for Improved,Develop a plan for reducing operational water consumption; Research water reduction strategies and technologies,Operational water reduction plan; Water reduction goals or targets,17210,2640,929.49,True,False,True
rag,1,00_sample_project,Resource Allocation,RA3.3,Reduce Construction Water Consumption,10,Applicable,No Level,0,,QA:Insufficient Data(No information on construction water consumption reduction strategies) | QB:Insufficient Data(No documentation of water reduction goals or targets),A + B required for Improved,Develop a plan for reducing construction water consumption; Research water reduction strategies and technologies,Construction water reduction plan; Water reduction goals or targets,17210,2640,929.49,True,False,True
rag,1,00_sample_project,Resource Allocation,RA3.4,Monitor Water Systems,8,Applicable,No Level,0,,QA:Insufficient Data(No information on water system monitoring) | QB:Insufficient Data(No documentation of water system performance goals or targets),A + B required for Improved,Develop a plan for monitoring water systems; Research water system performance metrics,Water system monitoring plan; Water system performance goals or targets,17210,2640,929.49,True,False,True
rag,2,00_sample_project,Climate And Resilience,CR2.1,Avoid Unsuitable Development,14,APPLICABLE,No Level,0,"The project is located in Brownsville, PA, and has a significant impact on the community. It would be difficult to demonstrate that this credit is not relevant or applicable.",QA:Insufficient Data(No information on site selection process) | QB:Insufficient Data(No information on environmental impact assessment),A + B required for Improved,Conduct site selection process; Perform environmental impact assessment,Site selection report; Environmental impact assessment report,17617,1700,610.15,True,False,True
rag,2,00_sample_project,Climate And Resilience,CR2.2,Assess Climate Change Vulnerability,20,APPLICABLE,No Level,0,"The project is potentially impacted by climate change, and it would be difficult to demonstrate that this credit is not relevant or applicable.",QA:Insufficient Data(No information on climate change threats) | QB:Insufficient Data(No information on project vulnerability) | QC:Insufficient Data(No information on infrastructure system vulnerability) | QD:Insufficient Data(No information on community vulnerability) | QE:Insufficient Data(No information on sharing climate threat findings),A + B required for Improved,Conduct climate change vulnerability assessment; Identify project and infrastructure system vulnerabilities,Climate change vulnerability assessment report; Project and infrastructure system vulnerability reports,17617,1700,610.15,True,False,True
rag,2,00_sample_project,Climate And Resilience,CR2.3,Evaluate Risk and Resilience,26,APPLICABLE,No Level,0,"The project is exposed to risks, and it would be difficult to demonstrate that this credit is not relevant or applicable.",QA:Insufficient Data(No information on risk assessment) | QB:Insufficient Data(No information on critical functions and dependencies) | QC:Insufficient Data(No information on threats or hazards) | QD:Insufficient Data(No information on vulnerabilities of critical functions and dependencies) | QE:Insufficient Data(No information on risk evaluation) | QF:Insufficient Data(No information on stakeholder participation in risk evaluation),A + B + C + D + E required for Improved,Conduct risk assessment; Identify critical functions and dependencies; Evaluate risks,Risk assessment report; Critical functions and dependencies report; Risk evaluation report,17617,1700,610.15,True,False,True
rag,2,00_sample_project,Climate And Resilience,CR2.4,Establish Resilience Goals and Strategies,20,APPLICABLE,No Level,0,"The project is exposed to risks, and it would be difficult to demonstrate that this credit is not relevant or applicable.",QA:Insufficient Data(No information on project performance goals and risk appetite) | QB:Insufficient Data(No information on risk management strategies) | QC:Insufficient Data(No information on stakeholder engagement in developing resilience goals) | QD:Insufficient Data(No information on community resilience or climate change adaptation goals),A + B required for Enhanced,Establish project performance goals and risk appetite; Develop risk management strategies,Project performance goals and risk appetite report; Risk management strategies report,17617,1700,610.15,True,False,True
rag,2,00_sample_project,Climate And Resilience,CR2.5,Maximize Resilience,26,APPLICABLE,No Level,0,"The project is exposed to risks, and it would be difficult to demonstrate that this credit is not relevant or applicable.",QA:Insufficient Data(No information on resilience goals and strategies) | QB:Insufficient Data(No information on implementation of resilience strategies) | QC:Insufficient Data(No information on monitoring and review of resilience strategies) | QD:Insufficient Data(No information on incorporation of resilience goals and strategies into operatio) | QE:Insufficient Data(No information on methods for measuring or quantifying resilience performance ta),A + B required for Improved,Develop resilience goals and strategies; Implement resilience strategies,Resilience goals and strategies report; Implementation of resilience strategies report,17617,1700,610.15,True,False,True
rag,2,00_sample_project,Climate And Resilience,CR2.6,Improve Infrastructure Integration,18,APPLICABLE,No Level,0,"The project is part of a larger infrastructure system, and it would be difficult to demonstrate that this credit is not relevant or applicable.",QA:Insufficient Data(No information on infrastructure integration),A required for Improved,Improve infrastructure integration,Infrastructure integration report,17617,1700,610.15,True,False,True
rag,2,00_sample_project,Leadership,LD1.1,Provide Effective Leadership and Commitment,10,Applicable,Improved,2,,"QA:Likely Yes(Project team includes multiple stakeholders (Cartesian Inverse, PA; Etienne Oise) | QB:Insufficient Data(No information on sustainability goals or targets)",A + B required for Enhanced,Develop sustainability goals and targets,Sustainability management plan; Stakeholder engagement records,17191,1954,693.75,True,False,True
rag,2,00_sample_project,Leadership,LD1.2,Foster Collaboration and Teamwork,8,Applicable,Improved,2,,"QA:Likely Yes(Multiple stakeholders involved in project team (Cartesian Inverse, PA; Etienne O) | QB:Insufficient Data(No information on collaboration tools or processes)",A + B required for Enhanced,Establish collaboration tools and processes,Collaboration plan; Meeting minutes,17191,1954,693.75,True,False,True
rag,2,00_sample_project,Leadership,LD1.3,Encourage Public Engagement and Participation,8,Applicable,No Level,0,,QA:Insufficient Data(No information on public engagement or participation) | QB:Insufficient Data(No information on community outreach or education),A + B required for Improved,Develop public engagement and participation plan,Public engagement plan; Community outreach records,17191,1954,693.75,True,False,True
rag,2,00_sample_project,Leadership,LD1.4,Pursue Byproduct Synergies,10,Applicable,No Level,0,,QA:Insufficient Data(No information on byproduct synergies) | QB:Insufficient Data(No information on waste reduction or material reuse),A + B required for Improved,Investigate byproduct synergies and waste reduction opportunities,Byproduct synergy plan; Waste reduction strategy,17191,1954,693.75,True,False,True
rag,2,00_sample_project,Leadership,LD2.1,Establish a Sustainability Management Plan,12,Applicable,No Level,0,,QA:Insufficient Data(No information on sustainability management plan) | QB:Insufficient Data(No information on monitoring and reporting processes),A + B required for Improved,Develop sustainability management plan,Sustainability management plan; Monitoring and reporting records,17191,1954,693.75,True,False,True
rag,2,00_sample_project,Leadership,LD2.2,Plan for Sustainable Communities,10,Applicable,No Level,0,,QA:Insufficient Data(No information on community planning or development) | QB:Insufficient Data(No information on social and economic benefits),A + B required for Improved,Develop community planning and development strategy,Community plan; Social and economic impact assessment,17191,1954,693.75,True,False,True
rag,2,00_sample_project,Leadership,LD2.3,Conduct a Life-Cycle Economic Evaluation,12,Applicable,No Level,0,,QA:Insufficient Data(No information on life-cycle economic evaluation) | QB:Insufficient Data(No information on cost-benefit analysis or return on investment),A + B required for Improved,Conduct life-cycle economic evaluation,Life-cycle economic evaluation report; Cost-benefit analysis,17191,1954,693.75,True,False,True
rag,2,00_sample_project,Leadership,LD3.1,Encourage Sustainable Procurement Practices,10,Applicable,No Level,0,,QA:Insufficient Data(No information on sustainable procurement practices) | QB:Insufficient Data(No information on environmentally responsible purchasing),A + B required for Improved,Develop sustainable procurement plan,Sustainable procurement plan; Environmentally responsible purchasing records,17191,1954,693.75,True,False,True
rag,2,00_sample_project,Leadership,LD3.2,Support Local and Regional Economies,8,Applicable,No Level,0,,QA:Insufficient Data(No information on local or regional economic benefits) | QB:Insufficient Data(No information on community development or job creation),A + B required for Improved,Develop local and regional economic development strategy,Local and regional economic development plan; Community development records,17191,1954,693.75,True,False,True
rag,2,00_sample_project,Leadership,LD3.3,Conduct a Life-Cycle Assessment,12,Applicable,No Level,0,,QA:Insufficient Data(No information on life-cycle assessment) | QB:Insufficient Data(No information on environmental impacts or resource usage),A + B required for Improved,Conduct life-cycle assessment,Life-cycle assessment report; Environmental impact statement,17191,1954,693.75,True,False,True
rag,2,00_sample_project,Natural World,NW1.1,Conserve Natural Areas,14,APPLICABLE,Improved,2,"The project is located in Brownsville, PA, and has a site plan, indicating potential natural areas to conserve.",QA:Insufficient Data(No information on natural area conservation) | QB:Insufficient Data(No information on habitat preservation),A + B required for Improved,Conduct site analysis to identify natural areas; Develop conservation plan,Site analysis report; Conservation plan,17916,1325,506.66,True,False,True
rag,2,00_sample_project,Natural World,NW1.2,Provide Wetland and Surface Water Buffers,10,APPLICABLE,Improved,2,"The project has a site plan, indicating potential wetlands or surface water to buffer.",QA:Insufficient Data(No information on wetland or surface water buffers) | QB:Insufficient Data(No information on buffer zone size),A + B required for Improved,Conduct site analysis to identify wetlands or surface water; Develop buffer zone plan,Site analysis report; Buffer zone plan,17916,1325,506.66,True,False,True
rag,2,00_sample_project,Natural World,NW2.2,Manage Stormwater,24,APPLICABLE,Improved,2,"The project has a site plan, indicating potential stormwater management needs.",QA:Insufficient Data(No information on stormwater management) | QB:Insufficient Data(No information on rate or quantity of runoff),A + B required for Improved,Conduct stormwater analysis; Develop stormwater management plan,Stormwater analysis report; Stormwater management plan,17916,1325,506.66,True,False,True
rag,2,00_sample_project,Natural World,NW2.4,Protect Surface and Groundwater Quality,14,APPLICABLE,Improved,1,"The project has a site plan, indicating potential surface or groundwater quality concerns.",QA:Insufficient Data(No information on surface or groundwater quality protection) | QB:Insufficient Data(No information on pollution prevention measures),A + B required for Improved,Conduct water quality analysis; Develop pollution prevention plan,Water quality analysis report; Pollution prevention plan,17916,1325,506.66,True,False,True
rag,2,00_sample_project,Natural World,NW3.3,Maintain Floodplain Functions,14,APPLICABLE,Improved,1,"The project is located in Brownsville, PA, and has a site plan, indicating potential floodplain functions to maintain.",QA:Insufficient Data(No information on floodplain functions) | QB:Insufficient Data(No information on vegetated zones preservation),A + B required for Improved,Conduct floodplain analysis; Develop floodplain management plan,Floodplain analysis report; Floodplain management plan,17916,1325,506.66,True,False,True
rag,2,00_sample_project,Natural World,NW3.5,Protect Soil Health,10,APPLICABLE,Improved,2,"The project has a site plan, indicating potential soil health concerns.",QA:Insufficient Data(No information on soil health protection) | QB:Insufficient Data(No information on erosion control measures),A + B required for Improved,Conduct soil analysis; Develop erosion control plan,Soil analysis report; Erosion control plan,17916,1325,506.66,True,False,True
rag,2,00_sample_project,Quality Of Life,QL1.1,Improve Community Quality of Life,26,Applicable,Improved,5,"The project is a mixed-use development with residential, commercial, and community spaces, indicating potential for community quality of life improvements.",QA:Likely Yes(Project includes live/work units and community spaces.) | QB:Insufficient Data(Lack of information on community engagement and feedback mechanisms.) | QC:Likely Yes(Project incorporates green spaces and outdoor areas.) | QD:Insufficient Data(Lack of information on accessibility features and universal design principles.),A + B,Conduct community outreach and engagement to inform design decisions.; Incorporate accessible and universal design principles into the project.,Community engagement records; Accessibility features and universal design principles documentation,17220,2964,1069.15,True,False,True
rag,2,00_sample_project,Quality Of Life,QL1.2,Enhance Public Health & Safety,20,Applicable,Improved,7,"The project includes residential and commercial spaces, indicating potential public health and safety concerns.",QA:Likely Yes(Project incorporates natural ventilation and daylighting strategies.) | QB:Insufficient Data(Lack of information on indoor air quality monitoring and maintenance protocols.) | QC:Likely Yes(Project includes emergency response plan and fire suppression systems.),A + B,Develop indoor air quality monitoring and maintenance protocols.; Incorporate public health and safety considerations into the project's emergency response plan.,Indoor air quality monitoring and maintenance protocols; Public health and safety considerations documentation,17220,2964,1069.15,True,False,True
rag,2,00_sample_project,Quality Of Life,QL1.3,Improve Construction Safety,14,Applicable,Improved,5,"The project involves construction activities, indicating potential construction safety concerns.",QA:Likely Yes(Project includes construction safety plan and training programs.) | QB:Insufficient Data(Lack of information on site-specific hazard assessments and mitigation strategie),A + B,Conduct site-specific hazard assessments and develop mitigation strategies.; Incorporate construction safety considerations into the project's overall safety plan.,Construction safety plan and training programs documentation; Site-specific hazard assessments and mitigation strategies documentation,17220,2964,1069.15,True,False,True
rag,2,00_sample_project,Quality Of Life,QL1.4,Minimize Noise & Vibration,12,Applicable,Improved,3,"The project includes residential and commercial spaces, indicating potential noise and vibration concerns.",QA:Likely Yes(Project incorporates sound-absorbing materials and acoustic design strategies.) | QB:Insufficient Data(Lack of information on vibration mitigation measures and monitoring protocols.),A + B,Develop vibration mitigation measures and monitoring protocols.; Incorporate noise and vibration considerations into the project's overall design.,Sound-absorbing materials and acoustic design strategies documentation; Vibration mitigation measures and monitoring protocols documentation,17220,2964,1069.15,True,False,True
rag,2,00_sample_project,Quality Of Life,QL1.5,Minimize Light Pollution,12,Applicable,Improved,3,"The project includes exterior lighting, indicating potential light pollution concerns.",QA:Likely Yes(Project incorporates energy-efficient and shielded lighting fixtures.) | QB:Insufficient Data(Lack of information on lighting controls and scheduling protocols.),A + B,Develop lighting controls and scheduling protocols.; Incorporate light pollution considerations into the project's overall design.,Energy-efficient and shielded lighting fixtures documentation; Lighting controls and scheduling protocols documentation,17220,2964,1069.15,True,False,True
rag,2,00_sample_project,Quality Of Life,QL1.6,Minimize Construction Impacts,8,Applicable,Improved,2,"The project involves construction activities, indicating potential construction impacts.",QA:Likely Yes(Project includes construction waste management plan and recycling programs.) | QB:Insufficient Data(Lack of information on site-specific construction impact assessments and mitigat),A + B,Conduct site-specific construction impact assessments and develop mitigation strategies.; Incorporate construction impact considerations into the project's overall plan.,Construction waste management plan and recycling programs documentation; Site-specific construction impact assessments and mitigation strategies documentation,17220,2964,1069.15,True,False,True
rag,2,00_sample_project,Quality Of Life,QL2.1,Improve Community Mobility,14,Applicable,Improved,7,"The project includes residential and commercial spaces, indicating potential community mobility concerns.",QA:Likely Yes(Project incorporates pedestrian-friendly and bikeable design strategies.) | QB:Insufficient Data(Lack of information on public transportation access and parking management strat),A + B,Develop public transportation access and parking management strategies.; Incorporate community mobility considerations into the project's overall design.,Pedestrian-friendly and bikeable design strategies documentation; Public transportation access and parking management strategies documentation,17220,2964,1069.15,True,False,True
rag,2,00_sample_project,Quality Of Life,QL2.2,Encourage Sustainable Transportation,16,Applicable,Improved,5,"The project includes residential and commercial spaces, indicating potential sustainable transportation concerns.",QA:Likely Yes(Project incorporates electric vehicle charging stations and car-sharing programs) | QB:Insufficient Data(Lack of information on alternative transportation modes and incentives for susta),A + B,Develop alternative transportation modes and incentives for sustainable transportation.; Incorporate sustainable transportation considerations into the project's overall design.,Electric vehicle charging stations and car-sharing programs documentation; Alternative transportation modes and incentives for sustainable transportation documentation,17220,2964,1069.15,True,False,True
rag,2,00_sample_project,Quality Of Life,QL2.3,Improve Access & Wayfinding,14,Applicable,Improved,5,"The project includes residential and commercial spaces, indicating potential access and wayfinding concerns.",QA:Likely Yes(Project incorporates clear signage and wayfinding strategies.) | QB:Insufficient Data(Lack of information on accessible routes and navigation systems.),A + B,Develop accessible routes and navigation systems.; Incorporate access and wayfinding considerations into the project's overall design.,Clear signage and wayfinding strategies documentation; Accessible routes and navigation systems documentation,17220,2964,1069.15,True,False,True
rag,2,00_sample_project,Quality Of Life,QL3.1,Advance Equity & Social Justice,18,Applicable,Improved,6,"The project includes residential and commercial spaces, indicating potential equity and social justice concerns.",QA:Likely Yes(Project incorporates community engagement and participation strategies.) | QB:Insufficient Data(Lack of information on affordable housing options and social services.),A + B,Develop affordable housing options and social services.; Incorporate equity and social justice considerations into the project's overall design.,Community engagement and participation strategies documentation; Affordable housing options and social services documentation,17220,2964,1069.15,True,False,True
rag,2,00_sample_project,Quality Of Life,QL3.2,Preserve Historic & Cultural Resources,18,Applicable,Improved,2,"The project is located in a historic district, indicating potential historic and cultural resource concerns.",QA:Likely Yes(Project incorporates historic preservation strategies and cultural sensitivity.) | QB:Insufficient Data(Lack of information on historic resource documentation and conservation plans.),A + B,Develop historic resource documentation and conservation plans.; Incorporate historic and cultural preservation considerations into the project's overall design.,Historic preservation strategies and cultural sensitivity documentation; Historic resource documentation and conservation plans documentation,17220,2964,1069.15,True,False,True
rag,2,00_sample_project,Quality Of Life,QL3.3,Enhance Views & Local Character,14,Applicable,Improved,3,"The project includes residential and commercial spaces, indicating potential view and local character concerns.",QA:Likely Yes(Project incorporates view preservation strategies and local character considerat) | QB:Insufficient Data(Lack of information on streetscape design and public art integration.),A + B,Develop streetscape design and public art integration strategies.; Incorporate view and local character considerations into the project's overall design.,View preservation strategies and local character considerations documentation; Streetscape design and public art integration documentation,17220,2964,1069.15,True,False,True
rag,2,00_sample_project,Resource Allocation,RA1.1,Reduce Materials Use,12,Applicable,No Level,0,,QA:Insufficient Data(No material takeoff or bill of quantities in the model) | QB:Insufficient Data(No information on recycled content or sustainable materials),A + B required for Improved,Develop a material takeoff and bill of quantities; Research sustainable materials and recycled content options,Material takeoff and bill of quantities; Sustainable materials and recycled content research,17210,2644,930.85,True,False,True
rag,2,00_sample_project,Resource Allocation,RA1.2,Use Recycled Materials,10,Applicable,No Level,0,,QA:Insufficient Data(No information on recycled materials used in the project) | QB:Insufficient Data(No documentation of recycled material quantities),A + B required for Improved,Research recycled material options; Develop a plan for incorporating recycled materials into the project,Recycled material research; Plan for incorporating recycled materials,17210,2644,930.85,True,False,True
rag,2,00_sample_project,Resource Allocation,RA1.3,Reduce Operational Waste,8,Applicable,No Level,0,,QA:Insufficient Data(No information on operational waste reduction strategies) | QB:Insufficient Data(No documentation of waste reduction goals or targets),A + B required for Improved,Develop a plan for reducing operational waste; Research waste reduction strategies and technologies,Operational waste reduction plan; Waste reduction goals or targets,17210,2644,930.85,True,False,True
rag,2,00_sample_project,Resource Allocation,RA1.4,Reduce Construction Waste,10,Applicable,No Level,0,,QA:Insufficient Data(No information on construction waste reduction strategies) | QB:Insufficient Data(No documentation of waste reduction goals or targets),A + B required for Improved,Develop a plan for reducing construction waste; Research waste reduction strategies and technologies,Construction waste reduction plan; Waste reduction goals or targets,17210,2644,930.85,True,False,True
rag,2,00_sample_project,Resource Allocation,RA1.5,Balance Earthwork On Site,6,Applicable,No Level,0,,QA:Insufficient Data(No information on earthwork balancing strategies) | QB:Insufficient Data(No documentation of earthwork balancing goals or targets),A + B required for Improved,Develop a plan for balancing earthwork on site; Research earthwork balancing strategies and technologies,Earthwork balancing plan; Earthwork balancing goals or targets,17210,2644,930.85,True,False,True
rag,2,00_sample_project,Resource Allocation,RA2.1,Reduce Operational Energy Consumption,20,Applicable,No Level,0,,QA:Insufficient Data(No information on operational energy consumption reduction strategies) | QB:Insufficient Data(No documentation of energy reduction goals or targets),A + B required for Improved,Develop a plan for reducing operational energy consumption; Research energy reduction strategies and technologies,Operational energy consumption reduction plan; Energy reduction goals or targets,17210,2644,930.85,True,False,True
rag,2,00_sample_project,Resource Allocation,RA2.2,Reduce Construction Energy Consumption,12,Applicable,No Level,0,,QA:Insufficient Data(No information on construction energy consumption reduction strategies) | QB:Insufficient Data(No documentation of energy reduction goals or targets),A + B required for Improved,Develop a plan for reducing construction energy consumption; Research energy reduction strategies and technologies,Construction energy consumption reduction plan; Energy reduction goals or targets,17210,2644,930.85,True,False,True
rag,2,00_sample_project,Resource Allocation,RA2.3,Use Renewable Energy,10,Applicable,No Level,0,,QA:Insufficient Data(No information on renewable energy sources) | QB:Insufficient Data(No documentation of renewable energy goals or targets),A + B required for Improved,Research renewable energy sources; Develop a plan for incorporating renewable energy into the project,Renewable energy research; Plan for incorporating renewable energy,17210,2644,930.85,True,False,True
rag,2,00_sample_project,Resource Allocation,RA2.4,Commission and Monitor Energy Systems,8,Applicable,No Level,0,,QA:Insufficient Data(No information on energy system commissioning and monitoring) | QB:Insufficient Data(No documentation of energy system performance goals or targets),A + B required for Improved,Develop a plan for commissioning and monitoring energy systems; Research energy system performance metrics,Energy system commissioning and monitoring plan; Energy system performance goals or targets,17210,2644,930.85,True,False,True
rag,2,00_sample_project,Resource Allocation,RA3.1,Preserve Water Resources,14,Applicable,No Level,0,,QA:Insufficient Data(No information on water conservation strategies) | QB:Insufficient Data(No documentation of water reduction goals or targets),A + B required for Improved,Develop a plan for preserving water resources; Research water conservation strategies and technologies,Water preservation plan; Water reduction goals or targets,17210,2644,930.85,True,False,True
rag,2,00_sample_project,Resource Allocation,RA3.2,Reduce Operational Water Consumption,12,Applicable,No Level,0,,QA:Insufficient Data(No information on operational water consumption reduction strategies) | QB:Insufficient Data(No documentation of water reduction goals or targets),A + B required for Improved,Develop a plan for reducing operational water consumption; Research water reduction strategies and technologies,Operational water consumption reduction plan; Water reduction goals or targets,17210,2644,930.85,True,False,True
rag,2,00_sample_project,Resource Allocation,RA3.3,Reduce Construction Water Consumption,10,Applicable,No Level,0,,QA:Insufficient Data(No information on construction water consumption reduction strategies) | QB:Insufficient Data(No documentation of water reduction goals or targets),A + B required for Improved,Develop a plan for reducing construction water consumption; Research water reduction strategies and technologies,Construction water consumption reduction plan; Water reduction goals or targets,17210,2644,930.85,True,False,True
rag,2,00_sample_project,Resource Allocation,RA3.4,Monitor Water Systems,8,Applicable,No Level,0,,QA:Insufficient Data(No information on water system monitoring) | QB:Insufficient Data(No documentation of water system performance goals or targets),A + B required for Improved,Develop a plan for monitoring water systems; Research water system performance metrics,Water system monitoring plan; Water system performance goals or targets,17210,2644,930.85,True,False,True
rag,3,00_sample_project,Climate And Resilience,CR2.1,Avoid Unsuitable Development,14,APPLICABLE,Improved,0,"The project is located in Brownsville, PA, and the PDF metadata does not indicate any unsuitable development.",QA:Insufficient Data(No information on site selection process) | QB:Insufficient Data(No information on environmental impact assessment),A + B required for Improved,Conduct site selection process; Perform environmental impact assessment,Site selection report; Environmental impact assessment report,17617,1709,618.07,True,False,True
rag,3,00_sample_project,Climate And Resilience,CR2.2,Assess Climate Change Vulnerability,20,APPLICABLE,Improved,0,"The project is located in Brownsville, PA, and climate change vulnerability assessment is relevant to the project.",QA:Insufficient Data(No information on climate change threats) | QB:Insufficient Data(No information on project vulnerability) | QC:Insufficient Data(No information on infrastructure system vulnerability) | QD:Insufficient Data(No information on community vulnerability) | QE:Insufficient Data(No information on sharing climate threat findings),A + B required for Improved,Conduct climate change vulnerability assessment; Identify project and infrastructure system vulnerabilities,Climate change vulnerability assessment report; Project and infrastructure system vulnerability reports,17617,1709,618.07,True,False,True
rag,3,00_sample_project,Climate And Resilience,CR2.3,Evaluate Risk and Resilience,26,APPLICABLE,Improved,0,"The project is located in Brownsville, PA, and risk and resilience evaluation is relevant to the project.",QA:Insufficient Data(No information on risk assessment) | QB:Insufficient Data(No information on critical functions and dependencies) | QC:Insufficient Data(No information on threats or hazards) | QD:Insufficient Data(No information on vulnerabilities of critical functions and dependencies) | QE:Insufficient Data(No information on risk evaluation) | QF:Insufficient Data(No information on stakeholder participation in risk evaluation),A + B + C + D + E required for Improved,Conduct risk assessment; Identify critical functions and dependencies; Evaluate risks,Risk assessment report; Critical functions and dependencies report; Risk evaluation report,17617,1709,618.07,True,False,True
rag,3,00_sample_project,Climate And Resilience,CR2.4,Establish Resilience Goals and Strategies,20,APPLICABLE,Enhanced,0,"The project is located in Brownsville, PA, and establishing resilience goals and strategies is relevant to the project.",QA:Insufficient Data(No information on project performance goals) | QB:Insufficient Data(No information on risk management strategies) | QC:Insufficient Data(No information on stakeholder engagement in developing resilience goals) | QD:Insufficient Data(No information on community resilience or climate change adaptation goals),A + B required for Enhanced,Establish project performance goals; Develop risk management strategies,Project performance goals report; Risk management strategies report,17617,1709,618.07,True,False,True
rag,3,00_sample_project,Climate And Resilience,CR2.5,Maximize Resilience,26,APPLICABLE,Enhanced,0,"The project is located in Brownsville, PA, and maximizing resilience is relevant to the project.",QA:Insufficient Data(No information on resilience goals and strategies) | QB:Insufficient Data(No information on implementation of resilience strategies) | QC:Insufficient Data(No information on monitoring and review of resilience strategies) | QD:Insufficient Data(No information on incorporation of resilience goals into operations and maintena) | QE:Insufficient Data(No information on methods for measuring or quantifying resilience performance ta),A + B required for Enhanced,Develop resilience goals and strategies; Implement resilience strategies,Resilience goals and strategies report; Implementation of resilience strategies report,17617,1709,618.07,True,False,True
rag,3,00_sample_project,Climate And Resilience,CR2.6,Improve Infrastructure Integration,18,APPLICABLE,Improved,0,"The project is located in Brownsville, PA, and improving infrastructure integration is relevant to the project.",QA:Insufficient Data(No information on infrastructure system evaluation) | QB:Insufficient Data(No information on identification of opportunities for integration),A + B required for Improved,Conduct infrastructure system evaluation; Identify opportunities for integration,Infrastructure system evaluation report; Opportunities for integration report,17617,1709,618.07,True,False,True
rag,3,00_sample_project,Leadership,LD1.1,Provide Effective Leadership and Commitment,10,Applicable,Improved,2,,"QA:Likely Yes(Project team includes multiple stakeholders (Cartesian Inverse, PA; Etienne Oise) | QB:Insufficient Data(No information on sustainability goals or targets)",A + B required for Enhanced,Develop and document sustainability goals and targets,Sustainability management plan; Stakeholder engagement records,17191,2014,702.88,True,False,True
rag,3,00_sample_project,Leadership,LD1.2,Foster Collaboration and Teamwork,8,Applicable,Improved,2,,"QA:Likely Yes(Multiple stakeholders involved in project team (Cartesian Inverse, PA; Etienne O) | QB:Insufficient Data(No information on collaboration and communication among team members)",A + B required for Enhanced,Establish clear communication channels among team members,Team charter or agreement; Meeting minutes and collaboration records,17191,2014,702.88,True,False,True
rag,3,00_sample_project,Leadership,LD1.3,Encourage Public Engagement and Participation,8,Applicable,No Level,0,,QA:Insufficient Data(No information on public engagement or participation) | QB:Insufficient Data(No information on community needs assessment),A + B required for Improved,Conduct community needs assessment; Develop public engagement plan,Community needs assessment report; Public engagement plan,17191,2014,702.88,True,False,True
rag,3,00_sample_project,Leadership,LD1.4,Pursue Byproduct Synergies,10,Applicable,No Level,0,,QA:Insufficient Data(No information on byproduct synergies) | QB:Insufficient Data(No information on waste reduction or material reuse),A + B required for Improved,Identify potential byproduct synergies; Develop plan for waste reduction and material reuse,Byproduct synergy assessment report; Waste reduction and material reuse plan,17191,2014,702.88,True,False,True
rag,3,00_sample_project,Leadership,LD2.1,Establish a Sustainability Management Plan,12,Applicable,No Level,0,,QA:Insufficient Data(No information on sustainability management plan) | QB:Insufficient Data(No information on monitoring and reporting),A + B required for Improved,Develop sustainability management plan; Establish monitoring and reporting protocols,Sustainability management plan; Monitoring and reporting records,17191,2014,702.88,True,False,True
rag,3,00_sample_project,Leadership,LD2.2,Plan for Sustainable Communities,10,Applicable,No Level,0,,QA:Insufficient Data(No information on community planning) | QB:Insufficient Data(No information on social and economic benefits),A + B required for Improved,Conduct community planning assessment; Develop plan for social and economic benefits,Community planning report; Social and economic benefits plan,17191,2014,702.88,True,False,True
rag,3,00_sample_project,Leadership,LD2.3,Plan for Long-Term Maintenance and Operations,8,Applicable,No Level,0,,QA:Insufficient Data(No information on maintenance and operations planning) | QB:Insufficient Data(No information on training and capacity building),A + B required for Improved,Develop maintenance and operations plan; Establish training and capacity building programs,Maintenance and operations plan; Training and capacity building records,17191,2014,702.88,True,False,True
rag,3,00_sample_project,Leadership,LD3.1,Conduct a Life-Cycle Economic Evaluation,12,Applicable,No Level,0,,QA:Insufficient Data(No information on life-cycle economic evaluation) | QB:Insufficient Data(No information on cost-benefit analysis),A + B required for Improved,Conduct life-cycle economic evaluation; Develop cost-benefit analysis,Life-cycle economic evaluation report; Cost-benefit analysis records,17191,2014,702.88,True,False,True
rag,3,00_sample_project,Leadership,LD3.2,Evaluate Environmental and Social Impacts,10,Applicable,No Level,0,,QA:Insufficient Data(No information on environmental impact assessment) | QB:Insufficient Data(No information on social impact assessment),A + B required for Improved,Conduct environmental impact assessment; Develop social impact assessment,Environmental impact assessment report; Social impact assessment records,17191,2014,702.88,True,False,True
rag,3,00_sample_project,Leadership,LD3.3,Conduct a Life-Cycle Assessment,12,Applicable,No Level,0,,QA:Insufficient Data(No information on life-cycle assessment) | QB:Insufficient Data(No information on environmental impacts),A + B required for Improved,Conduct life-cycle assessment; Develop plan to reduce environmental impacts,Life-cycle assessment report; Environmental impact reduction plan,17191,2014,702.88,True,False,True
rag,3,00_sample_project,Natural World,NW1.1,Conserve Natural Areas,14,APPLICABLE,No Level,0,"The project is located in an area with potential natural habitats, and the credit's intent is to conserve these areas.",QA:Insufficient Data(No information on natural habitat conservation) | QB:Insufficient Data(No information on native vegetation preservation),A + B required for Improved,Conduct natural habitat assessment; Develop conservation plan,Natural habitat assessment report; Conservation plan,17916,1444,551.74,True,False,True
rag,3,00_sample_project,Natural World,NW1.2,Provide Wetland and Surface Water Buffers,10,APPLICABLE,No Level,0,"The project is located near a water body, and the credit's intent is to provide buffers for wetlands and surface water.",QA:Insufficient Data(No information on wetland buffer zones) | QB:Insufficient Data(No information on surface water buffer zones),A + B required for Improved,Conduct wetland and surface water assessment; Develop buffer zone plan,Wetland and surface water assessment report; Buffer zone plan,17916,1444,551.74,True,False,True
rag,3,00_sample_project,Natural World,NW2.2,Manage Stormwater,24,APPLICABLE,No Level,0,"The project will impact stormwater runoff, and the credit's intent is to manage it.",QA:Insufficient Data(No information on stormwater management plan) | QB:Insufficient Data(No information on rate or quantity of runoff),A + B required for Improved,Develop stormwater management plan; Conduct runoff analysis,Stormwater management plan; Runoff analysis report,17916,1444,551.74,True,False,True
rag,3,00_sample_project,Natural World,NW2.4,Protect Surface and Groundwater Quality,14,APPLICABLE,No Level,0,"The project will impact surface and groundwater quality, and the credit's intent is to protect it.",QA:Insufficient Data(No information on surface water protection plan) | QB:Insufficient Data(No information on groundwater protection plan),A + B required for Improved,Develop surface water protection plan; Conduct groundwater assessment,Surface water protection plan; Groundwater assessment report,17916,1444,551.74,True,False,True
rag,3,00_sample_project,Natural World,NW3.3,Maintain Floodplain Functions,14,APPLICABLE,No Level,0,"The project is located in a floodplain, and the credit's intent is to maintain its functions.",QA:Insufficient Data(No information on floodplain assessment) | QB:Insufficient Data(No information on vegetated zone preservation),A + B required for Improved,Conduct floodplain assessment; Develop vegetated zone preservation plan,Floodplain assessment report; Vegetated zone preservation plan,17916,1444,551.74,True,False,True
rag,3,00_sample_project,Natural World,NW3.5,Protect Soil Health,10,APPLICABLE,No Level,0,"The project will impact soil health, and the credit's intent is to protect it.",QA:Insufficient Data(No information on soil health assessment) | QB:Insufficient Data(No information on soil conservation plan),A + B required for Improved,Conduct soil health assessment; Develop soil conservation plan,Soil health assessment report; Soil conservation plan,17916,1444,551.74,True,False,True
rag,3,00_sample_project,Quality Of Life,QL1.1,Improve Community Quality of Life,26,Applicable,Improved,5,"The project is a mixed-use development with residential, commercial, and community spaces, indicating potential for community quality of life improvements.",QA:Likely Yes(Project includes live/work units and community spaces.) | QB:Insufficient Data(Lack of information on community engagement and feedback mechanisms.) | QC:Likely Yes(Project incorporates green spaces and outdoor areas.) | QD:Insufficient Data(Lack of information on accessibility features and universal design principles.),A + B,Conduct community outreach and engagement to inform design decisions.; Incorporate accessible and universal design principles into building design.,Community engagement records; Accessibility features and universal design principles documentation,17220,2918,1022.57,True,False,True
rag,3,00_sample_project,Quality Of Life,QL1.2,Enhance Public Health & Safety,20,Applicable,Improved,7,"The project includes residential and commercial spaces, indicating potential public health and safety concerns.",QA:Likely Yes(Project incorporates natural ventilation and daylighting strategies.) | QB:Insufficient Data(Lack of information on indoor air quality monitoring and maintenance protocols.) | QC:Likely Yes(Project includes emergency response plan and fire suppression systems.),A + B,Develop indoor air quality monitoring and maintenance protocols.; Incorporate public health and safety considerations into design decisions.,Indoor air quality monitoring and maintenance protocols; Public health and safety consideration documentation,17220,2918,1022.57,True,False,True
rag,3,00_sample_project,Quality Of Life,QL1.3,Improve Construction Safety,14,Applicable,Improved,5,"The project involves construction activities, indicating potential construction safety concerns.",QA:Likely Yes(Project includes construction safety plan and training programs.) | QB:Insufficient Data(Lack of information on site-specific hazard assessments and mitigation strategie),A + B,Conduct site-specific hazard assessments and develop mitigation strategies.; Incorporate construction safety considerations into design decisions.,Construction safety plan and training programs; Site-specific hazard assessments and mitigation strategies,17220,2918,1022.57,True,False,True
rag,3,00_sample_project,Quality Of Life,QL1.4,Minimize Noise & Vibration,12,Applicable,Improved,3,"The project includes residential and commercial spaces, indicating potential noise and vibration concerns.",QA:Likely Yes(Project incorporates sound-absorbing materials and acoustic design strategies.) | QB:Insufficient Data(Lack of information on vibration mitigation measures and monitoring protocols.),A + B,Develop vibration mitigation measures and monitoring protocols.; Incorporate noise and vibration considerations into design decisions.,Sound-absorbing materials and acoustic design strategies; Vibration mitigation measures and monitoring protocols,17220,2918,1022.57,True,False,True
rag,3,00_sample_project,Quality Of Life,QL1.5,Minimize Light Pollution,12,Applicable,Improved,3,"The project includes exterior lighting, indicating potential light pollution concerns.",QA:Likely Yes(Project incorporates energy-efficient and shielded lighting fixtures.) | QB:Insufficient Data(Lack of information on lighting controls and scheduling protocols.),A + B,Develop lighting controls and scheduling protocols.; Incorporate light pollution considerations into design decisions.,Energy-efficient and shielded lighting fixtures; Lighting controls and scheduling protocols,17220,2918,1022.57,True,False,True
rag,3,00_sample_project,Quality Of Life,QL1.6,Minimize Construction Impacts,8,Applicable,Improved,2,"The project involves construction activities, indicating potential construction impacts.",QA:Likely Yes(Project includes construction waste management plan and recycling programs.) | QB:Insufficient Data(Lack of information on site-specific erosion control measures and sedimentation ),A + B,Develop site-specific erosion control measures and sedimentation mitigation strategies.; Incorporate construction impact considerations into design decisions.,Construction waste management plan and recycling programs; Site-specific erosion control measures and sedimentation mitigation strategies,17220,2918,1022.57,True,False,True
rag,3,00_sample_project,Quality Of Life,QL2.1,Improve Community Mobility,14,Applicable,Improved,7,"The project includes residential and commercial spaces, indicating potential community mobility concerns.",QA:Likely Yes(Project incorporates pedestrian-friendly design strategies and accessible transp) | QB:Insufficient Data(Lack of information on public transportation access and bikeability features.),A + B,Develop public transportation access and bikeability features.; Incorporate community mobility considerations into design decisions.,Pedestrian-friendly design strategies and accessible transportation options; Public transportation access and bikeability features,17220,2918,1022.57,True,False,True
rag,3,00_sample_project,Quality Of Life,QL2.2,Encourage Sustainable Transportation,16,Applicable,Improved,5,"The project includes parking and transportation infrastructure, indicating potential sustainable transportation concerns.",QA:Likely Yes(Project incorporates electric vehicle charging stations and car-sharing programs) | QB:Insufficient Data(Lack of information on alternative transportation modes and incentives for susta),A + B,Develop alternative transportation modes and incentives for sustainable transportation.; Incorporate sustainable transportation considerations into design decisions.,Electric vehicle charging stations and car-sharing programs; Alternative transportation modes and incentives for sustainable transportation,17220,2918,1022.57,True,False,True
rag,3,00_sample_project,Quality Of Life,QL2.3,Improve Access & Wayfinding,14,Applicable,Improved,9,"The project includes public spaces and navigation systems, indicating potential access and wayfinding concerns.",QA:Likely Yes(Project incorporates clear signage and accessible navigation systems.) | QB:Insufficient Data(Lack of information on audio descriptions and tactile signage for visually impai),A + B,Develop audio descriptions and tactile signage for visually impaired users.; Incorporate access and wayfinding considerations into design decisions.,Clear signage and accessible navigation systems; Audio descriptions and tactile signage for visually impaired users,17220,2918,1022.57,True,False,True
rag,3,00_sample_project,Quality Of Life,QL3.1,Advance Equity & Social Justice,18,Applicable,Improved,6,"The project includes community spaces and social programs, indicating potential equity and social justice concerns.",QA:Likely Yes(Project incorporates community engagement and participation strategies.) | QB:Insufficient Data(Lack of information on affordable housing options and social services.),A + B,Develop affordable housing options and social services.; Incorporate equity and social justice considerations into design decisions.,Community engagement and participation strategies; Affordable housing options and social services,17220,2918,1022.57,True,False,True
rag,3,00_sample_project,Quality Of Life,QL3.2,Preserve Historic & Cultural Resources,18,Applicable,Improved,2,"The project includes historic and cultural resources, indicating potential preservation concerns.",QA:Likely Yes(Project incorporates historic preservation strategies and cultural resource mana) | QB:Insufficient Data(Lack of information on community outreach and education programs.),A + B,Develop community outreach and education programs.; Incorporate historic and cultural preservation considerations into design decisions.,Historic preservation strategies and cultural resource management plans; Community outreach and education programs,17220,2918,1022.57,True,False,True
rag,3,00_sample_project,Quality Of Life,QL3.3,Enhance Views & Local Character,14,Applicable,Improved,3,"The project includes public spaces and views, indicating potential view and local character concerns.",QA:Likely Yes(Project incorporates view preservation strategies and local character design ele) | QB:Insufficient Data(Lack of information on community engagement and feedback mechanisms.),A + B,Develop community engagement and feedback mechanisms.; Incorporate view and local character considerations into design decisions.,View preservation strategies and local character design elements; Community engagement and feedback mechanisms,17220,2918,1022.57,True,False,True
rag,3,00_sample_project,Resource Allocation,RA1.1,Reduce Materials Use,12,Applicable,No Level,0,,QA:Insufficient Data(No material takeoff or bill of quantities in the model) | QB:Insufficient Data(No information on recycled content or sustainable materials),A + B required for Improved,Develop a material takeoff and bill of quantities; Research sustainable materials and recycled content options,Material takeoff and bill of quantities; Sustainable materials and recycled content research,17210,2644,934.53,True,False,True
rag,3,00_sample_project,Resource Allocation,RA1.2,Use Recycled Materials,10,Applicable,No Level,0,,QA:Insufficient Data(No information on recycled materials used in the project) | QB:Insufficient Data(No documentation of recycled material quantities),A + B required for Improved,Research recycled material options; Develop a plan for incorporating recycled materials into the project,Recycled material research; Plan for incorporating recycled materials,17210,2644,934.53,True,False,True
rag,3,00_sample_project,Resource Allocation,RA1.3,Reduce Operational Waste,8,Applicable,No Level,0,,QA:Insufficient Data(No information on operational waste reduction strategies) | QB:Insufficient Data(No documentation of waste reduction goals or targets),A + B required for Improved,Develop a plan for reducing operational waste; Research waste reduction strategies and technologies,Operational waste reduction plan; Waste reduction goals or targets,17210,2644,934.53,True,False,True
rag,3,00_sample_project,Resource Allocation,RA1.4,Reduce Construction Waste,10,Applicable,No Level,0,,QA:Insufficient Data(No information on construction waste reduction strategies) | QB:Insufficient Data(No documentation of waste reduction goals or targets),A + B required for Improved,Develop a plan for reducing construction waste; Research waste reduction strategies and technologies,Construction waste reduction plan; Waste reduction goals or targets,17210,2644,934.53,True,False,True
rag,3,00_sample_project,Resource Allocation,RA1.5,Balance Earthwork On Site,6,Applicable,No Level,0,,QA:Insufficient Data(No information on earthwork balancing strategies) | QB:Insufficient Data(No documentation of earthwork balancing goals or targets),A + B required for Improved,Develop a plan for balancing earthwork on site; Research earthwork balancing strategies and technologies,Earthwork balancing plan; Earthwork balancing goals or targets,17210,2644,934.53,True,False,True
rag,3,00_sample_project,Resource Allocation,RA2.1,Reduce Operational Energy Consumption,20,Applicable,No Level,0,,QA:Insufficient Data(No information on operational energy consumption reduction strategies) | QB:Insufficient Data(No documentation of energy reduction goals or targets),A + B required for Improved,Develop a plan for reducing operational energy consumption; Research energy reduction strategies and technologies,Operational energy consumption reduction plan; Energy reduction goals or targets,17210,2644,934.53,True,False,True
rag,3,00_sample_project,Resource Allocation,RA2.2,Reduce Construction Energy Consumption,12,Applicable,No Level,0,,QA:Insufficient Data(No information on construction energy consumption reduction strategies) | QB:Insufficient Data(No documentation of energy reduction goals or targets),A + B required for Improved,Develop a plan for reducing construction energy consumption; Research energy reduction strategies and technologies,Construction energy consumption reduction plan; Energy reduction goals or targets,17210,2644,934.53,True,False,True
rag,3,00_sample_project,Resource Allocation,RA2.3,Use Renewable Energy,10,Applicable,No Level,0,,QA:Insufficient Data(No information on renewable energy sources) | QB:Insufficient Data(No documentation of renewable energy goals or targets),A + B required for Improved,Research renewable energy sources; Develop a plan for incorporating renewable energy into the project,Renewable energy research; Plan for incorporating renewable energy,17210,2644,934.53,True,False,True
rag,3,00_sample_project,Resource Allocation,RA2.4,Commission and Monitor Energy Systems,8,Applicable,No Level,0,,QA:Insufficient Data(No information on energy system commissioning and monitoring) | QB:Insufficient Data(No documentation of energy system performance goals or targets),A + B required for Improved,Develop a plan for commissioning and monitoring energy systems; Research energy system performance metrics,Energy system commissioning and monitoring plan; Energy system performance goals or targets,17210,2644,934.53,True,False,True
rag,3,00_sample_project,Resource Allocation,RA3.1,Preserve Water Resources,14,Applicable,No Level,0,,QA:Insufficient Data(No information on water conservation strategies) | QB:Insufficient Data(No documentation of water reduction goals or targets),A + B required for Improved,Develop a plan for preserving water resources; Research water conservation strategies and technologies,Water preservation plan; Water reduction goals or targets,17210,2644,934.53,True,False,True
rag,3,00_sample_project,Resource Allocation,RA3.2,Reduce Operational Water Consumption,12,Applicable,No Level,0,,QA:Insufficient Data(No information on operational water consumption reduction strategies) | QB:Insufficient Data(No documentation of water reduction goals or targets),A + B required for Improved,Develop a plan for reducing operational water consumption; Research water reduction strategies and technologies,Operational water consumption reduction plan; Water reduction goals or targets,17210,2644,934.53,True,False,True
rag,3,00_sample_project,Resource Allocation,RA3.3,Reduce Construction Water Consumption,10,Applicable,No Level,0,,QA:Insufficient Data(No information on construction water consumption reduction strategies) | QB:Insufficient Data(No documentation of water reduction goals or targets),A + B required for Improved,Develop a plan for reducing construction water consumption; Research water reduction strategies and technologies,Construction water consumption reduction plan; Water reduction goals or targets,17210,2644,934.53,True,False,True
rag,3,00_sample_project,Resource Allocation,RA3.4,Monitor Water Systems,8,Applicable,No Level,0,,QA:Insufficient Data(No information on water system monitoring) | QB:Insufficient Data(No documentation of water system performance goals or targets),A + B required for Improved,Develop a plan for monitoring water systems; Research water system performance metrics,Water system monitoring plan; Water system performance goals or targets,17210,2644,934.53,True,False,True
rag,4,00_sample_project,Climate And Resilience,CR2.1,Avoid Unsuitable Development,14,Applicable,No Level,0,,QA:Insufficient Data(No information on site selection process) | QB:Insufficient Data(No environmental impact assessment available),A + B required for Improved,Conduct site selection process with environmental considerations; Perform environmental impact assessment,Site selection report; Environmental impact assessment,17617,1228,432.19,True,False,True
rag,4,00_sample_project,Climate And Resilience,CR2.2,Assess Climate Change Vulnerability,20,Applicable,No Level,0,,QA:Insufficient Data(No climate change vulnerability assessment available) | QB:Insufficient Data(No information on project vulnerabilities),A + B required for Improved,Conduct climate change vulnerability assessment; Identify project vulnerabilities,Climate change vulnerability assessment report; Project vulnerability analysis,17617,1228,432.19,True,False,True
rag,4,00_sample_project,Climate And Resilience,CR2.3,Evaluate Risk and Resilience,26,Applicable,No Level,0,,QA:Insufficient Data(No risk evaluation available) | QB:Insufficient Data(No information on critical functions and dependencies),A + B + C + D + E required for Conserving,Conduct risk evaluation; Identify critical functions and dependencies,Risk evaluation report; Critical functions and dependencies analysis,17617,1228,432.19,True,False,True
rag,4,00_sample_project,Climate And Resilience,CR2.4,Establish Resilience Goals and Strategies,20,Applicable,No Level,0,,QA:Insufficient Data(No resilience goals available) | QB:Insufficient Data(No information on risk management strategies),A + B required for Enhanced,Establish resilience goals; Develop risk management strategies,Resilience goals document; Risk management strategies report,17617,1228,432.19,True,False,True
rag,4,00_sample_project,Climate And Resilience,CR2.5,Maximize Resilience,26,Applicable,No Level,0,,QA:Insufficient Data(No information on resilience implementation) | QB:Insufficient Data(No information on monitoring and review of resilience strategies),A + B + C + D + E required for Conserving,Implement resilience strategies; Monitor and review resilience strategies,Resilience implementation plan; Monitoring and review report,17617,1228,432.19,True,False,True
rag,4,00_sample_project,Climate And Resilience,CR2.6,Improve Infrastructure Integration,18,Applicable,No Level,0,,QA:Insufficient Data(No information on infrastructure integration),A required for Improved,Improve infrastructure integration,Infrastructure integration report,17617,1228,432.19,True,False,True
rag,4,00_sample_project,Leadership,LD1.1,Provide Effective Leadership and Commitment,10,Applicable,Improved,2,,"QA:Likely Yes(Project team includes multiple stakeholders (Cartesian Inverse, PA; Etienne Oise) | QB:Insufficient Data(No information on sustainability goals or targets)",A + B required for Enhanced,Develop sustainability goals and targets,Sustainability management plan; Stakeholder engagement records,17191,1948,679.79,True,False,True
rag,4,00_sample_project,Leadership,LD1.2,Foster Collaboration and Teamwork,8,Applicable,Improved,2,,"QA:Likely Yes(Multiple stakeholders involved in project team (Cartesian Inverse, PA; Etienne O) | QB:Insufficient Data(No information on collaboration tools or processes)",A + B required for Enhanced,Establish collaboration tools and processes,Collaboration plan; Meeting minutes,17191,1948,679.79,True,False,True
rag,4,00_sample_project,Leadership,LD1.3,Encourage Public Engagement and Participation,8,Applicable,No Level,0,,QA:Insufficient Data(No information on public engagement or participation) | QB:Insufficient Data(No information on community outreach or education),A + B required for Improved,Develop public engagement and participation plan,Public engagement plan; Community outreach records,17191,1948,679.79,True,False,True
rag,4,00_sample_project,Leadership,LD1.4,Pursue Byproduct Synergies,10,Applicable,No Level,0,,QA:Insufficient Data(No information on byproduct synergies) | QB:Insufficient Data(No information on waste reduction or material reuse),A + B required for Improved,Investigate byproduct synergies opportunities,Byproduct synergy plan; Waste reduction records,17191,1948,679.79,True,False,True
rag,4,00_sample_project,Leadership,LD2.1,Establish a Sustainability Management Plan,12,Applicable,No Level,0,,QA:Insufficient Data(No information on sustainability management plan) | QB:Insufficient Data(No information on monitoring and reporting processes),A + B required for Improved,Develop sustainability management plan,Sustainability management plan; Monitoring and reporting records,17191,1948,679.79,True,False,True
rag,4,00_sample_project,Leadership,LD2.2,Plan for Sustainable Communities,10,Applicable,No Level,0,,QA:Insufficient Data(No information on community planning or engagement) | QB:Insufficient Data(No information on social and economic benefits),A + B required for Improved,Develop community planning and engagement plan,Community planning report; Social and economic benefit analysis,17191,1948,679.79,True,False,True
rag,4,00_sample_project,Leadership,LD2.3,Conduct a Life-Cycle Economic Evaluation,12,Applicable,No Level,0,,QA:Insufficient Data(No information on life-cycle economic evaluation) | QB:Insufficient Data(No information on cost-benefit analysis or return on investment),A + B required for Improved,Conduct life-cycle economic evaluation,Life-cycle economic evaluation report; Cost-benefit analysis records,17191,1948,679.79,True,False,True
rag,4,00_sample_project,Leadership,LD3.1,Encourage Sustainable Economic Development,10,Applicable,No Level,0,,QA:Insufficient Data(No information on sustainable economic development) | QB:Insufficient Data(No information on local employment or procurement opportunities),A + B required for Improved,Develop sustainable economic development plan,Sustainable economic development report; Local employment and procurement records,17191,1948,679.79,True,False,True
rag,4,00_sample_project,Leadership,LD3.2,Support Local Businesses and Communities,8,Applicable,No Level,0,,QA:Insufficient Data(No information on local business support) | QB:Insufficient Data(No information on community engagement or outreach),A + B required for Improved,Develop local business support plan,Local business support report; Community engagement records,17191,1948,679.79,True,False,True
rag,4,00_sample_project,Leadership,LD3.3,Conduct a Life-Cycle Assessment,12,Applicable,No Level,0,,QA:Insufficient Data(No information on life-cycle assessment) | QB:Insufficient Data(No information on environmental impacts or material selection),A + B required for Improved,Conduct life-cycle assessment,Life-cycle assessment report; Environmental impact records,17191,1948,679.79,True,False,True
rag,4,00_sample_project,Natural World,NW1.1,Conserve Natural Areas,14,APPLICABLE,No Level,0,"The project is located in a specific area (Brownsville, PA) and has a defined site boundary, indicating potential natural areas to conserve.",QA:Insufficient Data(No information on natural areas within the project site) | QB:Insufficient Data(No data on habitat restoration or enhancement),A + B required for Improved,Conduct site assessment to identify natural areas; Research local conservation goals and regulations,Site assessment report; Conservation plan,17916,1404,538.95,True,False,True
rag,4,00_sample_project,Natural World,NW1.2,Provide Wetland and Surface Water Buffers,10,APPLICABLE,No Level,0,The project's location near a water body (implied by the presence of a stormwater management plan) suggests potential wetlands or surface waters that may require buffers.,QA:Insufficient Data(No information on wetland or surface water buffers) | QB:Insufficient Data(No data on buffer zone maintenance),A + B required for Improved,Conduct wetland delineation; Research local buffer zone requirements,Wetland delineation report; Buffer zone maintenance plan,17916,1404,538.95,True,False,True
rag,4,00_sample_project,Natural World,NW2.2,Manage Stormwater,24,APPLICABLE,Improved,2,"The project's stormwater management plan indicates an impact on stormwater runoff, making this credit applicable.",QA:Likely Yes(Stormwater management plan mentioned in the PDF metadata) | QB:Insufficient Data(No data on rate or quantity of runoff),A + B required for Improved,Develop stormwater management plan; Research local stormwater regulations,Stormwater management plan; Runoff calculation report,17916,1404,538.95,True,False,True
rag,4,00_sample_project,Natural World,NW2.4,Protect Surface and Groundwater Quality,14,APPLICABLE,No Level,0,"The project's potential impact on surface and groundwater quality, as implied by the stormwater management plan, makes this credit applicable.",QA:Insufficient Data(No information on surface or groundwater protection measures) | QB:Insufficient Data(No data on water quality monitoring),A + B required for Improved,Research local water quality regulations; Develop surface and groundwater protection plan,Surface and groundwater protection plan; Water quality monitoring report,17916,1404,538.95,True,False,True
rag,4,00_sample_project,Natural World,NW3.3,Maintain Floodplain Functions,14,APPLICABLE,No Level,0,The project's location in a floodplain (implied by the presence of a stormwater management plan) suggests potential impacts on floodplain functions.,QA:Insufficient Data(No information on floodplain functions) | QB:Insufficient Data(No data on vegetated zones within the floodplain),A + B required for Improved,Conduct floodplain analysis; Research local floodplain regulations,Floodplain analysis report; Vegetated zone maintenance plan,17916,1404,538.95,True,False,True
rag,4,00_sample_project,Natural World,NW3.5,Protect Soil Health,10,APPLICABLE,No Level,0,"The project's potential impact on soil health, as implied by the presence of a site plan, makes this credit applicable.",QA:Insufficient Data(No information on soil health protection measures) | QB:Insufficient Data(No data on soil erosion control),A + B required for Improved,Research local soil health regulations; Develop soil health protection plan,Soil health protection plan; Soil erosion control report,17916,1404,538.95,True,False,True
rag,4,00_sample_project,Quality Of Life,QL1.1,Improve Community Quality of Life,26,Applicable,Improved,2,"The project is a mixed-use development with residential, commercial, and community spaces, indicating potential for community quality of life improvements.",QA:Likely Yes(Project includes live/work units and community spaces.) | QB:Insufficient Data(Lack of information on community engagement and feedback mechanisms.),A + B required for Enhanced,Engage with local stakeholders to understand community needs and priorities.,Community engagement records; Stakeholder feedback mechanisms,17220,2438,865.47,True,False,True
rag,4,00_sample_project,Quality Of Life,QL1.2,Enhance Public Health & Safety,20,Applicable,Improved,2,"The project includes residential units and commercial spaces, indicating potential public health and safety concerns.",QA:Likely Yes(Project includes fire resistive walls and smoke barriers.) | QB:Insufficient Data(Lack of information on emergency response planning and evacuation procedures.),A + B required for Enhanced,Develop emergency response plan and evacuation procedures.,Emergency response plan; Evacuation procedure documents,17220,2438,865.47,True,False,True
rag,4,00_sample_project,Quality Of Life,QL1.3,Improve Construction Safety,14,Applicable,Improved,2,"The project involves construction activities, indicating potential construction safety concerns.",QA:Likely Yes(Project includes safety protocols for construction workers.) | QB:Insufficient Data(Lack of information on construction safety training programs.),A + B required for Enhanced,Develop construction safety training program.,Construction safety protocols; Safety training program documents,17220,2438,865.47,True,False,True
rag,4,00_sample_project,Quality Of Life,QL1.4,Minimize Noise & Vibration,12,Applicable,Improved,1,"The project includes residential units and commercial spaces, indicating potential noise and vibration concerns.",QA:Likely Yes(Project includes soundproofing measures.) | QB:Insufficient Data(Lack of information on vibration mitigation measures.),A + B required for Enhanced,Investigate vibration mitigation measures.,Soundproofing documents; Vibration mitigation reports,17220,2438,865.47,True,False,True
rag,4,00_sample_project,Quality Of Life,QL1.5,Minimize Light Pollution,12,Applicable,Improved,1,"The project includes exterior lighting, indicating potential light pollution concerns.",QA:Likely Yes(Project includes energy-efficient lighting.) | QB:Insufficient Data(Lack of information on lighting design and controls.),A + B required for Enhanced,Develop lighting design and control strategy.,Lighting design documents; Control strategy reports,17220,2438,865.47,True,False,True
rag,4,00_sample_project,Quality Of Life,QL1.6,Minimize Construction Impacts,8,Applicable,Improved,1,"The project involves construction activities, indicating potential construction impacts.",QA:Likely Yes(Project includes waste management plan.) | QB:Insufficient Data(Lack of information on construction scheduling and phasing.),A + B required for Enhanced,Develop construction scheduling and phasing plan.,Waste management plan; Construction scheduling documents,17220,2438,865.47,True,False,True
rag,4,00_sample_project,Quality Of Life,QL2.1,Improve Community Mobility,14,Applicable,Improved,1,"The project includes residential units and commercial spaces, indicating potential community mobility concerns.",QA:Likely Yes(Project includes pedestrian-friendly design.) | QB:Insufficient Data(Lack of information on public transportation options.),A + B required for Enhanced,Investigate public transportation options.,Pedestrian-friendly design documents; Public transportation reports,17220,2438,865.47,True,False,True
rag,4,00_sample_project,Quality Of Life,QL2.2,Encourage Sustainable Transportation,16,Applicable,Improved,5,"The project includes residential units and commercial spaces, indicating potential sustainable transportation concerns.",QA:Likely Yes(Project includes bike-friendly design.) | QB:Insufficient Data(Lack of information on alternative transportation options.),A + B required for Enhanced,Investigate alternative transportation options.,Bike-friendly design documents; Alternative transportation reports,17220,2438,865.47,True,False,True
rag,4,00_sample_project,Quality Of Life,QL2.3,Improve Access & Wayfinding,14,Applicable,Improved,1,"The project includes residential units and commercial spaces, indicating potential access and wayfinding concerns.",QA:Likely Yes(Project includes clear signage.) | QB:Insufficient Data(Lack of information on accessibility features.),A + B required for Enhanced,Investigate accessibility features.,Signage documents; Accessibility reports,17220,2438,865.47,True,False,True
rag,4,00_sample_project,Quality Of Life,QL3.1,Advance Equity & Social Justice,18,Applicable,Improved,3,"The project includes residential units and commercial spaces, indicating potential equity and social justice concerns.",QA:Likely Yes(Project includes community engagement plan.) | QB:Insufficient Data(Lack of information on social justice initiatives.),A + B required for Enhanced,Investigate social justice initiatives.,Community engagement plan; Social justice reports,17220,2438,865.47,True,False,True
rag,4,00_sample_project,Quality Of Life,QL3.2,Preserve Historic & Cultural Resources,18,Not Applicable,,0,The project does not involve historic or cultural resources.,,,,,17220,2438,865.47,True,False,True
rag,4,00_sample_project,Quality Of Life,QL3.3,Enhance Views & Local Character,14,Applicable,Improved,1,"The project includes residential units and commercial spaces, indicating potential views and local character concerns.",QA:Likely Yes(Project includes design that respects local character.) | QB:Insufficient Data(Lack of information on view preservation measures.),A + B required for Enhanced,Investigate view preservation measures.,Design documents; View preservation reports,17220,2438,865.47,True,False,True
rag,4,00_sample_project,Resource Allocation,RA1.1,Reduce Materials Use,12,Applicable,No Level,0,,QA:Insufficient Data(No material takeoff or bill of quantities in the provided PDF) | QB:Insufficient Data(No information on material efficiency strategies),A + B required for Improved,Develop a material takeoff and bill of quantities; Research material efficiency strategies,Material takeoff and bill of quantities; Material efficiency strategy report,17210,2585,772.29,True,False,True
rag,4,00_sample_project,Resource Allocation,RA1.2,Use Recycled Materials,10,Applicable,No Level,0,,QA:Insufficient Data(No information on recycled material use) | QB:Insufficient Data(No documentation of recycled material sourcing),A + B required for Improved,Research recycled material options; Develop a plan for sourcing recycled materials,Recycled material specification; Sourcing plan for recycled materials,17210,2585,772.29,True,False,True
rag,4,00_sample_project,Resource Allocation,RA1.3,Reduce Operational Waste,8,Applicable,No Level,0,,QA:Insufficient Data(No information on operational waste reduction strategies) | QB:Insufficient Data(No documentation of waste management plan),A + B required for Improved,Develop an operational waste reduction strategy; Create a waste management plan,Operational waste reduction strategy report; Waste management plan,17210,2585,772.29,True,False,True
rag,4,00_sample_project,Resource Allocation,RA1.4,Reduce Construction Waste,10,Applicable,No Level,0,,QA:Insufficient Data(No information on construction waste reduction strategies) | QB:Insufficient Data(No documentation of construction waste management plan),A + B required for Improved,Develop a construction waste reduction strategy; Create a construction waste management plan,Construction waste reduction strategy report; Construction waste management plan,17210,2585,772.29,True,False,True
rag,4,00_sample_project,Resource Allocation,RA1.5,Balance Earthwork On Site,6,Applicable,No Level,0,,QA:Insufficient Data(No information on earthwork balancing strategies) | QB:Insufficient Data(No documentation of earthwork balancing plan),A + B required for Improved,Develop an earthwork balancing strategy; Create an earthwork balancing plan,Earthwork balancing strategy report; Earthwork balancing plan,17210,2585,772.29,True,False,True
rag,4,00_sample_project,Resource Allocation,RA2.1,Reduce Operational Energy Consumption,20,Applicable,No Level,0,,QA:Insufficient Data(No information on operational energy reduction strategies) | QB:Insufficient Data(No documentation of energy-efficient design),A + B required for Improved,Develop an operational energy reduction strategy; Create an energy-efficient design plan,Operational energy reduction strategy report; Energy-efficient design plan,17210,2585,772.29,True,False,True
rag,4,00_sample_project,Resource Allocation,RA2.2,Reduce Construction Energy Consumption,12,Applicable,No Level,0,,QA:Insufficient Data(No information on construction energy reduction strategies) | QB:Insufficient Data(No documentation of construction energy management plan),A + B required for Improved,Develop a construction energy reduction strategy; Create a construction energy management plan,Construction energy reduction strategy report; Construction energy management plan,17210,2585,772.29,True,False,True
rag,4,00_sample_project,Resource Allocation,RA2.3,Use Renewable Energy,10,Applicable,No Level,0,,QA:Insufficient Data(No information on renewable energy sources) | QB:Insufficient Data(No documentation of renewable energy system design),A + B required for Improved,Research renewable energy options; Develop a plan for integrating renewable energy systems,Renewable energy feasibility study; Renewable energy system design plan,17210,2585,772.29,True,False,True
rag,4,00_sample_project,Resource Allocation,RA2.4,Commission and Monitor Energy Systems,8,Applicable,No Level,0,,QA:Insufficient Data(No information on energy system commissioning) | QB:Insufficient Data(No documentation of energy system monitoring plan),A + B required for Improved,Develop an energy system commissioning plan; Create an energy system monitoring plan,Energy system commissioning plan; Energy system monitoring plan,17210,2585,772.29,True,False,True
rag,4,00_sample_project,Resource Allocation,RA3.1,Preserve Water Resources,14,Applicable,No Level,0,,QA:Insufficient Data(No information on water conservation strategies) | QB:Insufficient Data(No documentation of water-efficient design),A + B required for Improved,Develop a water conservation strategy; Create a water-efficient design plan,Water conservation strategy report; Water-efficient design plan,17210,2585,772.29,True,False,True
rag,4,00_sample_project,Resource Allocation,RA3.2,Reduce Operational Water Consumption,12,Applicable,No Level,0,,QA:Insufficient Data(No information on operational water reduction strategies) | QB:Insufficient Data(No documentation of water-efficient fixtures and appliances),A + B required for Improved,Develop an operational water reduction strategy; Specify water-efficient fixtures and appliances,Operational water reduction strategy report; Water-efficient fixture and appliance specification,17210,2585,772.29,True,False,True
rag,4,00_sample_project,Resource Allocation,RA3.3,Reduce Construction Water Consumption,8,Applicable,No Level,0,,QA:Insufficient Data(No information on construction water reduction strategies) | QB:Insufficient Data(No documentation of construction water management plan),A + B required for Improved,Develop a construction water reduction strategy; Create a construction water management plan,Construction water reduction strategy report; Construction water management plan,17210,2585,772.29,True,False,True
rag,4,00_sample_project,Resource Allocation,RA3.4,Monitor Water Systems,6,Applicable,No Level,0,,QA:Insufficient Data(No information on water system monitoring) | QB:Insufficient Data(No documentation of water system monitoring plan),A + B required for Improved,Develop a water system monitoring plan; Specify water metering and monitoring equipment,Water system monitoring plan; Water metering and monitoring equipment specification,17210,2585,772.29,True,False,True
rag,5,00_sample_project,Climate And Resilience,CR2.1,Avoid Unsuitable Development,14,APPLICABLE,No Level,0,"The project is located in Brownsville, PA, and the PDF metadata does not indicate that it avoids unsuitable development.",QA:Insufficient Data(No information on site selection criteria) | QB:Insufficient Data(No information on environmental impact assessment),A + B required for Improved,Conduct site selection criteria analysis; Perform environmental impact assessment,Site selection report; Environmental impact assessment report,17617,1741,515.75,True,False,True
rag,5,00_sample_project,Climate And Resilience,CR2.2,Assess Climate Change Vulnerability,20,APPLICABLE,No Level,0,"The project is located in Brownsville, PA, and climate change vulnerability assessment is relevant to the project.",QA:Insufficient Data(No information on climate change threats) | QB:Insufficient Data(No information on project vulnerability) | QC:Insufficient Data(No information on infrastructure system vulnerability) | QD:Insufficient Data(No information on community vulnerability) | QE:Insufficient Data(No information on shared climate threat findings),A + B required for Improved,Conduct climate change vulnerability assessment; Identify project and infrastructure system vulnerabilities,Climate change vulnerability assessment report; Project and infrastructure system vulnerability reports,17617,1741,515.75,True,False,True
rag,5,00_sample_project,Climate And Resilience,CR2.3,Evaluate Risk and Resilience,26,APPLICABLE,No Level,0,"The project is located in Brownsville, PA, and risk and resilience evaluation is relevant to the project.",QA:Insufficient Data(No information on risk assessment scope) | QB:Insufficient Data(No information on critical functions and dependencies) | QC:Insufficient Data(No information on threats or hazards) | QD:Insufficient Data(No information on vulnerabilities of critical functions and dependencies) | QE:Insufficient Data(No information on risk evaluation methodology) | QF:Insufficient Data(No information on stakeholder participation in risk evaluation),A + B + C + D + E required for Improved,Conduct risk assessment; Identify critical functions and dependencies; Evaluate risks,Risk assessment report; Critical functions and dependencies report; Risk evaluation methodology report,17617,1741,515.75,True,False,True
rag,5,00_sample_project,Climate And Resilience,CR2.4,Establish Resilience Goals and Strategies,20,APPLICABLE,No Level,0,"The project is located in Brownsville, PA, and establishing resilience goals and strategies is relevant to the project.",QA:Insufficient Data(No information on project performance goals) | QB:Insufficient Data(No information on risk management strategies) | QC:Insufficient Data(No information on stakeholder engagement in resilience goal development) | QD:Insufficient Data(No information on community resilience goals),A + B required for Enhanced,Develop project performance goals; Establish risk management strategies; Engage stakeholders in resilience goal development,Project performance goals report; Risk management strategies report; Stakeholder engagement report,17617,1741,515.75,True,False,True
rag,5,00_sample_project,Climate And Resilience,CR2.5,Maximize Resilience,26,APPLICABLE,No Level,0,"The project is located in Brownsville, PA, and maximizing resilience is relevant to the project.",QA:Insufficient Data(No information on resilience goals and strategies) | QB:Insufficient Data(No information on implementation of resilience strategies) | QC:Insufficient Data(No information on monitoring and review of resilience strategies) | QD:Insufficient Data(No information on incorporation of resilience goals into operations and maintena) | QE:Insufficient Data(No information on methods for measuring resilience performance),A + B required for Improved,Develop resilience goals and strategies; Implement resilience strategies; Monitor and review resilience strategies,Resilience goals and strategies report; Implementation plan for resilience strategies; Monitoring and review plan for resilience strategies,17617,1741,515.75,True,False,True
rag,5,00_sample_project,Climate And Resilience,CR2.6,Improve Infrastructure Integration,18,APPLICABLE,No Level,0,"The project is located in Brownsville, PA, and improving infrastructure integration is relevant to the project.",QA:Insufficient Data(No information on infrastructure system connections) | QB:Insufficient Data(No information on benefits of improved integration),A + B required for Improved,Analyze infrastructure system connections; Evaluate benefits of improved integration,Infrastructure system connections report; Benefits of improved integration report,17617,1741,515.75,True,False,True
rag,5,00_sample_project,Leadership,LD1.1,Provide Effective Leadership and Commitment,10,Applicable,Improved,2,,"QA:Likely Yes(Project team includes multiple stakeholders (Cartesian Inverse, PA; Etienne Oise) | QB:Insufficient Data(No information on sustainability goals or targets)",A + B required for Enhanced,Develop sustainability goals and targets,Sustainability management plan; Stakeholder engagement records,17191,1946,535.67,True,False,True
rag,5,00_sample_project,Leadership,LD1.2,Foster Collaboration and Teamwork,8,Applicable,Improved,2,,"QA:Likely Yes(Multiple stakeholders involved in project team (Cartesian Inverse, PA; Etienne O) | QB:Insufficient Data(No information on collaboration tools or processes)",A + B required for Enhanced,Establish collaboration tools and processes,Collaboration plan; Meeting minutes,17191,1946,535.67,True,False,True
rag,5,00_sample_project,Leadership,LD1.3,Encourage Public Engagement and Participation,8,Applicable,No Level,0,,QA:Insufficient Data(No information on public engagement or participation) | QB:Insufficient Data(No information on community outreach or education),A + B required for Improved,Develop public engagement and participation plan,Public engagement plan; Community outreach records,17191,1946,535.67,True,False,True
rag,5,00_sample_project,Leadership,LD1.4,Pursue Byproduct Synergies,10,Applicable,No Level,0,,QA:Insufficient Data(No information on byproduct synergies) | QB:Insufficient Data(No information on waste reduction or material reuse),A + B required for Improved,Investigate byproduct synergies opportunities,Byproduct synergy plan; Waste reduction records,17191,1946,535.67,True,False,True
rag,5,00_sample_project,Leadership,LD2.1,Establish a Sustainability Management Plan,14,Applicable,No Level,0,,QA:Insufficient Data(No information on sustainability management plan) | QB:Insufficient Data(No information on monitoring or reporting processes),A + B required for Improved,Develop sustainability management plan,Sustainability management plan; Monitoring and reporting records,17191,1946,535.67,True,False,True
rag,5,00_sample_project,Leadership,LD2.2,Plan for Sustainable Communities,12,Applicable,No Level,0,,QA:Insufficient Data(No information on community planning or engagement) | QB:Insufficient Data(No information on social or economic benefits),A + B required for Improved,Develop community planning and engagement plan,Community planning documents; Social and economic benefit records,17191,1946,535.67,True,False,True
rag,5,00_sample_project,Leadership,LD2.3,Conduct a Life-Cycle Economic Evaluation,10,Applicable,No Level,0,,QA:Insufficient Data(No information on life-cycle economic evaluation) | QB:Insufficient Data(No information on cost-benefit analysis or return on investment),A + B required for Improved,Conduct life-cycle economic evaluation,Life-cycle economic evaluation report; Cost-benefit analysis records,17191,1946,535.67,True,False,True
rag,5,00_sample_project,Leadership,LD3.1,Develop a Construction Management Plan,8,Applicable,No Level,0,,QA:Insufficient Data(No information on construction management plan) | QB:Insufficient Data(No information on waste reduction or material reuse during construction),A + B required for Improved,Develop construction management plan,Construction management plan; Waste reduction records,17191,1946,535.67,True,False,True
rag,5,00_sample_project,Leadership,LD3.2,Implement a Quality Control Process,8,Applicable,No Level,0,,QA:Insufficient Data(No information on quality control process) | QB:Insufficient Data(No information on testing or inspection procedures),A + B required for Improved,Develop quality control process,Quality control plan; Testing and inspection records,17191,1946,535.67,True,False,True
rag,5,00_sample_project,Leadership,LD3.3,Conduct a Life-Cycle Assessment,12,Applicable,No Level,0,,QA:Insufficient Data(No information on life-cycle assessment) | QB:Insufficient Data(No information on environmental or social impacts),A + B required for Improved,Conduct life-cycle assessment,Life-cycle assessment report; Environmental and social impact records,17191,1946,535.67,True,False,True
rag,5,00_sample_project,Natural World,NW1.1,Conserve Natural Areas,14,Applicable,Improved,2,"The project is located in Brownsville, PA, and has a site plan, indicating potential natural areas to conserve.",QA:Insufficient Data(No information on natural area conservation) | QB:Insufficient Data(No information on habitat preservation),A + B required for Improved,Conduct site analysis to identify natural areas; Develop conservation plan,Site analysis report; Conservation plan,17916,1311,384.86,True,False,True
rag,5,00_sample_project,Natural World,NW1.2,Provide Wetland and Surface Water Buffers,10,Applicable,Improved,2,"The project has a site plan, indicating potential wetlands or surface water to buffer.",QA:Insufficient Data(No information on wetland or surface water buffers) | QB:Insufficient Data(No information on buffer zone size),A + B required for Improved,Conduct site analysis to identify wetlands or surface water; Develop buffer zone plan,Site analysis report; Buffer zone plan,17916,1311,384.86,True,False,True
rag,5,00_sample_project,Natural World,NW2.2,Manage Stormwater,24,Applicable,Improved,2,"The project has a site plan, indicating potential stormwater management needs.",QA:Insufficient Data(No information on stormwater management) | QB:Insufficient Data(No information on rate or quantity of runoff),A + B required for Improved,Conduct stormwater analysis; Develop stormwater management plan,Stormwater analysis report; Stormwater management plan,17916,1311,384.86,True,False,True
rag,5,00_sample_project,Natural World,NW2.4,Protect Surface and Groundwater Quality,14,Applicable,Improved,1,"The project has a site plan, indicating potential surface or groundwater quality concerns.",QA:Insufficient Data(No information on surface or groundwater quality protection) | QB:Insufficient Data(No information on pollution control measures),A + B required for Improved,Conduct water quality analysis; Develop pollution control plan,Water quality analysis report; Pollution control plan,17916,1311,384.86,True,False,True
rag,5,00_sample_project,Natural World,NW3.3,Maintain Floodplain Functions,14,Applicable,Improved,1,"The project is located in a floodplain, as indicated by the site plan.",QA:Insufficient Data(No information on floodplain functions) | QB:Insufficient Data(No information on vegetated zones preservation),A + B required for Improved,Conduct floodplain analysis; Develop floodplain management plan,Floodplain analysis report; Floodplain management plan,17916,1311,384.86,True,False,True
rag,5,00_sample_project,Natural World,NW3.5,Protect Soil Health,10,Applicable,Improved,1,"The project has a site plan, indicating potential soil health concerns.",QA:Insufficient Data(No information on soil health protection) | QB:Insufficient Data(No information on erosion control measures),A + B required for Improved,Conduct soil analysis; Develop erosion control plan,Soil analysis report; Erosion control plan,17916,1311,384.86,True,False,True
rag,5,00_sample_project,Quality Of Life,QL1.1,Improve Community Quality of Life,26,Applicable,Improved,2,"The project is a mixed-use development with residential, commercial, and community spaces, indicating potential for community quality of life improvements.",QA:Likely Yes(Project includes live/work units and community spaces.) | QB:Insufficient Data(Lack of information on community engagement and feedback mechanisms.),A + B required for Enhanced,Engage with local stakeholders to understand community needs and priorities.,Community engagement records; Stakeholder feedback mechanisms,17220,2492,782.95,True,False,True
rag,5,00_sample_project,Quality Of Life,QL1.2,Enhance Public Health & Safety,20,Applicable,Improved,2,"The project includes residential and commercial spaces, which can impact public health and safety.",QA:Likely Yes(Project includes fire resistive walls and smoke barriers.) | QB:Insufficient Data(Lack of information on emergency response planning and evacuation procedures.),A + B required for Enhanced,Develop emergency response plan and evacuation procedures.,Emergency response plan; Evacuation procedure documents,17220,2492,782.95,True,False,True
rag,5,00_sample_project,Quality Of Life,QL1.3,Improve Construction Safety,14,Applicable,Improved,2,The project involves construction activities that can impact worker safety.,QA:Likely Yes(Project includes safety protocols for workers.) | QB:Insufficient Data(Lack of information on worker training programs and site-specific hazard assessm),A + B required for Enhanced,Develop worker training programs and conduct site-specific hazard assessments.,Worker training records; Site-specific hazard assessment reports,17220,2492,782.95,True,False,True
rag,5,00_sample_project,Quality Of Life,QL1.4,Minimize Noise & Vibration,12,Applicable,Improved,1,The project includes residential and commercial spaces that can be impacted by noise and vibration.,QA:Likely Yes(Project includes soundproofing measures.) | QB:Insufficient Data(Lack of information on vibration mitigation strategies.),A + B required for Enhanced,Investigate vibration mitigation strategies and implement soundproofing measures.,Soundproofing design documents; Vibration mitigation strategy reports,17220,2492,782.95,True,False,True
rag,5,00_sample_project,Quality Of Life,QL1.5,Minimize Light Pollution,12,Applicable,Improved,1,The project includes exterior lighting that can contribute to light pollution.,QA:Likely Yes(Project includes energy-efficient lighting.) | QB:Insufficient Data(Lack of information on lighting design and controls.),A + B required for Enhanced,Develop lighting design and control strategies to minimize light pollution.,Lighting design documents; Control strategy reports,17220,2492,782.95,True,False,True
rag,5,00_sample_project,Quality Of Life,QL1.6,Minimize Construction Impacts,8,Applicable,Improved,1,The project involves construction activities that can impact the surrounding environment.,QA:Likely Yes(Project includes measures to reduce waste and pollution.) | QB:Insufficient Data(Lack of information on construction sequencing and scheduling.),A + B required for Enhanced,Develop construction sequencing and scheduling strategies to minimize impacts.,Construction sequencing documents; Scheduling reports,17220,2492,782.95,True,False,True
rag,5,00_sample_project,Quality Of Life,QL2.1,Improve Community Mobility,14,Applicable,Improved,1,The project includes residential and commercial spaces that can impact community mobility.,QA:Likely Yes(Project includes pedestrian-friendly design elements.) | QB:Insufficient Data(Lack of information on public transportation access and bikeability.),A + B required for Enhanced,Investigate public transportation access and bikeability options.,Public transportation access reports; Bikeability design documents,17220,2492,782.95,True,False,True
rag,5,00_sample_project,Quality Of Life,QL2.2,Encourage Sustainable Transportation,16,Applicable,Improved,5,The project includes parking and transportation infrastructure that can impact sustainable transportation options.,QA:Likely Yes(Project includes electric vehicle charging stations.) | QB:Insufficient Data(Lack of information on carpooling and ride-sharing incentives.),A + B required for Enhanced,Develop carpooling and ride-sharing incentive programs.,Carpooling and ride-sharing policy documents; Incentive program reports,17220,2492,782.95,True,False,True
rag,5,00_sample_project,Quality Of Life,QL2.3,Improve Access & Wayfinding,14,Applicable,Improved,1,The project includes public spaces that can impact access and wayfinding.,QA:Likely Yes(Project includes clear signage and navigation elements.) | QB:Insufficient Data(Lack of information on accessibility features for people with disabilities.),A + B required for Enhanced,Investigate accessibility features for people with disabilities.,Accessibility feature design documents; Navigation element reports,17220,2492,782.95,True,False,True
rag,5,00_sample_project,Quality Of Life,QL3.1,Advance Equity & Social Justice,18,Applicable,Improved,3,The project includes community spaces that can impact social justice and equity.,QA:Likely Yes(Project includes community engagement and outreach programs.) | QB:Insufficient Data(Lack of information on diversity and inclusion strategies.),A + B required for Enhanced,Develop diversity and inclusion strategies.,Diversity and inclusion policy documents; Community engagement reports,17220,2492,782.95,True,False,True
rag,5,00_sample_project,Quality Of Life,QL3.2,Preserve Historic & Cultural Resources,18,Not Applicable,,0,The project does not involve historic or cultural resources.,,,,,17220,2492,782.95,True,False,True
rag,5,00_sample_project,Quality Of Life,QL3.3,Enhance Views & Local Character,14,Applicable,Improved,1,The project includes public spaces that can impact views and local character.,QA:Likely Yes(Project includes design elements that enhance local character.) | QB:Insufficient Data(Lack of information on view preservation strategies.),A + B required for Enhanced,Investigate view preservation strategies.,View preservation strategy reports; Local character design documents,17220,2492,782.95,True,False,True
rag,5,00_sample_project,Resource Allocation,RA1.1,Reduce Materials Use,12,Applicable,No Level,0,,QA:Insufficient Data(No material takeoff or bill of quantities in the model) | QB:Insufficient Data(No information on recycled content or sustainable materials),A + B required for Improved,Develop a material takeoff and bill of quantities; Research sustainable materials and recycled content options,Material takeoff and bill of quantities; Sustainable materials and recycled content research,17210,2648,821.87,True,False,True
rag,5,00_sample_project,Resource Allocation,RA1.2,Use Recycled Materials,10,Applicable,No Level,0,,QA:Insufficient Data(No information on recycled materials used in the project) | QB:Insufficient Data(No documentation of recycled material quantities),A + B required for Improved,Research recycled material options; Develop a plan for incorporating recycled materials into the project,Recycled material research; Plan for incorporating recycled materials,17210,2648,821.87,True,False,True
rag,5,00_sample_project,Resource Allocation,RA1.3,Reduce Operational Waste,8,Applicable,No Level,0,,QA:Insufficient Data(No information on operational waste reduction strategies) | QB:Insufficient Data(No documentation of waste reduction goals or targets),A + B required for Improved,Develop a plan for reducing operational waste; Research waste reduction strategies and technologies,Operational waste reduction plan; Waste reduction goals or targets,17210,2648,821.87,True,False,True
rag,5,00_sample_project,Resource Allocation,RA1.4,Reduce Construction Waste,10,Applicable,No Level,0,,QA:Insufficient Data(No information on construction waste reduction strategies) | QB:Insufficient Data(No documentation of waste reduction goals or targets),A + B required for Improved,Develop a plan for reducing construction waste; Research waste reduction strategies and technologies,Construction waste reduction plan; Waste reduction goals or targets,17210,2648,821.87,True,False,True
rag,5,00_sample_project,Resource Allocation,RA1.5,Balance Earthwork On Site,6,Applicable,No Level,0,,QA:Insufficient Data(No information on earthwork balancing strategies) | QB:Insufficient Data(No documentation of earthwork balancing goals or targets),A + B required for Improved,Develop a plan for balancing earthwork on site; Research earthwork balancing strategies and technologies,Earthwork balancing plan; Earthwork balancing goals or targets,17210,2648,821.87,True,False,True
rag,5,00_sample_project,Resource Allocation,RA2.1,Reduce Operational Energy Consumption,20,Applicable,No Level,0,,QA:Insufficient Data(No information on operational energy consumption reduction strategies) | QB:Insufficient Data(No documentation of energy reduction goals or targets),A + B required for Improved,Develop a plan for reducing operational energy consumption; Research energy reduction strategies and technologies,Operational energy consumption reduction plan; Energy reduction goals or targets,17210,2648,821.87,True,False,True
rag,5,00_sample_project,Resource Allocation,RA2.2,Reduce Construction Energy Consumption,12,Applicable,No Level,0,,QA:Insufficient Data(No information on construction energy consumption reduction strategies) | QB:Insufficient Data(No documentation of energy reduction goals or targets),A + B required for Improved,Develop a plan for reducing construction energy consumption; Research energy reduction strategies and technologies,Construction energy consumption reduction plan; Energy reduction goals or targets,17210,2648,821.87,True,False,True
rag,5,00_sample_project,Resource Allocation,RA2.3,Use Renewable Energy,10,Applicable,No Level,0,,QA:Insufficient Data(No information on renewable energy sources) | QB:Insufficient Data(No documentation of renewable energy goals or targets),A + B required for Improved,Research renewable energy sources; Develop a plan for incorporating renewable energy into the project,Renewable energy research; Plan for incorporating renewable energy,17210,2648,821.87,True,False,True
rag,5,00_sample_project,Resource Allocation,RA2.4,Commission and Monitor Energy Systems,8,Applicable,No Level,0,,QA:Insufficient Data(No information on energy system commissioning and monitoring) | QB:Insufficient Data(No documentation of energy system performance goals or targets),A + B required for Improved,Develop a plan for commissioning and monitoring energy systems; Research energy system performance metrics and benchmarks,Energy system commissioning and monitoring plan; Energy system performance goals or targets,17210,2648,821.87,True,False,True
rag,5,00_sample_project,Resource Allocation,RA3.1,Preserve Water Resources,14,Applicable,No Level,0,,QA:Insufficient Data(No information on water conservation strategies) | QB:Insufficient Data(No documentation of water reduction goals or targets),A + B required for Improved,Develop a plan for preserving water resources; Research water conservation strategies and technologies,Water preservation plan; Water reduction goals or targets,17210,2648,821.87,True,False,True
rag,5,00_sample_project,Resource Allocation,RA3.2,Reduce Operational Water Consumption,12,Applicable,No Level,0,,QA:Insufficient Data(No information on operational water consumption reduction strategies) | QB:Insufficient Data(No documentation of water reduction goals or targets),A + B required for Improved,Develop a plan for reducing operational water consumption; Research water reduction strategies and technologies,Operational water consumption reduction plan; Water reduction goals or targets,17210,2648,821.87,True,False,True
rag,5,00_sample_project,Resource Allocation,RA3.3,Reduce Construction Water Consumption,10,Applicable,No Level,0,,QA:Insufficient Data(No information on construction water consumption reduction strategies) | QB:Insufficient Data(No documentation of water reduction goals or targets),A + B required for Improved,Develop a plan for reducing construction water consumption; Research water reduction strategies and technologies,Construction water consumption reduction plan; Water reduction goals or targets,17210,2648,821.87,True,False,True
rag,5,00_sample_project,Resource Allocation,RA3.4,Monitor Water Systems,8,Applicable,No Level,0,,QA:Insufficient Data(No information on water system monitoring) | QB:Insufficient Data(No documentation of water system performance goals or targets),A + B required for Improved,Develop a plan for monitoring water systems; Research water system performance metrics and benchmarks,Water system monitoring plan; Water system performance goals or targets,17210,2648,821.87,True,False,True
zero_shot,1,00_sample_project,Climate And Resilience,CR1.1,Reduce Net Embodied Carbon,,Applicable,No Level,0,,QA:Insufficient Data(No embodied carbon assessment in PDF metadata) | QB:Insufficient Data(No calculation of primary contributors to overall embodied carbon in PDF metadat) | QC:Insufficient Data(No information on reduction of net embodied carbon in PDF metadata),A + B + C required for Improved,Conduct embodied carbon assessment; Calculate primary contributors to overall embodied carbon,Embodied carbon assessment report; Calculation of primary contributors to overall embodied carbon,22526,2626,1278.94,True,False,True
zero_shot,1,00_sample_project,Climate And Resilience,CR1.2,Reduce Greenhouse Gas Emissions,,Applicable,No Level,0,,QA:Insufficient Data(No information on reduction of greenhouse gas emissions in PDF metadata) | QB:Insufficient Data(No calculation and reporting of annual greenhouse gas emissions in PDF metadata),A + B required for Improved,Conduct greenhouse gas emissions assessment; Calculate and report annual greenhouse gas emissions,Greenhouse gas emissions assessment report; Calculation and reporting of annual greenhouse gas emissions,22526,2626,1278.94,True,False,True
zero_shot,1,00_sample_project,Climate And Resilience,CR1.3,Reduce Air Pollutant Emissions,,Applicable,No Level,0,,QA:Insufficient Data(No information on meeting minimum air quality standards in PDF metadata) | QB:Insufficient Data(No information on reduction of air pollutant emissions in PDF metadata) | QC:Insufficient Data(No information on ongoing monitoring and management of direct air pollutant emis) | QD:Insufficient Data(No assessment of materiality of volatile organic compounds in PDF metadata) | QE:Insufficient Data(No information on removal of existing air pollutant sources in PDF metadata),A + B required for Improved,Conduct air pollutant emissions assessment; Implement strategies to reduce air pollutant emissions,Air pollutant emissions assessment report; Implementation plan for reducing air pollutant emissions,22526,2626,1278.94,True,False,True
zero_shot,1,00_sample_project,Climate And Resilience,CR2.1,Avoid Unsuitable Development,,Applicable,No Level,0,,QA:Insufficient Data(No information on identification of potential siting hazards in PDF metadata) | QB:Insufficient Data(No information on consideration of siting and project alternatives in PDF metada) | QC:Insufficient Data(No information on implementation of strategies to mitigate site hazards in PDF m) | QD:Insufficient Data(No information on chosen project and site resulting in lowest exposure to site h) | QE:Insufficient Data(No information on intentional avoidance of known site hazards in PDF metadata) | QF:Insufficient Data(No information on removal or modification of structures subject to frequent dama),A + B required for Improved,Conduct siting hazard assessment; Consider siting and project alternatives,Siting hazard assessment report; Consideration of siting and project alternatives,22526,2626,1278.94,True,False,True
zero_shot,1,00_sample_project,Climate And Resilience,CR2.2,Assess Climate Change Vulnerability,,Applicable,No Level,0,,QA:Insufficient Data(No information on determination of climate change threats in PDF metadata) | QB:Insufficient Data(No information on determination of vulnerability to climate change threats in PD) | QC:Insufficient Data(No information on determination of infrastructure system vulnerability to climat) | QD:Insufficient Data(No information on determination of community vulnerability to climate change thr) | QE:Insufficient Data(No information on sharing of climate threat findings in PDF metadata),A + B required for Improved,Conduct climate change vulnerability assessment; Determine vulnerability to climate change threats,Climate change vulnerability assessment report; Vulnerability determination,22526,2626,1278.94,True,False,True
zero_shot,1,00_sample_project,Climate And Resilience,CR2.3,Evaluate Risk and Resilience,,Applicable,No Level,0,,QA:Insufficient Data(No information on risk assessment in PDF metadata) | QB:Insufficient Data(No information on identification of critical functions and dependencies in PDF m) | QC:Insufficient Data(No information on identification of threats or hazards in PDF metadata) | QD:Insufficient Data(No information on identification of vulnerabilities in PDF metadata) | QE:Insufficient Data(No information on evaluation of risks in PDF metadata) | QF:Insufficient Data(No information on participation of owner and stakeholders in risk evaluation in ),A + B + C + D + E required for Conserving,Conduct risk assessment; Identify critical functions and dependencies,Risk assessment report; Identification of critical functions and dependencies,22526,2626,1278.94,True,False,True
zero_shot,1,00_sample_project,Climate And Resilience,CR2.4,Establish Resilience Goals and Strategies,,Applicable,No Level,0,,QA:Insufficient Data(No information on identification of project performance goals in PDF metadata) | QB:Insufficient Data(No information on development of risk management strategies in PDF metadata) | QC:Insufficient Data(No information on engagement of key stakeholders in PDF metadata) | QD:Insufficient Data(No information on support for larger community resilience or climate change adap),A + B required for Enhanced,Identify project performance goals; Develop risk management strategies,Project performance goals report; Risk management strategies,22526,2626,1278.94,True,False,True
zero_shot,1,00_sample_project,Climate And Resilience,CR2.5,Maximize Resilience,,Applicable,No Level,0,,QA:Insufficient Data(No information on development of resilience goals and strategies in PDF metadata) | QB:Insufficient Data(No information on implementation of resilience strategies in PDF metadata) | QC:Insufficient Data(No information on monitoring and review of resilience strategies in PDF metadata) | QD:Insufficient Data(No information on incorporation of resilience goals and strategies into operatio) | QE:Insufficient Data(No information on measurement or quantification of resilience performance target),A + B + C + D + E required for Conserving,Develop resilience goals and strategies; Implement resilience strategies,Resilience goals and strategies report; Implementation plan for resilience strategies,22526,2626,1278.94,True,False,True
zero_shot,1,00_sample_project,Climate And Resilience,CR2.6,Improve Infrastructure Integration,,Applicable,No Level,0,,QA:Insufficient Data(No information on increase of internal systems integration in PDF metadata) | QB:Insufficient Data(No information on reduction of risk of systemic or cascading failures in PDF met) | QC:Insufficient Data(No information on increase of external systems integration in PDF metadata) | QD:Insufficient Data(No information on integration of infrastructure networks in PDF metadata) | QE:Insufficient Data(No information on integration of data or monitoring systems in PDF metadata),A required for Improved,Increase internal systems integration; Reduce risk of systemic or cascading failures,Internal systems integration report; Risk reduction plan,22526,2626,1278.94,True,False,True
zero_shot,1,00_sample_project,Leadership,LD1.1,Provide Effective Leadership and Commitment,,Applicable,Improved,2,,QA:Insufficient Data(No community needs assessment in model) | QB:Insufficient Data(No sustainability management plan in model) | QC:Insufficient Data(No periodic revisit of project sustainability commitments in model) | QD:Insufficient Data(No organizational commitments to sustainability from key team members in model),A + B required for Enhanced,"Begin community engagement to address A, B, D",Community needs assessment report; Sustainability management plan,24260,3255,1177.26,True,False,True
zero_shot,1,00_sample_project,Leadership,LD1.2,Foster Collaboration and Teamwork,,Applicable,Improved,2,,"QA:Insufficient Data(No interdisciplinary collaborative kickoff meeting in model) | QB:Insufficient Data(No sustainability performance enhancements from collaboration in model) | QC:Insufficient Data(No regular interdisciplinary and collaborative meetings in model) | QD:Insufficient Data(No inclusion of construction, operations, or maintenance stakeholders in model)",A + B required for Enhanced,Establish interdisciplinary collaborative meetings,Meeting minutes; Collaboration plan,24260,3255,1177.26,True,False,True
zero_shot,1,00_sample_project,Leadership,LD1.3,Provide for Stakeholder Involvement,,Applicable,Improved,3,,QA:Insufficient Data(No stakeholder mapping exercise in model) | QB:Insufficient Data(No proactive stakeholder engagement process in model) | QC:Insufficient Data(No lead member of project team involved with stakeholders in model) | QD:Insufficient Data(No stakeholder engagement feedback incorporated into project plans in model) | QE:Insufficient Data(No stakeholder satisfaction assessment in model) | QF:No(Project team has not engaged stakeholders as partners),"A, B required for Enhanced",Conduct stakeholder mapping exercise,Stakeholder engagement plan; Stakeholder feedback report,24260,3255,1177.26,True,False,True
zero_shot,1,00_sample_project,Leadership,LD1.4,Pursue Byproduct Synergies,,Applicable,Improved,3,,QA:Insufficient Data(No assessment of excess resources or capacity in model) | QB:Insufficient Data(No identification of byproduct synergy opportunities in model) | QC:Insufficient Data(No pursuit of byproduct synergies in model) | QD:Insufficient Data(No inclusion of byproduct synergy in project in model) | QE:Insufficient Data(No circular economy approach in model),"A, B required for Enhanced",Assess excess resources and capacity,Byproduct synergy assessment report; Circular economy plan,24260,3255,1177.26,True,False,True
zero_shot,1,00_sample_project,Leadership,LD2.1,Establish a Sustainability Management Plan,,Applicable,Improved,4,,QA:Insufficient Data(No roles and responsibilities assigned for sustainability in model) | QB:Insufficient Data(No sustainability management plan developed in model) | QC:Insufficient Data(No processes and management controls for sustainability goals in model) | QD:Insufficient Data(No implementation of sustainability management plan in model) | QE:Insufficient Data(No adaptability and flexibility in sustainability management plan in model),"A, B required for Enhanced",Develop sustainability management plan,Sustainability management plan document; Implementation report,24260,3255,1177.26,True,False,True
zero_shot,1,00_sample_project,Leadership,LD2.2,Plan for Sustainable Communities,,Applicable,Improved,4,,QA:Insufficient Data(No consideration of sustainability during project selection in model) | QB:Insufficient Data(No alternative analyses conducted on sustainability performance in model) | QC:Insufficient Data(No assessment of project impacts on broader community or regional sustainability) | QD:Insufficient Data(No comprehensive sustainable development plan in model) | QE:Insufficient Data(No address of inherently unsustainable conditions in community or region in mode),"A, B required for Enhanced",Conduct alternative analyses on sustainability performance,Sustainability assessment report; Comprehensive sustainable development plan,24260,3255,1177.26,True,False,True
zero_shot,1,00_sample_project,Leadership,LD2.3,Plan for Long-Term Monitoring and Maintenance,,Applicable,Improved,2,,QA:Insufficient Data(No consideration of ongoing operational impacts in model) | QB:Insufficient Data(No comprehensive plan for long-term monitoring and maintenance in model) | QC:Insufficient Data(No communication of monitoring and maintenance plan with operations and maintena) | QD:Insufficient Data(No allocation of sufficient resources for long-term monitoring and maintenance i) | QE:Insufficient Data(No plan to re-evaluate and modify maintenance plan based on monitored data in mo),A required for Enhanced,Develop comprehensive plan for long-term monitoring and maintenance,Monitoring and maintenance plan document; Resource allocation report,24260,3255,1177.26,True,False,True
zero_shot,1,00_sample_project,Leadership,LD2.4,Plan for End-of-Life,,Applicable,Improved,2,,"QA:Insufficient Data(No end-of-life plan developed in model) | QB:Insufficient Data(No evaluation of opportunities to extend project's useful life or beneficially r) | QC:Insufficient Data(No assessment of potential social, environmental, and economic end-of-life impac) | QD:Insufficient Data(No evaluation of costs and salvage value of project's deconstruction, decommissi) | QE:Insufficient Data(No proactive engagement of stakeholders in end-of-life planning in model)","A, B required for Enhanced",Develop end-of-life plan,End-of-life plan document; Stakeholder engagement report,24260,3255,1177.26,True,False,True
zero_shot,1,00_sample_project,Leadership,LD3.1,Stimulate Economic Prosperity and Development,,Applicable,Improved,3,,"QA:Insufficient Data(No creation of significant number of new jobs during design, construction, and o) | QB:Insufficient Data(No provision of new operating capacity for business, industry, or public in mode) | QC:Insufficient Data(No increase in access, quality, or number of choices for infrastructure services) | QD:Insufficient Data(No improvement of community attractiveness for business, industry, or public in ) | QE:Insufficient Data(No stimulation of economic prosperity and further economic development in model)","A, B required for Enhanced",Conduct economic impact assessment,Economic impact report; Job creation plan,24260,3255,1177.26,True,False,True
zero_shot,1,00_sample_project,Leadership,LD3.2,Develop Local Skills and Capabilities,,Applicable,Improved,2,,"QA:Insufficient Data(No inclusion of training programs for local skill development in model) | QB:Insufficient Data(No identification of skill or capability gaps in local workforce and targeting o) | QC:Insufficient Data(No continuation of training, education, or skill development programs after proj) | QD:Insufficient Data(No targeting of training and skill development programs to economically depresse)",A required for Enhanced,Develop training programs for local skill development,Training program plan; Skill gap assessment report,24260,3255,1177.26,True,False,True
zero_shot,1,00_sample_project,Leadership,LD3.3,Conduct a Life-Cycle Economic Evaluation,,Applicable,Improved,5,,"QA:Insufficient Data(No life-cycle cost analysis conducted to identify financial impacts of whole pro) | QB:Insufficient Data(No use of life-cycle cost analyses to compare alternatives for major project com) | QC:Insufficient Data(No mapping of social, environmental, and financial costs and benefits of project) | QD:Insufficient Data(No conduct of cost-benefit analysis to identify financial, social, and environme) | QE:Insufficient Data(No use of cost-benefit analyses to compare alternatives for major project compon)",A required for Enhanced,Conduct life-cycle cost analysis,Life-cycle cost report; Cost-benefit analysis report,24260,3255,1177.26,True,False,True
zero_shot,1,00_sample_project,Natural World,,,,,,,,,,,,28099,3901,1505.17,False,True,True
zero_shot,1,00_sample_project,Quality Of Life,,,,,,,,,,,,27044,4956,1605.45,False,True,True
zero_shot,1,00_sample_project,Resource Allocation,RA1.1,Support Sustainable Procurement Practices,,Applicable,,,The project includes the use or consumption of physical materials in construction or operation.,QA:Insufficient Data(No sustainable procurement policy or program mentioned in the PDF metadata) | QB:Insufficient Data(No information on the extent of materials meeting sustainable procurement requir),,Develop a sustainable procurement policy or program; Research and identify materials meeting sustainable procurement requirements,Sustainable procurement policy or program document; Material sourcing and procurement records,26530,2665,1048.96,True,False,True
zero_shot,1,00_sample_project,Resource Allocation,RA1.2,Use Recycled Materials,,Applicable,,,The project includes the use or consumption of physical materials in construction or operation.,QA:Insufficient Data(No information on recycled material usage),,Research and specify recycled materials for the project; Develop a plan for recycling and reusing materials during construction,Recycled material usage records; Material sourcing and procurement documents,26530,2665,1048.96,True,False,True
zero_shot,1,00_sample_project,Resource Allocation,RA1.3,Reduce Operational Waste,,Applicable,,,The project produces operational waste.,QA:Insufficient Data(No waste management plan mentioned in the PDF metadata) | QB:Insufficient Data(No information on waste reduction strategies),,Develop a waste management plan; Research and implement waste reduction strategies,Waste management plan document; Waste reduction strategy records,26530,2665,1048.96,True,False,True
zero_shot,1,00_sample_project,Resource Allocation,RA1.4,Reduce Construction Waste,,Applicable,,,The project produces construction waste.,QA:Insufficient Data(No comprehensive waste management plan mentioned in the PDF metadata) | QB:Insufficient Data(No information on construction waste reduction strategies),,Develop a comprehensive waste management plan; Research and implement construction waste reduction strategies,Comprehensive waste management plan document; Construction waste reduction strategy records,26530,2665,1048.96,True,False,True
zero_shot,1,00_sample_project,Resource Allocation,RA1.5,Balance Earthwork On Site,,Applicable,,,The project involves excavation of qualifying earthwork.,QA:Insufficient Data(No information on earthwork balancing),,Develop an earthwork balancing plan; Research and implement strategies for reducing earthwork movement,Earthwork balancing plan document; Site excavation and fill records,26530,2665,1048.96,True,False,True
zero_shot,1,00_sample_project,Resource Allocation,RA2.1,Reduce Operational Energy Consumption,,Applicable,,,The project consumes energy during operation.,QA:Insufficient Data(No estimated annual energy consumption mentioned in the PDF metadata) | QB:Insufficient Data(No information on operational energy reduction strategies),,Estimate annual energy consumption; Research and implement operational energy reduction strategies,Energy consumption records; Operational energy reduction strategy documents,26530,2665,1048.96,True,False,True
zero_shot,1,00_sample_project,Resource Allocation,RA2.2,Reduce Construction Energy Consumption,,Applicable,,,The project consumes energy during construction.,QA:Insufficient Data(No planning reviews for reducing construction energy consumption mentioned in th) | QB:Insufficient Data(No information on construction energy reduction strategies),,Conduct planning reviews for reducing construction energy consumption; Research and implement construction energy reduction strategies,Construction energy consumption records; Construction energy reduction strategy documents,26530,2665,1048.96,True,False,True
zero_shot,1,00_sample_project,Resource Allocation,RA2.3,Use Renewable Energy,,Applicable,,,The project consumes energy during operation.,QA:Insufficient Data(No information on renewable energy usage),,Research and specify renewable energy systems for the project; Develop a plan for implementing renewable energy sources,Renewable energy usage records; Renewable energy system documents,26530,2665,1048.96,True,False,True
zero_shot,1,00_sample_project,Resource Allocation,RA2.4,Commission and Monitor Energy Systems,,Applicable,,,The project consumes energy during operation.,QA:Insufficient Data(No advanced integrated monitoring systems mentioned in the PDF metadata) | QB:Insufficient Data(No information on commissioning and monitoring energy systems) | QC:Insufficient Data(No plan for ongoing commissioning mentioned in the PDF metadata),,Develop a plan for advanced integrated monitoring systems; Research and implement commissioning and monitoring energy systems,Energy monitoring system documents; Commissioning and monitoring plans,26530,2665,1048.96,True,False,True
zero_shot,1,00_sample_project,Resource Allocation,RA3.1,Preserve Water Resources,,Applicable,,,The project consumes water or impacts receiving waters.,QA:Insufficient Data(No watershed assessment mentioned in the PDF metadata) | QB:Insufficient Data(No estimated water usage and wastewater generation records) | QC:Insufficient Data(No features to minimize negative impacts on water resources mentioned in the PDF) | QD:Insufficient Data(No net-zero impact on fresh surface water and groundwater supplies mentioned in ) | QE:Insufficient Data(No project inclusion in a watershed-level or regional plan mentioned in the PDF ) | QF:Insufficient Data(No direct net-positive improvement to the watershed mentioned in the PDF metadat),,Conduct a watershed assessment; Estimate water usage and wastewater generation; Research and implement water conservation features,Watershed assessment report; Water usage and wastewater generation records; Water conservation feature documents,26530,2665,1048.96,True,False,True
zero_shot,1,00_sample_project,Resource Allocation,RA3.2,Reduce Operational Water Consumption,,Applicable,,,The project consumes water during operation.,QA:Insufficient Data(No planning and design reviews for reducing operational water consumption mentio) | QB:Insufficient Data(No information on potable water reduction strategies) | QC:Insufficient Data(No information on overall water use reduction strategies) | QD:Insufficient Data(No net-positive impact on water use mentioned in the PDF metadata),,Conduct planning and design reviews for reducing operational water consumption; Research and implement potable water reduction strategies; Develop a plan for overall water use reduction,Operational water consumption records; Potable water reduction strategy documents; Overall water use reduction strategy documents,26530,2665,1048.96,True,False,True
zero_shot,1,00_sample_project,Resource Allocation,RA3.3,Reduce Construction Water Consumption,,Applicable,,,The project consumes water during construction.,QA:Insufficient Data(No planning reviews for reducing construction water consumption mentioned in the) | QB:Insufficient Data(No information on potable water conservation strategies during construction),,Conduct planning reviews for reducing construction water consumption; Research and implement potable water conservation strategies during construction,Construction water consumption records; Potable water conservation strategy documents,26530,2665,1048.96,True,False,True
zero_shot,1,00_sample_project,Resource Allocation,RA3.4,Monitor Water Systems,,Applicable,,,The project consumes water or includes the conveyance of large quantities of water.,QA:Insufficient Data(No advanced integrated monitoring systems mentioned in the PDF metadata) | QB:Insufficient Data(No real-time water monitoring mentioned in the PDF metadata),,Develop a plan for advanced integrated monitoring systems; Research and implement real-time water monitoring,Water monitoring system documents; Real-time water monitoring records,26530,2665,1048.96,True,False,True
zero_shot,2,00_sample_project,Climate And Resilience,CR1.1,Reduce Net Embodied Carbon,,Applicable,No Level,0,,QA:Insufficient Data(No embodied carbon assessment in PDF metadata) | QB:Insufficient Data(No calculation of primary contributors to overall embodied carbon in PDF metadat) | QC:Insufficient Data(No information on reduction of net embodied carbon in PDF metadata),"A,B,C required for Improved",Conduct embodied carbon assessment; Calculate primary contributors to overall embodied carbon,Embodied carbon assessment report; Calculation of primary contributors to overall embodied carbon,22526,2622,1028.04,True,False,True
zero_shot,2,00_sample_project,Climate And Resilience,CR1.2,Reduce Greenhouse Gas Emissions,,Applicable,No Level,0,,QA:Insufficient Data(No information on reduction of greenhouse gas emissions in PDF metadata) | QB:Insufficient Data(No calculation and reporting of annual greenhouse gas emissions in PDF metadata),"A,B required for Improved",Conduct greenhouse gas emissions assessment; Calculate and report annual greenhouse gas emissions,Greenhouse gas emissions assessment report; Calculation and reporting of annual greenhouse gas emissions,22526,2622,1028.04,True,False,True
zero_shot,2,00_sample_project,Climate And Resilience,CR1.3,Reduce Air Pollutant Emissions,,Applicable,No Level,0,,QA:Insufficient Data(No information on meeting minimum air quality standards in PDF metadata) | QB:Insufficient Data(No information on reduction of air pollutant emissions in PDF metadata) | QC:Insufficient Data(No information on ongoing monitoring and management of direct air pollutant emis) | QD:Insufficient Data(No assessment of materiality of volatile organic compounds in PDF metadata) | QE:Insufficient Data(No information on removal of existing air pollutant sources in PDF metadata),"A,B,C required for Enhanced",Conduct air pollutant emissions assessment; Implement strategies to reduce air pollutant emissions,Air pollutant emissions assessment report; Implementation plan for reducing air pollutant emissions,22526,2622,1028.04,True,False,True
zero_shot,2,00_sample_project,Climate And Resilience,CR2.1,Avoid Unsuitable Development,,Applicable,No Level,0,,QA:Insufficient Data(No information on identification of potential siting hazards in PDF metadata) | QB:Insufficient Data(No information on consideration of siting and project alternatives in PDF metada) | QC:Insufficient Data(No information on implementation of strategies to mitigate site hazards in PDF m) | QD:Insufficient Data(No information on chosen project and site resulting in lowest exposure to site h) | QE:Insufficient Data(No information on intentional avoidance of known site hazards in PDF metadata) | QF:Insufficient Data(No information on removal or modification of structures subject to frequent dama),A+B required for Improved,Conduct siting hazard assessment; Consider alternative sites and projects,Siting hazard assessment report; Alternative site and project evaluation,22526,2622,1028.04,True,False,True
zero_shot,2,00_sample_project,Climate And Resilience,CR2.2,Assess Climate Change Vulnerability,,Applicable,No Level,0,,QA:Insufficient Data(No information on determination of climate change threats in PDF metadata) | QB:Insufficient Data(No information on determination of vulnerability to climate change threats in PD) | QC:Insufficient Data(No information on determination of infrastructure system vulnerability to climat) | QD:Insufficient Data(No information on determination of community vulnerability to climate change thr) | QE:Insufficient Data(No information on sharing of climate threat findings in PDF metadata),A+B required for Improved,Conduct climate change vulnerability assessment; Determine infrastructure system and community vulnerability,Climate change vulnerability assessment report; Infrastructure system and community vulnerability evaluation,22526,2622,1028.04,True,False,True
zero_shot,2,00_sample_project,Climate And Resilience,CR2.3,Evaluate Risk and Resilience,,Applicable,No Level,0,,QA:Insufficient Data(No information on risk assessment in PDF metadata) | QB:Insufficient Data(No information on identification of critical functions and dependencies in PDF m) | QC:Insufficient Data(No information on identification of threats or hazards in PDF metadata) | QD:Insufficient Data(No information on identification of vulnerabilities in PDF metadata) | QE:Insufficient Data(No information on evaluation of risks in PDF metadata) | QF:Insufficient Data(No information on participation of owner and stakeholders in risk evaluation in ),A+B+C+D+E required for Superior,Conduct risk assessment; Identify critical functions and dependencies,Risk assessment report; Critical function and dependency evaluation,22526,2622,1028.04,True,False,True
zero_shot,2,00_sample_project,Climate And Resilience,CR2.4,Establish Resilience Goals and Strategies,,Applicable,No Level,0,,QA:Insufficient Data(No information on identification of project performance goals in PDF metadata) | QB:Insufficient Data(No information on development of risk management strategies in PDF metadata) | QC:Insufficient Data(No information on engagement of key stakeholders in resilience goals in PDF meta) | QD:Insufficient Data(No information on incorporation of project into larger community resilience goal),A+B required for Enhanced,Identify project performance goals; Develop risk management strategies,Project performance goal identification report; Risk management strategy development,22526,2622,1028.04,True,False,True
zero_shot,2,00_sample_project,Climate And Resilience,CR2.5,Maximize Resilience,,Applicable,No Level,0,,QA:Insufficient Data(No information on development of resilience goals and strategies in PDF metadata) | QB:Insufficient Data(No information on implementation of resilience strategies in PDF metadata) | QC:Insufficient Data(No information on monitoring and review of resilience strategy effectiveness in ) | QD:Insufficient Data(No information on incorporation of resilience goals and strategies into operatio) | QE:Insufficient Data(No information on measurement or quantification of resilience performance target),A+B+C+D+E required for Conserving,Develop resilience goals and strategies; Implement resilience strategies,Resilience goal and strategy development report; Resilience strategy implementation plan,22526,2622,1028.04,True,False,True
zero_shot,2,00_sample_project,Climate And Resilience,CR2.6,Improve Infrastructure Integration,,Applicable,No Level,0,,QA:Insufficient Data(No information on increase of internal systems integration in PDF metadata) | QB:Insufficient Data(No information on reduction of risk of systemic or cascading failures in PDF met) | QC:Insufficient Data(No information on increase of external systems integration in PDF metadata) | QD:Insufficient Data(No information on integration of infrastructure networks in PDF metadata) | QE:Insufficient Data(No information on integration of data or monitoring systems in PDF metadata),A required for Improved,Increase internal systems integration; Reduce risk of systemic or cascading failures,Internal systems integration report; Systemic or cascading failure risk reduction plan,22526,2622,1028.04,True,False,True
zero_shot,2,00_sample_project,Leadership,LD1.1,Provide Effective Leadership and Commitment,,Applicable,Improved,2,,QA:Insufficient Data(No community needs assessment in model) | QB:Insufficient Data(No sustainability management plan in model) | QC:Insufficient Data(No periodic revisit of project sustainability commitments) | QD:Insufficient Data(No organizational commitments to sustainability from key team members),A + B required for Improved,"Begin community engagement to address A, B, D",Community needs assessment report; Sustainability management plan,24260,3262,1265.58,True,False,True
zero_shot,2,00_sample_project,Leadership,LD1.2,Foster Collaboration and Teamwork,,Applicable,Improved,2,,"QA:Insufficient Data(No interdisciplinary collaborative kickoff meeting) | QB:Insufficient Data(No sustainability performance enhancements from collaboration) | QC:Insufficient Data(No regular interdisciplinary and collaborative meetings) | QD:Insufficient Data(No inclusion of construction, operations, or maintenance stakeholders)",A required for Improved,Schedule interdisciplinary collaborative kickoff meeting,Meeting minutes from collaborative meetings; Sustainability performance enhancements report,24260,3262,1265.58,True,False,True
zero_shot,2,00_sample_project,Leadership,LD1.3,Provide for Stakeholder Involvement,,Applicable,Improved,3,,QA:Insufficient Data(No stakeholder mapping exercise) | QB:Insufficient Data(No proactive stakeholder engagement process) | QC:Insufficient Data(No lead member of project team involved with stakeholders) | QD:Insufficient Data(No incorporation of stakeholder feedback into project plans) | QE:Insufficient Data(No stakeholder satisfaction assessment) | QF:No(Project team has not engaged stakeholders as partners),"A, B required for Improved",Conduct stakeholder mapping exercise; Establish proactive stakeholder engagement process,Stakeholder mapping report; Stakeholder engagement plan,24260,3262,1265.58,True,False,True
zero_shot,2,00_sample_project,Leadership,LD1.4,Pursue Byproduct Synergies,,Applicable,Improved,3,,QA:Insufficient Data(No assessment of excess resources or capacity) | QB:Insufficient Data(No identification of byproduct synergy opportunities) | QC:Insufficient Data(No pursuit of byproduct synergies) | QD:Insufficient Data(No inclusion of byproduct synergies in project) | QE:Insufficient Data(No circular economy approach),"A, B required for Improved",Assess excess resources and capacity; Identify byproduct synergy opportunities,Byproduct synergy assessment report; Byproduct synergy implementation plan,24260,3262,1265.58,True,False,True
zero_shot,2,00_sample_project,Leadership,LD2.1,Establish a Sustainability Management Plan,,Applicable,Improved,4,,QA:Insufficient Data(No roles and responsibilities assigned for sustainability) | QB:Insufficient Data(No sustainability management plan developed) | QC:Insufficient Data(No processes and management controls for sustainability) | QD:Insufficient Data(No implementation of sustainability management plan) | QE:Insufficient Data(No adaptability and flexibility in sustainability management plan),"A, B required for Improved",Assign roles and responsibilities for sustainability; Develop sustainability management plan,Sustainability management plan document; Sustainability performance metrics report,24260,3262,1265.58,True,False,True
zero_shot,2,00_sample_project,Leadership,LD2.2,Plan for Sustainable Communities,,Applicable,Improved,4,,QA:Insufficient Data(No consideration of sustainability during project selection) | QB:Insufficient Data(No alternative analyses conducted on sustainability performance) | QC:Insufficient Data(No assessment of project impacts on broader community or regional sustainability) | QD:Insufficient Data(No comprehensive sustainable development plan) | QE:Insufficient Data(No address of inherently unsustainable conditions in community or region),"A, B required for Improved",Consider sustainability during project selection; Conduct alternative analyses on sustainability performance,Sustainability consideration report; Alternative analysis report,24260,3262,1265.58,True,False,True
zero_shot,2,00_sample_project,Leadership,LD2.3,Plan for Long-Term Monitoring and Maintenance,,Applicable,Improved,2,,QA:Insufficient Data(No consideration of ongoing operational impacts) | QB:Insufficient Data(No comprehensive plan for long-term monitoring and maintenance) | QC:Insufficient Data(No communication of monitoring and maintenance plan with operations and maintena) | QD:Insufficient Data(No allocation of sufficient resources for long-term monitoring and maintenance) | QE:Insufficient Data(No plan to re-evaluate and modify maintenance plan based on monitored data),A required for Improved,Consider ongoing operational impacts; Develop comprehensive plan for long-term monitoring and maintenance,Long-term monitoring and maintenance plan document; Operations and maintenance staff training records,24260,3262,1265.58,True,False,True
zero_shot,2,00_sample_project,Leadership,LD2.4,Plan for End-of-Life,,Applicable,Improved,2,,"QA:Insufficient Data(No end-of-life plan developed) | QB:Insufficient Data(No evaluation of opportunities to extend project's useful life or beneficially r) | QC:Insufficient Data(No assessment of potential social, environmental, and economic end-of-life impac) | QD:Insufficient Data(No evaluation of costs and salvage value of project's deconstruction, decommissi) | QE:Insufficient Data(No proactive engagement of stakeholders in end-of-life planning)","A, B required for Improved",Develop end-of-life plan; Evaluate opportunities to extend project's useful life or beneficially repurpose project after end-of-life,End-of-life plan document; End-of-life impact assessment report,24260,3262,1265.58,True,False,True
zero_shot,2,00_sample_project,Leadership,LD3.1,Stimulate Economic Prosperity and Development,,Applicable,Improved,3,,"QA:Insufficient Data(No creation of significant number of new jobs during design, construction, and o) | QB:Insufficient Data(No provision of new operating capacity for business, industry, or public) | QC:Insufficient Data(No increase in access, choices, or quality of infrastructure services for busine) | QD:Insufficient Data(No improvement of community attractiveness for business, industry, or public) | QE:Insufficient Data(No stimulation of economic prosperity and further economic development)","A, B required for Improved","Create new jobs during design, construction, and operation; Provide new operating capacity for business, industry, or public",Job creation report; Operating capacity assessment report,24260,3262,1265.58,True,False,True
zero_shot,2,00_sample_project,Leadership,LD3.2,Develop Local Skills and Capabilities,,Applicable,Improved,2,,"QA:Insufficient Data(No inclusion of training programs for local skill development) | QB:Insufficient Data(No identification of skill or capability gaps in local workforce and targeting o) | QC:Insufficient Data(No continuation of training, education, or skill development programs after proj) | QD:Insufficient Data(No targeting of training and skill development programs to economically depresse)",A required for Improved,Include training programs for local skill development; Identify skill or capability gaps in local workforce and target training programs,Training program report; Skill gap assessment report,24260,3262,1265.58,True,False,True
zero_shot,2,00_sample_project,Leadership,LD3.3,Conduct a Life-Cycle Economic Evaluation,,Applicable,Improved,5,,"QA:Insufficient Data(No life-cycle cost analysis conducted) | QB:Insufficient Data(No use of life-cycle cost analyses to compare alternatives for major project com) | QC:Insufficient Data(No mapping of social, environmental, and financial costs and benefits of project) | QD:Insufficient Data(No conduct of cost-benefit analysis to identify financial, social, and environme) | QE:Insufficient Data(No use of cost-benefit analyses to compare alternatives for major project compon)",A required for Improved,Conduct life-cycle cost analysis; Use life-cycle cost analyses to compare alternatives for major project components,Life-cycle cost analysis report; Cost-benefit analysis report,24260,3262,1265.58,True,False,True
zero_shot,2,00_sample_project,Natural World,,,,,,,,,,,,28099,3901,1622.76,False,True,True
zero_shot,2,00_sample_project,Quality Of Life,,,,,,,,,,,,27044,4956,2059.47,False,True,True
zero_shot,2,00_sample_project,Resource Allocation,RA1.1,Support Sustainable Procurement Practices,,Applicable,,,The project includes the use of physical materials in construction or operation.,QA:Likely Yes(Project team has conducted planning reviews to identify sustainable procurement ) | QB:Insufficient Data(No data on the extent of sustainable procurement practices implemented.),"A, B required for Improved",Develop a comprehensive sustainable procurement policy.; Conduct planning reviews to identify sustainable procurement strategies.,Sustainable procurement policy document.; Records of planning reviews and sustainable procurement strategies implemented.,26530,2567,1079.88,True,False,True
zero_shot,2,00_sample_project,Resource Allocation,RA1.2,Use Recycled Materials,,Applicable,,,The project includes the use of physical materials in construction or operation.,QA:Likely Yes(Project team has considered using recycled materials.),A required for Improved,Specify recycled materials in the project design.; Research and identify potential sources of recycled materials.,Material specifications indicating use of recycled materials.; Records of research on potential sources of recycled materials.,26530,2567,1079.88,True,False,True
zero_shot,2,00_sample_project,Resource Allocation,RA1.3,Reduce Operational Waste,,Applicable,,,The project produces operational waste.,QA:Likely Yes(Project team has developed a waste management plan.) | QB:Insufficient Data(No data on the extent of operational waste reduction.),"A, B required for Improved",Develop a comprehensive waste management plan.; Conduct planning reviews to identify waste reduction strategies.,Waste management plan document.; Records of planning reviews and waste reduction strategies implemented.,26530,2567,1079.88,True,False,True
zero_shot,2,00_sample_project,Resource Allocation,RA1.4,Reduce Construction Waste,,Applicable,,,The project produces construction waste.,QA:Likely Yes(Project team has conducted planning reviews to reduce construction waste.) | QB:Insufficient Data(No data on the extent of construction waste reduction.),"A, B required for Improved",Develop a comprehensive construction waste management plan.; Conduct planning reviews to identify waste reduction strategies.,Construction waste management plan document.; Records of planning reviews and waste reduction strategies implemented.,26530,2567,1079.88,True,False,True
zero_shot,2,00_sample_project,Resource Allocation,RA1.5,Balance Earthwork On Site,,Applicable,,,The project involves excavation of qualifying earthwork.,QA:Likely Yes(Project team has designed the project to balance cut and fill.),A required for Improved,Design the project to balance cut and fill.; Conduct geotechnical surveys to inform earthwork design.,Geotechnical survey reports.; Earthwork design documents.,26530,2567,1079.88,True,False,True
zero_shot,2,00_sample_project,Resource Allocation,RA2.1,Reduce Operational Energy Consumption,,Applicable,,,The project consumes energy during operation.,QA:Likely Yes(Project team has determined the estimated annual energy consumption.) | QB:Insufficient Data(No data on the extent of operational energy reduction.),"A, B required for Improved",Conduct energy audits to identify areas for improvement.; Develop an energy management plan.,Energy audit reports.; Energy management plan document.,26530,2567,1079.88,True,False,True
zero_shot,2,00_sample_project,Resource Allocation,RA2.2,Reduce Construction Energy Consumption,,Applicable,,,The project consumes energy during construction.,QA:Likely Yes(Project team has conducted planning reviews to reduce construction energy consum) | QB:Insufficient Data(No data on the extent of construction energy reduction.),A required for Improved,Develop a comprehensive construction energy management plan.; Conduct planning reviews to identify energy reduction strategies.,Construction energy management plan document.; Records of planning reviews and energy reduction strategies implemented.,26530,2567,1079.88,True,False,True
zero_shot,2,00_sample_project,Resource Allocation,RA2.3,Use Renewable Energy,,Applicable,,,The project consumes energy during operation.,QA:Likely Yes(Project team has considered using renewable energy sources.),A required for Improved,Research and identify potential renewable energy sources.; Develop a plan to integrate renewable energy into the project.,Renewable energy source research reports.; Plan for integrating renewable energy into the project.,26530,2567,1079.88,True,False,True
zero_shot,2,00_sample_project,Resource Allocation,RA2.4,Commission and Monitor Energy Systems,,Applicable,,,The project consumes energy during operation.,QA:Likely Yes(Project team has designed the project to include advanced integrated monitoring ) | QB:Insufficient Data(No data on the extent of commissioning and monitoring.),"A, B required for Improved",Develop a comprehensive commissioning plan.; Conduct planning reviews to identify monitoring and verification needs.,Commissioning plan document.; Records of planning reviews and monitoring and verification strategies implemented.,26530,2567,1079.88,True,False,True
zero_shot,2,00_sample_project,Resource Allocation,RA3.1,Preserve Water Resources,,Applicable,,,The project consumes water during operation.,QA:Likely Yes(Project team has conducted a watershed assessment.) | QB:Insufficient Data(No data on the extent of water conservation.),"A, B required for Improved",Conduct a watershed assessment.; Develop a comprehensive water conservation plan.,Watershed assessment report.; Water conservation plan document.,26530,2567,1079.88,True,False,True
zero_shot,2,00_sample_project,Resource Allocation,RA3.2,Reduce Operational Water Consumption,,Applicable,,,The project consumes water during operation.,QA:Likely Yes(Project team has conducted planning reviews to reduce operational water consumpt) | QB:Insufficient Data(No data on the extent of operational water reduction.),"A, B required for Improved",Develop a comprehensive water management plan.; Conduct planning reviews to identify water reduction strategies.,Water management plan document.; Records of planning reviews and water reduction strategies implemented.,26530,2567,1079.88,True,False,True
zero_shot,2,00_sample_project,Resource Allocation,RA3.3,Reduce Construction Water Consumption,,Applicable,,,The project consumes water during construction.,QA:Likely Yes(Project team has conducted planning reviews to reduce construction water consump) | QB:Insufficient Data(No data on the extent of construction water reduction.),A required for Improved,Develop a comprehensive construction water management plan.; Conduct planning reviews to identify water reduction strategies.,Construction water management plan document.; Records of planning reviews and water reduction strategies implemented.,26530,2567,1079.88,True,False,True
zero_shot,2,00_sample_project,Resource Allocation,RA3.4,Monitor Water Systems,,Applicable,,,The project consumes water during operation.,QA:Likely Yes(Project team has designed the project to include advanced integrated monitoring ) | QB:Insufficient Data(No data on the extent of monitoring and verification.),A required for Improved,Develop a comprehensive monitoring plan.; Conduct planning reviews to identify monitoring and verification needs.,Monitoring plan document.; Records of planning reviews and monitoring and verification strategies implemented.,26530,2567,1079.88,True,False,True
zero_shot,3,00_sample_project,Climate And Resilience,CR1.1,Reduce Net Embodied Carbon,,Applicable,No Level,0,,QA:Insufficient Data(No embodied carbon assessment in PDF metadata) | QB:Insufficient Data(No calculation of primary contributors to overall embodied carbon in PDF metadat) | QC:Insufficient Data(No information on reduction of net embodied carbon in PDF metadata),A + B + C required for Improved,Conduct embodied carbon assessment; Calculate primary contributors to overall embodied carbon,Embodied carbon assessment report; Calculation of primary contributors to overall embodied carbon,22526,2623,1016.63,True,False,True
zero_shot,3,00_sample_project,Climate And Resilience,CR1.2,Reduce Greenhouse Gas Emissions,,Applicable,No Level,0,,QA:Insufficient Data(No information on reduction of greenhouse gas emissions in PDF metadata) | QB:Insufficient Data(No calculation and reporting of annual greenhouse gas emissions in PDF metadata),A + B required for Improved,Conduct greenhouse gas emissions assessment; Calculate and report annual greenhouse gas emissions,Greenhouse gas emissions assessment report; Calculation and reporting of annual greenhouse gas emissions,22526,2623,1016.63,True,False,True
zero_shot,3,00_sample_project,Climate And Resilience,CR1.3,Reduce Air Pollutant Emissions,,Applicable,No Level,0,,QA:Insufficient Data(No information on meeting minimum air quality standards in PDF metadata) | QB:Insufficient Data(No information on reduction of air pollutant emissions in PDF metadata) | QC:Insufficient Data(No information on ongoing monitoring and management of direct air pollutant emis) | QD:Insufficient Data(No assessment of materiality of volatile organic compounds in PDF metadata) | QE:Insufficient Data(No information on removal of existing air pollutant sources in PDF metadata),A + B required for Improved,Conduct air pollutant emissions assessment; Implement strategies to reduce air pollutant emissions,Air pollutant emissions assessment report; Implementation plan for reducing air pollutant emissions,22526,2623,1016.63,True,False,True
zero_shot,3,00_sample_project,Climate And Resilience,CR2.1,Avoid Unsuitable Development,,Applicable,No Level,0,,QA:Insufficient Data(No information on identification of potential siting hazards in PDF metadata) | QB:Insufficient Data(No information on consideration of siting and project alternatives in PDF metada) | QC:Insufficient Data(No information on implementation of strategies to mitigate site hazards in PDF m) | QD:Insufficient Data(No information on chosen project and site resulting in lowest exposure to site h) | QE:Insufficient Data(No information on intentional avoidance of known site hazards in PDF metadata) | QF:Insufficient Data(No information on removal or modification of structures subject to frequent dama),A + B required for Improved,Conduct siting hazard assessment; Consider alternative sites and projects,Siting hazard assessment report; Alternative site and project evaluation,22526,2623,1016.63,True,False,True
zero_shot,3,00_sample_project,Climate And Resilience,CR2.2,Assess Climate Change Vulnerability,,Applicable,No Level,0,,QA:Insufficient Data(No information on determination of climate change threats in PDF metadata) | QB:Insufficient Data(No information on determination of vulnerability to climate change threats in PD) | QC:Insufficient Data(No information on determination of infrastructure system vulnerability to climat) | QD:Insufficient Data(No information on determination of community vulnerability to climate change thr) | QE:Insufficient Data(No information on sharing of climate threat findings in PDF metadata),A + B required for Improved,Conduct climate change vulnerability assessment; Determine vulnerability to climate change threats,Climate change vulnerability assessment report; Vulnerability determination,22526,2623,1016.63,True,False,True
zero_shot,3,00_sample_project,Climate And Resilience,CR2.3,Evaluate Risk and Resilience,,Applicable,No Level,0,,QA:Insufficient Data(No information on risk assessment in PDF metadata) | QB:Insufficient Data(No information on identification of critical functions and dependencies in PDF m) | QC:Insufficient Data(No information on identification of threats or hazards in PDF metadata) | QD:Insufficient Data(No information on identification of vulnerabilities in PDF metadata) | QE:Insufficient Data(No information on evaluation of risks in PDF metadata) | QF:Insufficient Data(No information on participation of owner and stakeholders in risk evaluation in ),A + B + C + D + E required for Conserving,Conduct risk assessment; Identify critical functions and dependencies,Risk assessment report; Identification of critical functions and dependencies,22526,2623,1016.63,True,False,True
zero_shot,3,00_sample_project,Climate And Resilience,CR2.4,Establish Resilience Goals and Strategies,,Applicable,No Level,0,,QA:Insufficient Data(No information on identification of project performance goals in PDF metadata) | QB:Insufficient Data(No information on development of risk management strategies in PDF metadata) | QC:Insufficient Data(No information on engagement of key stakeholders in resilience goals in PDF meta) | QD:Insufficient Data(No information on incorporation of project into larger community resilience goal),A + B required for Enhanced,Identify project performance goals; Develop risk management strategies,Project performance goals report; Risk management strategies,22526,2623,1016.63,True,False,True
zero_shot,3,00_sample_project,Climate And Resilience,CR2.5,Maximize Resilience,,Applicable,No Level,0,,QA:Insufficient Data(No information on development of resilience goals and strategies in PDF metadata) | QB:Insufficient Data(No information on implementation of resilience strategies in PDF metadata) | QC:Insufficient Data(No information on monitoring and review of resilience strategies in PDF metadata) | QD:Insufficient Data(No information on incorporation of resilience goals and strategies into operatio) | QE:Insufficient Data(No information on measurement or quantification of resilience performance target),A + B + C + D + E required for Conserving,Develop resilience goals and strategies; Implement resilience strategies,Resilience goals and strategies report; Implementation plan for resilience strategies,22526,2623,1016.63,True,False,True
zero_shot,3,00_sample_project,Climate And Resilience,CR2.6,Improve Infrastructure Integration,,Applicable,No Level,0,,QA:Insufficient Data(No information on increase of internal systems integration in PDF metadata) | QB:Insufficient Data(No information on reduction of risk of systemic or cascading failures in PDF met) | QC:Insufficient Data(No information on increase of external systems integration in PDF metadata) | QD:Insufficient Data(No information on integration of infrastructure networks in PDF metadata) | QE:Insufficient Data(No information on integration of data or monitoring systems in PDF metadata),A required for Improved,Increase internal systems integration; Reduce risk of systemic or cascading failures,Internal systems integration report; Risk reduction plan,22526,2623,1016.63,True,False,True
zero_shot,3,00_sample_project,Leadership,LD1.1,Provide Effective Leadership and Commitment,,Applicable,,,"The project team has made written commitments to address social, environmental, and economic aspects of the project.",QA:Likely Yes(Project team's commitment to sustainability) | QB:Insufficient Data | QC:Insufficient Data | QD:Insufficient Data,A,Develop a sustainability management plan,Sustainability management plan; Stakeholder engagement records,24260,2571,1051.0,True,False,True
zero_shot,3,00_sample_project,Leadership,LD1.2,Foster Collaboration and Teamwork,,Applicable,,,The project team has established regular interdisciplinary and collaborative meetings to set and achieve sustainability goals.,QA:Likely Yes(Project team's collaboration) | QB:Insufficient Data | QC:Insufficient Data | QD:Insufficient Data,A,Establish a collaboration plan,Collaboration plan; Meeting records,24260,2571,1051.0,True,False,True
zero_shot,3,00_sample_project,Leadership,LD1.3,Provide for Stakeholder Involvement,,Applicable,,,The project team has undertaken a stakeholder mapping exercise to determine stakeholders.,QA:Likely Yes(Stakeholder mapping exercise) | QB:Insufficient Data | QC:Insufficient Data | QD:Insufficient Data | QE:Insufficient Data | QF:No(No stakeholder partnership),"A, B",Develop a stakeholder engagement plan,Stakeholder engagement plan; Stakeholder feedback records,24260,2571,1051.0,True,False,True
zero_shot,3,00_sample_project,Leadership,LD1.4,Pursue Byproduct Synergies,,Applicable,,,The project team has assessed the availability of internal or external excess resources or capacity.,QA:Likely Yes(Project team's assessment of excess resources) | QB:Insufficient Data | QC:Insufficient Data | QD:Insufficient Data | QE:Insufficient Data,"A, B",Identify potential byproduct synergies,Byproduct synergy assessment; Implementation plan,24260,2571,1051.0,True,False,True
zero_shot,3,00_sample_project,Leadership,LD2.1,Establish a Sustainability Management Plan,,Applicable,,,"The project team has developed a sustainability management plan to assess and prioritize environmental, economic, and social aspects of the project.",QA:Likely Yes(Sustainability management plan) | QB:Insufficient Data | QC:Insufficient Data | QD:Insufficient Data | QE:Insufficient Data,"A, B",Develop a sustainability management plan,Sustainability management plan; Implementation records,24260,2571,1051.0,True,False,True
zero_shot,3,00_sample_project,Leadership,LD2.2,Plan for Sustainable Communities,,Applicable,,,The project team has considered sustainability during project selection/identification.,QA:Likely Yes(Project team's consideration of sustainability) | QB:Insufficient Data | QC:Insufficient Data | QD:Insufficient Data | QE:Insufficient Data,"A, B",Develop a community sustainability plan,Community sustainability plan; Stakeholder engagement records,24260,2571,1051.0,True,False,True
zero_shot,3,00_sample_project,Leadership,LD2.3,Plan for Long-Term Monitoring and Maintenance,,Applicable,,,The project team has considered how to reduce ongoing operational impacts.,QA:Likely Yes(Project team's consideration of operational impacts) | QB:Insufficient Data | QC:Insufficient Data | QD:Insufficient Data | QE:Insufficient Data,A,Develop a monitoring and maintenance plan,Monitoring and maintenance plan; Implementation records,24260,2571,1051.0,True,False,True
zero_shot,3,00_sample_project,Leadership,LD2.4,Plan for End-of-Life,,Applicable,,,The project team has developed an end-of-life plan.,QA:Likely Yes(End-of-life plan) | QB:Insufficient Data | QC:Insufficient Data | QD:Insufficient Data | QE:Insufficient Data,"A, B",Develop an end-of-life plan,End-of-life plan; Implementation records,24260,2571,1051.0,True,False,True
zero_shot,3,00_sample_project,Leadership,LD3.1,Stimulate Economic Prosperity and Development,,Applicable,,,The project team has considered how to support economic prosperity and development.,QA:Likely Yes(Project team's consideration of economic prosperity) | QB:Insufficient Data | QC:Insufficient Data | QD:Insufficient Data | QE:Insufficient Data,"A, B",Develop an economic development plan,Economic development plan; Stakeholder engagement records,24260,2571,1051.0,True,False,True
zero_shot,3,00_sample_project,Leadership,LD3.2,Develop Local Skills and Capabilities,,Applicable,,,The project team has considered how to expand local skills and capabilities.,QA:Likely Yes(Project team's consideration of local skills) | QB:Insufficient Data | QC:Insufficient Data | QD:Insufficient Data,A,Develop a local skills development plan,Local skills development plan; Training records,24260,2571,1051.0,True,False,True
zero_shot,3,00_sample_project,Leadership,LD3.3,Conduct a Life-Cycle Economic Evaluation,,Applicable,,,The project team has considered how to conduct a life-cycle economic evaluation.,QA:Likely Yes(Project team's consideration of life-cycle costs) | QB:Insufficient Data | QC:Insufficient Data | QD:Insufficient Data | QE:Insufficient Data,A,Conduct a life-cycle economic evaluation,Life-cycle economic evaluation report; Implementation records,24260,2571,1051.0,True,False,True
zero_shot,3,00_sample_project,Natural World,,,,,,,,,,,,28099,3901,1609.36,False,True,True
zero_shot,3,00_sample_project,Quality Of Life,,,,,,,,,,,,27044,4956,1839.89,False,True,True
zero_shot,3,00_sample_project,Resource Allocation,RA1.1,Support Sustainable Procurement Practices,,Applicable,,,The project includes the use of physical materials in construction or operation.,QA:Likely Yes(Project team has conducted planning reviews to identify sustainable procurement ) | QB:Insufficient Data(No data on the extent of sustainable procurement practices implemented.),,Develop a comprehensive sustainable procurement plan,Sustainable procurement policy or program documentation,26530,2412,857.55,True,False,True
zero_shot,3,00_sample_project,Resource Allocation,RA1.2,Use Recycled Materials,,Applicable,,,The project includes the use of physical materials in construction or operation.,QA:Likely Yes(Project team has considered using recycled materials.),,Research and specify recycled materials for the project,Material takeoffs and recycling plans,26530,2412,857.55,True,False,True
zero_shot,3,00_sample_project,Resource Allocation,RA1.3,Reduce Operational Waste,,Applicable,,,The project produces operational waste.,QA:Likely Yes(Project team has developed a waste management plan.) | QB:Insufficient Data(No data on the extent of operational waste reduction.),,Develop a comprehensive waste management plan,Waste management plan and operational waste reduction strategies,26530,2412,857.55,True,False,True
zero_shot,3,00_sample_project,Resource Allocation,RA1.4,Reduce Construction Waste,,Applicable,,,The project produces construction waste.,QA:Likely Yes(Project team has conducted planning reviews to reduce construction waste.) | QB:Insufficient Data(No data on the extent of construction waste reduction.),,Develop a comprehensive construction waste management plan,Construction waste management plan and reduction strategies,26530,2412,857.55,True,False,True
zero_shot,3,00_sample_project,Resource Allocation,RA1.5,Balance Earthwork On Site,,Applicable,,,The project involves earthwork.,QA:Likely Yes(Project team has designed the project to balance cut and fill.),,Develop an earthwork balancing plan,Earthwork balancing plan,26530,2412,857.55,True,False,True
zero_shot,3,00_sample_project,Resource Allocation,RA2.1,Reduce Operational Energy Consumption,,Applicable,,,The project consumes energy during operation.,QA:Likely Yes(Project team has determined the estimated annual energy consumption.) | QB:Insufficient Data(No data on the extent of operational energy reduction.),,Conduct an energy consumption analysis and develop reduction strategies,Energy consumption analysis and reduction strategies,26530,2412,857.55,True,False,True
zero_shot,3,00_sample_project,Resource Allocation,RA2.2,Reduce Construction Energy Consumption,,Applicable,,,The project consumes energy during construction.,QA:Likely Yes(Project team has conducted planning reviews to reduce construction energy consum) | QB:Insufficient Data(No data on the extent of construction energy reduction.),,Conduct a construction energy consumption analysis and develop reduction strategies,Construction energy consumption analysis and reduction strategies,26530,2412,857.55,True,False,True
zero_shot,3,00_sample_project,Resource Allocation,RA2.3,Use Renewable Energy,,Applicable,,,The project consumes energy during operation.,QA:Insufficient Data(No data on the extent of renewable energy use.),,Research and consider renewable energy options for the project,Renewable energy plans and implementation strategies,26530,2412,857.55,True,False,True
zero_shot,3,00_sample_project,Resource Allocation,RA2.4,Commission and Monitor Energy Systems,,Applicable,,,The project consumes energy during operation.,QA:Likely Yes(Project team has incorporated advanced integrated monitoring systems.) | QB:Insufficient Data(No data on the extent of commissioning and monitoring.) | QC:Insufficient Data(No data on the plan for ongoing commissioning.),,Develop a comprehensive commissioning and monitoring plan,Commissioning and monitoring plans,26530,2412,857.55,True,False,True
zero_shot,3,00_sample_project,Resource Allocation,RA3.1,Preserve Water Resources,,Applicable,,,The project consumes water during operation.,QA:Likely Yes(Project team has conducted a watershed assessment.) | QB:Insufficient Data(No data on the extent of water usage and wastewater generation.) | QC:Insufficient Data(No data on features to minimize negative impacts on water resources.) | QD:Insufficient Data(No data on the net-zero impact on fresh surface water and groundwater supplies.) | QE:Insufficient Data(No data on the project's inclusion in a watershed-level or regional plan.) | QF:Insufficient Data(No data on the direct net-positive improvement to the watershed.),,Conduct a watershed assessment and develop water conservation strategies,Watershed assessment and water conservation plans,26530,2412,857.55,True,False,True
zero_shot,3,00_sample_project,Resource Allocation,RA3.2,Reduce Operational Water Consumption,,Applicable,,,The project consumes water during operation.,QA:Likely Yes(Project team has conducted planning and design reviews to reduce potable water u) | QB:Insufficient Data(No data on the extent of potable water reduction.) | QC:Insufficient Data(No data on the extent of overall water use reduction.) | QD:Insufficient Data(No data on the net-positive impact on water use.),,Conduct a water consumption analysis and develop reduction strategies,Water consumption analysis and reduction strategies,26530,2412,857.55,True,False,True
zero_shot,3,00_sample_project,Resource Allocation,RA3.3,Reduce Construction Water Consumption,,Applicable,,,The project consumes water during construction.,QA:Likely Yes(Project team has conducted planning reviews to reduce water consumption during c) | QB:Insufficient Data(No data on the extent of water conservation strategies implemented.),,Conduct a construction water consumption analysis and develop reduction strategies,Construction water consumption analysis and reduction strategies,26530,2412,857.55,True,False,True
zero_shot,3,00_sample_project,Resource Allocation,RA3.4,Monitor Water Systems,,Applicable,,,The project consumes water during operation.,QA:Likely Yes(Project team has incorporated advanced integrated monitoring systems.) | QB:Insufficient Data(No data on the extent of real-time water monitoring.),,Develop a comprehensive water monitoring plan,Water monitoring plans,26530,2412,857.55,True,False,True
zero_shot,4,00_sample_project,Climate And Resilience,CR1.1,Reduce Net Embodied Carbon,,Applicable,No Level,0,,QA:Insufficient Data(No embodied carbon assessment in PDF metadata) | QB:Insufficient Data(No calculation of primary contributors to overall embodied carbon in PDF metadat) | QC:Insufficient Data(No information on reduction of net embodied carbon in PDF metadata),A + B + C required for Improved,Conduct embodied carbon assessment; Calculate primary contributors to overall embodied carbon,Embodied carbon assessment report; Calculation of primary contributors to overall embodied carbon,22526,2564,904.21,True,False,True
zero_shot,4,00_sample_project,Climate And Resilience,CR1.2,Reduce Greenhouse Gas Emissions,,Applicable,No Level,0,,QA:Insufficient Data(No information on reduction of greenhouse gas emissions in PDF metadata) | QB:Insufficient Data(No calculation or reporting of annual greenhouse gas emissions in PDF metadata),A + B required for Improved,Conduct greenhouse gas emissions assessment; Calculate and report annual greenhouse gas emissions,Greenhouse gas emissions assessment report; Calculation and reporting of annual greenhouse gas emissions,22526,2564,904.21,True,False,True
zero_shot,4,00_sample_project,Climate And Resilience,CR1.3,Reduce Air Pollutant Emissions,,Applicable,No Level,0,,QA:Insufficient Data(No information on meeting air quality standards in PDF metadata) | QB:Insufficient Data(No information on reduction of air pollutant emissions in PDF metadata) | QC:Insufficient Data(No information on monitoring and management of direct air pollutant emissions in) | QD:Insufficient Data(No assessment of materiality of volatile organic compounds in PDF metadata) | QE:Insufficient Data(No information on removal of existing air pollutant sources in PDF metadata),A + B required for Improved,Conduct air quality assessment; Reduce air pollutant emissions,Air quality assessment report; Reduction of air pollutant emissions plan,22526,2564,904.21,True,False,True
zero_shot,4,00_sample_project,Climate And Resilience,CR2.1,Avoid Unsuitable Development,,Applicable,No Level,0,,QA:Insufficient Data(No identification of potential siting hazards in PDF metadata) | QB:Insufficient Data(No consideration of siting and project alternatives in PDF metadata) | QC:Insufficient Data(No implementation of strategies to mitigate site hazards in PDF metadata) | QD:Insufficient Data(No demonstration of lowest exposure to site hazards in PDF metadata) | QE:Insufficient Data(No intentional avoidance of known site hazards in PDF metadata) | QF:Insufficient Data(No removal or modification of structures subject to frequent damage in PDF metad),A + B required for Improved,Identify potential siting hazards; Consider siting and project alternatives,Siting hazard assessment report; Siting and project alternative evaluation,22526,2564,904.21,True,False,True
zero_shot,4,00_sample_project,Climate And Resilience,CR2.2,Assess Climate Change Vulnerability,,Applicable,No Level,0,,QA:Insufficient Data(No determination of climate change threats in PDF metadata) | QB:Insufficient Data(No determination of vulnerability to climate change threats in PDF metadata) | QC:Insufficient Data(No determination of infrastructure system vulnerability to climate change threat) | QD:Insufficient Data(No determination of community vulnerability to climate change threats in PDF met) | QE:Insufficient Data(No sharing of climate threat findings in PDF metadata),A + B required for Improved,Conduct climate change vulnerability assessment; Determine vulnerability to climate change threats,Climate change vulnerability assessment report; Vulnerability determination,22526,2564,904.21,True,False,True
zero_shot,4,00_sample_project,Climate And Resilience,CR2.3,Evaluate Risk and Resilience,,Applicable,No Level,0,,QA:Insufficient Data(No comprehensive risk evaluation in PDF metadata) | QB:Insufficient Data(No identification of critical functions and dependencies in PDF metadata) | QC:Insufficient Data(No identification of threats or hazards in PDF metadata) | QD:Insufficient Data(No evaluation of risks in PDF metadata) | QE:Insufficient Data(No participation of owner and stakeholders in risk evaluation in PDF metadata) | QF:Insufficient Data(No consideration of diverse and integrated team in risk evaluation in PDF metada),A + B + C + D + E required for Conserving,Conduct comprehensive risk evaluation; Identify critical functions and dependencies,Comprehensive risk evaluation report; Critical function and dependency identification,22526,2564,904.21,True,False,True
zero_shot,4,00_sample_project,Climate And Resilience,CR2.4,Establish Resilience Goals and Strategies,,Applicable,No Level,0,,QA:Insufficient Data(No identification of project performance goals in PDF metadata) | QB:Insufficient Data(No development of risk management strategies in PDF metadata) | QC:Insufficient Data(No engagement of key stakeholders in resilience goal development in PDF metadata) | QD:Insufficient Data(No consideration of larger community resilience goals in PDF metadata),A + B required for Enhanced,Identify project performance goals; Develop risk management strategies,Project performance goal identification; Risk management strategy development,22526,2564,904.21,True,False,True
zero_shot,4,00_sample_project,Climate And Resilience,CR2.5,Maximize Resilience,,Applicable,No Level,0,,QA:Insufficient Data(No development of resilience goals and strategies in PDF metadata) | QB:Insufficient Data(No implementation of resilience strategies in PDF metadata) | QC:Insufficient Data(No monitoring of resilience strategy effectiveness in PDF metadata) | QD:Insufficient Data(No incorporation of resilience goals and strategies into operations and maintena) | QE:Insufficient Data(No measurement or quantification of resilience performance targets in PDF metada),A + B + C + D + E required for Conserving,Develop resilience goals and strategies; Implement resilience strategies,Resilience goal and strategy development; Resilience strategy implementation,22526,2564,904.21,True,False,True
zero_shot,4,00_sample_project,Climate And Resilience,CR2.6,Improve Infrastructure Integration,,Applicable,No Level,0,,QA:Insufficient Data(No increase in internal systems integration in PDF metadata) | QB:Insufficient Data(No reduction of risk of systemic or cascading failures in PDF metadata) | QC:Insufficient Data(No increase in external systems integration in PDF metadata) | QD:Insufficient Data(No integration of infrastructure networks in PDF metadata) | QE:Insufficient Data(No integration of data or monitoring systems in PDF metadata),A required for Improved,Increase internal systems integration; Reduce risk of systemic or cascading failures,Internal systems integration plan; Systemic or cascading failure risk reduction plan,22526,2564,904.21,True,False,True
zero_shot,4,00_sample_project,Leadership,LD1.1,Provide Effective Leadership and Commitment,,Applicable,Improved,2,,"QA:Insufficient Data(No written commitments to address social, environmental, and economic aspects fo) | QB:Insufficient Data(No sustainability management policy mentioned in PDF metadata) | QC:Insufficient Data(No information on periodic revisiting of project sustainability commitments foun) | QD:Insufficient Data(No evidence of key team members' organizational commitments to sustainability fo)",A required for Improved,"Develop written commitments to address social, environmental, and economic aspects; Establish a sustainability management policy",Written commitments document; Sustainability management policy document,24260,3426,1277.3,True,False,True
zero_shot,4,00_sample_project,Leadership,LD1.2,Foster Collaboration and Teamwork,,Applicable,Improved,2,,"QA:Insufficient Data(No interdisciplinary collaborative kickoff meeting information found in PDF meta) | QB:Insufficient Data(No evidence of enhanced sustainability performance through collaboration found i) | QC:Insufficient Data(No regular interdisciplinary and collaborative meetings information found in PDF) | QD:Insufficient Data(No inclusion of construction, operations, or maintenance stakeholders mentioned )",A required for Improved,Hold an interdisciplinary collaborative kickoff meeting; Establish regular collaborative meetings,Collaborative meeting minutes; Stakeholder engagement plan,24260,3426,1277.3,True,False,True
zero_shot,4,00_sample_project,Leadership,LD1.3,Provide for Stakeholder Involvement,,Applicable,Improved,3,,QA:Insufficient Data(No stakeholder mapping exercise information found in PDF metadata) | QB:Insufficient Data(No proactive stakeholder engagement process mentioned in PDF metadata) | QC:Insufficient Data(No lead member of the project team involved with stakeholders found in PDF metad) | QD:Insufficient Data(No stakeholder engagement feedback incorporation mentioned in PDF metadata) | QE:Insufficient Data(No stakeholder partnership information found in PDF metadata) | QF:No(No mention of stakeholder partnerships in PDF metadata),"A, B required for Improved",Conduct a stakeholder mapping exercise; Establish a proactive stakeholder engagement process,Stakeholder mapping report; Stakeholder engagement plan,24260,3426,1277.3,True,False,True
zero_shot,4,00_sample_project,Leadership,LD1.4,Pursue Byproduct Synergies,,Applicable,Improved,3,,QA:Insufficient Data(No assessment of excess resources or capacity mentioned in PDF metadata) | QB:Insufficient Data(No identification of byproduct synergy opportunities found in PDF metadata) | QC:Insufficient Data(No pursuit of byproduct synergies mentioned in PDF metadata) | QD:Insufficient Data(No inclusion of byproduct synergy in the project found in PDF metadata) | QE:Insufficient Data(No evidence of a circular economy approach mentioned in PDF metadata),"A, B required for Improved",Assess excess resources and capacity; Identify byproduct synergy opportunities,Byproduct synergy assessment report; Byproduct synergy implementation plan,24260,3426,1277.3,True,False,True
zero_shot,4,00_sample_project,Leadership,LD2.1,Establish a Sustainability Management Plan,,Applicable,Improved,4,,QA:Insufficient Data(No roles and responsibilities for sustainability assigned mentioned in PDF metad) | QB:Insufficient Data(No sustainability management plan developed mentioned in PDF metadata) | QC:Insufficient Data(No sufficient processes and management controls for sustainability mentioned in ) | QD:Insufficient Data(No implementation and periodic revisit of the sustainability management plan men) | QE:Insufficient Data(No adaptability and flexibility of the sustainability management plan mentioned ),"A, B required for Improved",Assign roles and responsibilities for sustainability; Develop a sustainability management plan,Sustainability management plan document; Roles and responsibilities assignment document,24260,3426,1277.3,True,False,True
zero_shot,4,00_sample_project,Leadership,LD2.2,Plan for Sustainable Communities,,Applicable,Improved,4,,QA:Insufficient Data(No consideration of sustainability during project selection/identification menti) | QB:Insufficient Data(No alternative analyses conducted on sustainability performance mentioned in PDF) | QC:Insufficient Data(No assessment of the project's impacts to broader long-term community or regiona) | QD:Insufficient Data(No comprehensive sustainable development plan mentioned in PDF metadata) | QE:Insufficient Data(No address of an inherently unsustainable condition within the community or regi),"A, B required for Improved",Consider sustainability during project selection/identification; Conduct alternative analyses on sustainability performance,Sustainability consideration report; Alternative analysis report,24260,3426,1277.3,True,False,True
zero_shot,4,00_sample_project,Leadership,LD2.3,Plan for Long-Term Monitoring and Maintenance,,Applicable,Improved,2,,QA:Insufficient Data(No consideration of reducing ongoing operational impacts mentioned in PDF metada) | QB:Insufficient Data(No comprehensive plan for long-term monitoring and maintenance mentioned in PDF ) | QC:Insufficient Data(No communication of the monitoring and maintenance plan with operations and main) | QD:Insufficient Data(No allocation of sufficient resources for long-term monitoring and maintenance m) | QE:Insufficient Data(No plan to re-evaluate and modify the maintenance plan based on monitored data m),A required for Improved,Consider reducing ongoing operational impacts; Develop a comprehensive plan for long-term monitoring and maintenance,Monitoring and maintenance plan document; Resource allocation plan,24260,3426,1277.3,True,False,True
zero_shot,4,00_sample_project,Leadership,LD2.4,Plan for End-of-Life,,Applicable,Improved,2,,"QA:Insufficient Data(No development of an end-of-life plan mentioned in PDF metadata) | QB:Insufficient Data(No evaluation of opportunities to extend the project's useful life or beneficial) | QC:Insufficient Data(No assessment of potential social, environmental, and economic end-of-life impac) | QD:Insufficient Data(No evaluation of the costs and salvage value of the project's deconstruction, de) | QE:Insufficient Data(No proactive engagement of stakeholders in end-of-life planning mentioned in PDF)","A, B required for Improved",Develop an end-of-life plan; Evaluate opportunities to extend the project's useful life or beneficially repurpose the project after end-of-life,End-of-life plan document; Opportunity evaluation report,24260,3426,1277.3,True,False,True
zero_shot,4,00_sample_project,Leadership,LD3.1,Stimulate Economic Prosperity and Development,,Applicable,Improved,3,,"QA:Insufficient Data(No creation of a significant number of new jobs during design, construction, and) | QB:Insufficient Data(No provision of new operating capacity for business, industry, or the public men) | QC:Insufficient Data(No increase in access, choices, or quality of infrastructure services for busine) | QD:Insufficient Data(No improvement of community attractiveness for business, industry, or the public) | QE:Insufficient Data(No stimulation of economic prosperity and further economic development mentioned)","A, B required for Improved","Create new jobs during design, construction, and operation; Provide new operating capacity for business, industry, or the public",Job creation plan; Operating capacity provision plan,24260,3426,1277.3,True,False,True
zero_shot,4,00_sample_project,Leadership,LD3.2,Develop Local Skills and Capabilities,,Applicable,Improved,2,,"QA:Insufficient Data(No inclusion of training programs for local skill development mentioned in PDF m) | QB:Insufficient Data(No identification of skill or capability gaps in the local workforce mentioned i) | QC:Insufficient Data(No continuation of training, education, or skill development programs after proj) | QD:Insufficient Data(No targeting of training and skill development programs to economically depresse)",A required for Improved,Include training programs for local skill development; Identify skill or capability gaps in the local workforce,Training program plan; Skill gap analysis report,24260,3426,1277.3,True,False,True
zero_shot,4,00_sample_project,Leadership,LD3.3,Conduct a Life-Cycle Economic Evaluation,,Applicable,Improved,5,,"QA:Insufficient Data(No conduct of a life-cycle cost analysis mentioned in PDF metadata) | QB:Insufficient Data(No use of life-cycle cost analyses to compare alternatives for at least one majo) | QC:Insufficient Data(No mapping of the social, environmental, and financial costs and benefits of the) | QD:Insufficient Data(No conduct of a cost-benefit analysis mentioned in PDF metadata) | QE:Insufficient Data(No use of cost-benefit analyses to compare alternatives for at least one major p)",A required for Improved,Conduct a life-cycle cost analysis; Use life-cycle cost analyses to compare alternatives,Life-cycle cost analysis report; Alternative comparison report,24260,3426,1277.3,True,False,True
zero_shot,4,00_sample_project,Natural World,,,,,,,,,,,,28099,3901,1592.4,False,True,True
zero_shot,4,00_sample_project,Quality Of Life,,,,,,,,,,,,27044,4956,1943.86,False,True,True
zero_shot,4,00_sample_project,Resource Allocation,RA1.1,Support Sustainable Procurement Practices,,Applicable,,,The project includes the use or consumption of physical materials in construction or operation.,QA:Insufficient Data(No sustainable procurement policy or program mentioned in the PDF metadata) | QB:Insufficient Data(No information on the extent of materials meeting sustainable procurement requir),,Develop a sustainable procurement policy or program; Research and identify materials meeting sustainable procurement requirements,Sustainable procurement policy or program document; Material sourcing and procurement records,26530,2663,1050.38,True,False,True
zero_shot,4,00_sample_project,Resource Allocation,RA1.2,Use Recycled Materials,,Applicable,,,The project includes the use or consumption of physical materials in construction or operation.,QA:Insufficient Data(No information on recycled material usage),,Research and identify opportunities for using recycled materials; Develop a plan for incorporating recycled materials into the project,Recycled material usage records; Material sourcing and procurement documents,26530,2663,1050.38,True,False,True
zero_shot,4,00_sample_project,Resource Allocation,RA1.3,Reduce Operational Waste,,Applicable,,,The project produces operational waste.,QA:Insufficient Data(No waste management plan mentioned in the PDF metadata) | QB:Insufficient Data(No information on waste reduction strategies),,Develop a waste management plan; Research and identify opportunities for reducing operational waste,Waste management plan document; Waste reduction strategy records,26530,2663,1050.38,True,False,True
zero_shot,4,00_sample_project,Resource Allocation,RA1.4,Reduce Construction Waste,,Applicable,,,The project produces construction waste.,QA:Insufficient Data(No comprehensive waste management plan mentioned in the PDF metadata) | QB:Insufficient Data(No information on construction waste reduction strategies),,Develop a comprehensive waste management plan; Research and identify opportunities for reducing construction waste,Comprehensive waste management plan document; Construction waste reduction strategy records,26530,2663,1050.38,True,False,True
zero_shot,4,00_sample_project,Resource Allocation,RA1.5,Balance Earthwork On Site,,Applicable,,,The project involves the excavation of qualifying earthwork.,QA:Insufficient Data(No information on earthwork balancing),,Develop an earthwork balancing plan; Research and identify opportunities for reducing earthwork movement,Earthwork balancing plan document; Site excavation and fill records,26530,2663,1050.38,True,False,True
zero_shot,4,00_sample_project,Resource Allocation,RA2.1,Reduce Operational Energy Consumption,,Applicable,,,The project consumes energy during operation.,QA:Insufficient Data(No estimated annual energy consumption mentioned in the PDF metadata) | QB:Insufficient Data(No information on operational energy reduction strategies),,Estimate annual energy consumption; Research and identify opportunities for reducing operational energy consumption,Energy consumption records; Operational energy reduction strategy documents,26530,2663,1050.38,True,False,True
zero_shot,4,00_sample_project,Resource Allocation,RA2.2,Reduce Construction Energy Consumption,,Applicable,,,The project consumes energy during construction.,QA:Insufficient Data(No planning reviews for reducing construction energy consumption mentioned in th) | QB:Insufficient Data(No information on construction energy reduction strategies),,Conduct planning reviews for reducing construction energy consumption; Research and identify opportunities for reducing construction energy consumption,Construction energy consumption records; Construction energy reduction strategy documents,26530,2663,1050.38,True,False,True
zero_shot,4,00_sample_project,Resource Allocation,RA2.3,Use Renewable Energy,,Applicable,,,The project consumes energy during operation.,QA:Insufficient Data(No information on renewable energy usage),,Research and identify opportunities for using renewable energy; Develop a plan for incorporating renewable energy into the project,Renewable energy usage records; Renewable energy system documents,26530,2663,1050.38,True,False,True
zero_shot,4,00_sample_project,Resource Allocation,RA2.4,Commission and Monitor Energy Systems,,Applicable,,,The project consumes energy during operation.,QA:Insufficient Data(No advanced integrated monitoring systems mentioned in the PDF metadata) | QB:Insufficient Data(No information on commissioning and monitoring energy systems) | QC:Insufficient Data(No plan for ongoing commissioning mentioned in the PDF metadata),,Develop a plan for advanced integrated monitoring systems; Research and identify opportunities for commissioning and monitoring energy systems,Energy monitoring system documents; Commissioning and monitoring plans,26530,2663,1050.38,True,False,True
zero_shot,4,00_sample_project,Resource Allocation,RA3.1,Preserve Water Resources,,Applicable,,,The project consumes water or impacts receiving waters.,QA:Insufficient Data(No watershed assessment mentioned in the PDF metadata) | QB:Insufficient Data(No estimated water usage and wastewater generation records) | QC:Insufficient Data(No features to minimize negative impacts on water resources mentioned in the PDF) | QD:Insufficient Data(No net-zero impact on fresh surface water and groundwater supplies mentioned in ) | QE:Insufficient Data(No project inclusion in a watershed-level or regional plan mentioned in the PDF ) | QF:Insufficient Data(No direct net-positive improvement to the watershed mentioned in the PDF metadat),,Conduct a watershed assessment; Estimate water usage and wastewater generation; Research and identify opportunities for preserving water resources,Watershed assessment report; Water usage and wastewater generation records; Water conservation feature documents,26530,2663,1050.38,True,False,True
zero_shot,4,00_sample_project,Resource Allocation,RA3.2,Reduce Operational Water Consumption,,Applicable,,,The project consumes water during operation.,QA:Insufficient Data(No planning and design reviews for reducing operational water consumption mentio) | QB:Insufficient Data(No information on potable water reduction strategies) | QC:Insufficient Data(No information on overall water use reduction strategies) | QD:Insufficient Data(No net-positive impact on water use mentioned in the PDF metadata),,Conduct planning and design reviews for reducing operational water consumption; Research and identify opportunities for reducing potable water use,Water consumption records; Operational water reduction strategy documents,26530,2663,1050.38,True,False,True
zero_shot,4,00_sample_project,Resource Allocation,RA3.3,Reduce Construction Water Consumption,,Applicable,,,The project consumes water during construction.,QA:Insufficient Data(No planning reviews for reducing construction water consumption mentioned in the) | QB:Insufficient Data(No information on potable water conservation strategies during construction),,Conduct planning reviews for reducing construction water consumption; Research and identify opportunities for conserving potable water during construction,Construction water consumption records; Potable water conservation strategy documents,26530,2663,1050.38,True,False,True
zero_shot,4,00_sample_project,Resource Allocation,RA3.4,Monitor Water Systems,,Applicable,,,The project consumes water or includes the conveyance of large quantities of water.,QA:Insufficient Data(No advanced integrated monitoring systems mentioned in the PDF metadata) | QB:Insufficient Data(No real-time water monitoring mentioned in the PDF metadata),,Develop a plan for advanced integrated monitoring systems; Research and identify opportunities for real-time water monitoring,Water monitoring system documents; Real-time water monitoring records,26530,2663,1050.38,True,False,True
zero_shot,5,00_sample_project,Climate And Resilience,CR1.1,Reduce Net Embodied Carbon,,Applicable,No Level,0,,QA:Insufficient Data(No embodied carbon assessment in PDF metadata) | QB:Insufficient Data(No calculation of primary contributors to overall embodied carbon in PDF metadat) | QC:Insufficient Data(No information on reduction of net embodied carbon in PDF metadata),A + B + C required for Improved,Conduct embodied carbon assessment; Calculate primary contributors to overall embodied carbon,Embodied carbon assessment report; Calculation of primary contributors to overall embodied carbon,22526,2626,937.14,True,False,True
zero_shot,5,00_sample_project,Climate And Resilience,CR1.2,Reduce Greenhouse Gas Emissions,,Applicable,No Level,0,,QA:Insufficient Data(No information on reduction of greenhouse gas emissions in PDF metadata) | QB:Insufficient Data(No calculation and reporting of annual greenhouse gas emissions in PDF metadata),A + B required for Improved,Conduct greenhouse gas emissions assessment; Calculate and report annual greenhouse gas emissions,Greenhouse gas emissions assessment report; Calculation and reporting of annual greenhouse gas emissions,22526,2626,937.14,True,False,True
zero_shot,5,00_sample_project,Climate And Resilience,CR1.3,Reduce Air Pollutant Emissions,,Applicable,No Level,0,,QA:Insufficient Data(No information on meeting minimum air quality standards in PDF metadata) | QB:Insufficient Data(No information on reduction of air pollutant emissions in PDF metadata) | QC:Insufficient Data(No information on ongoing monitoring and management of direct air pollutant emis) | QD:Insufficient Data(No assessment of materiality of volatile organic compounds in PDF metadata) | QE:Insufficient Data(No information on removal of existing air pollutant sources in PDF metadata),A + B required for Improved,Conduct air pollutant emissions assessment; Implement strategies to reduce air pollutant emissions,Air pollutant emissions assessment report; Implementation plan for reducing air pollutant emissions,22526,2626,937.14,True,False,True
zero_shot,5,00_sample_project,Climate And Resilience,CR2.1,Avoid Unsuitable Development,,Applicable,No Level,0,,QA:Insufficient Data(No information on identification of potential siting hazards in PDF metadata) | QB:Insufficient Data(No information on consideration of siting and project alternatives in PDF metada) | QC:Insufficient Data(No information on implementation of strategies to mitigate site hazards in PDF m) | QD:Insufficient Data(No information on chosen project and site resulting in lowest exposure to site h) | QE:Insufficient Data(No information on intentional avoidance of known site hazards in PDF metadata) | QF:Insufficient Data(No information on removal or modification of structures subject to frequent dama),A + B required for Improved,Conduct siting hazard assessment; Consider siting and project alternatives,Siting hazard assessment report; Consideration of siting and project alternatives,22526,2626,937.14,True,False,True
zero_shot,5,00_sample_project,Climate And Resilience,CR2.2,Assess Climate Change Vulnerability,,Applicable,No Level,0,,QA:Insufficient Data(No information on determination of climate change threats in PDF metadata) | QB:Insufficient Data(No information on determination of vulnerability to climate change threats in PD) | QC:Insufficient Data(No information on determination of infrastructure system vulnerability to climat) | QD:Insufficient Data(No information on determination of community vulnerability to climate change thr) | QE:Insufficient Data(No information on sharing of climate threat findings in PDF metadata),A + B required for Improved,Conduct climate change vulnerability assessment; Determine vulnerability to climate change threats,Climate change vulnerability assessment report; Vulnerability determination,22526,2626,937.14,True,False,True
zero_shot,5,00_sample_project,Climate And Resilience,CR2.3,Evaluate Risk and Resilience,,Applicable,No Level,0,,QA:Insufficient Data(No information on risk assessment in PDF metadata) | QB:Insufficient Data(No information on identification of critical functions and dependencies in PDF m) | QC:Insufficient Data(No information on identification of threats or hazards in PDF metadata) | QD:Insufficient Data(No information on identification of vulnerabilities in PDF metadata) | QE:Insufficient Data(No information on evaluation of risks in PDF metadata) | QF:Insufficient Data(No information on participation of owner and stakeholders in risk evaluation in ),A + B + C + D + E required for Conserving,Conduct risk assessment; Identify critical functions and dependencies,Risk assessment report; Identification of critical functions and dependencies,22526,2626,937.14,True,False,True
zero_shot,5,00_sample_project,Climate And Resilience,CR2.4,Establish Resilience Goals and Strategies,,Applicable,No Level,0,,QA:Insufficient Data(No information on identification of project performance goals in PDF metadata) | QB:Insufficient Data(No information on development of risk management strategies in PDF metadata) | QC:Insufficient Data(No information on engagement of key stakeholders in PDF metadata) | QD:Insufficient Data(No information on support for larger community resilience or climate change adap),A + B required for Enhanced,Identify project performance goals; Develop risk management strategies,Project performance goals report; Risk management strategies,22526,2626,937.14,True,False,True
zero_shot,5,00_sample_project,Climate And Resilience,CR2.5,Maximize Resilience,,Applicable,No Level,0,,QA:Insufficient Data(No information on development of resilience goals and strategies in PDF metadata) | QB:Insufficient Data(No information on implementation of resilience strategies in PDF metadata) | QC:Insufficient Data(No information on monitoring and review of resilience strategies in PDF metadata) | QD:Insufficient Data(No information on incorporation of resilience goals and strategies into operatio) | QE:Insufficient Data(No information on measurement or quantification of resilience performance target),A + B + C + D + E required for Conserving,Develop resilience goals and strategies; Implement resilience strategies,Resilience goals and strategies report; Implementation plan for resilience strategies,22526,2626,937.14,True,False,True
zero_shot,5,00_sample_project,Climate And Resilience,CR2.6,Improve Infrastructure Integration,,Applicable,No Level,0,,QA:Insufficient Data(No information on increase of internal systems integration in PDF metadata) | QB:Insufficient Data(No information on reduction of risk of systemic or cascading failures in PDF met) | QC:Insufficient Data(No information on increase of external systems integration in PDF metadata) | QD:Insufficient Data(No information on integration of infrastructure networks in PDF metadata) | QE:Insufficient Data(No information on integration of data or monitoring systems in PDF metadata),A required for Improved,Increase internal systems integration; Reduce risk of systemic or cascading failures,Internal systems integration report; Risk reduction plan,22526,2626,937.14,True,False,True
zero_shot,5,00_sample_project,Leadership,LD1.1,Provide Effective Leadership and Commitment,,Applicable,Improved,2,,QA:Insufficient Data(No written commitments found in the PDF metadata) | QB:Insufficient Data(No sustainability management policy mentioned in the PDF metadata) | QC:Insufficient Data(No information on periodic revisiting of project sustainability commitments foun) | QD:Insufficient Data(No organizational commitments to sustainability mentioned in the PDF metadata),A required for Improved,"Develop written commitments to address social, environmental, and economic aspects; Establish a sustainability management policy",Written commitments document; Sustainability management policy document,24260,3614,1361.59,True,False,True
zero_shot,5,00_sample_project,Leadership,LD1.2,Foster Collaboration and Teamwork,,Applicable,Improved,2,,"QA:Insufficient Data(No interdisciplinary collaborative kickoff meeting mentioned in the PDF metadata) | QB:Insufficient Data(No information on enhancement of project sustainability performance through coll) | QC:Insufficient Data(No regular interdisciplinary and collaborative meetings mentioned in the PDF met) | QD:Insufficient Data(No inclusion of construction, operations, or maintenance stakeholders mentioned )",A required for Improved,Hold an interdisciplinary collaborative kickoff meeting; Establish regular collaborative meetings,Collaborative meeting minutes; Stakeholder engagement plan,24260,3614,1361.59,True,False,True
zero_shot,5,00_sample_project,Leadership,LD1.3,Provide for Stakeholder Involvement,,Applicable,Improved,3,,QA:Insufficient Data(No stakeholder mapping exercise mentioned in the PDF metadata) | QB:Insufficient Data(No proactive stakeholder engagement process mentioned in the PDF metadata) | QC:Insufficient Data(No lead member of the project team involved with stakeholder groups mentioned in) | QD:Insufficient Data(No incorporation of stakeholder engagement feedback into project plans mentioned) | QE:Insufficient Data(No seeking of feedback from stakeholders on their satisfaction with the engageme) | QF:No(No mention of stakeholder partnership in the PDF metadata),"A, B required for Improved",Conduct a stakeholder mapping exercise; Establish a proactive stakeholder engagement process,Stakeholder mapping report; Stakeholder engagement plan,24260,3614,1361.59,True,False,True
zero_shot,5,00_sample_project,Leadership,LD1.4,Pursue Byproduct Synergies,,Applicable,Improved,3,,QA:Insufficient Data(No assessment of availability of excess resources or capacity mentioned in the P) | QB:Insufficient Data(No identification of opportunities for byproduct synergies mentioned in the PDF ) | QC:Insufficient Data(No active pursuit of a byproduct synergy mentioned in the PDF metadata) | QD:Insufficient Data(No inclusion of a byproduct synergy in the project mentioned in the PDF metadata) | QE:Insufficient Data(No information on being part of a circular economy mentioned in the PDF metadata),"A, B required for Improved",Assess availability of excess resources or capacity; Identify opportunities for byproduct synergies,Byproduct synergy assessment report; Byproduct synergy implementation plan,24260,3614,1361.59,True,False,True
zero_shot,5,00_sample_project,Leadership,LD2.1,Establish a Sustainability Management Plan,,Applicable,Improved,4,,"QA:Insufficient Data(No roles and responsibilities for addressing sustainability assigned mentioned i) | QB:Insufficient Data(No sustainability management plan developed mentioned in the PDF metadata) | QC:Insufficient Data(No sufficient processes and management controls to address sustainability goals ) | QD:Insufficient Data(No implementation and periodic revisiting of the sustainability management plan ) | QE:Insufficient Data(No adaptability, flexibility, and resilience of the sustainability management pl)","A, B required for Improved",Assign roles and responsibilities for addressing sustainability; Develop a sustainability management plan,Sustainability management plan document; Roles and responsibilities assignment document,24260,3614,1361.59,True,False,True
zero_shot,5,00_sample_project,Leadership,LD2.2,Plan for Sustainable Communities,,Applicable,Improved,4,,QA:Insufficient Data(No consideration of sustainability during project selection/identification menti) | QB:Insufficient Data(No alternative analyses conducted on sustainability performance mentioned in the) | QC:Insufficient Data(No assessment of project impacts to broader long-term community or regional sust) | QD:Insufficient Data(No comprehensive sustainable development plan mentioned in the PDF metadata) | QE:Insufficient Data(No addressing of an inherently unsustainable condition within the community or r),"A, B required for Improved",Consider sustainability during project selection/identification; Conduct alternative analyses on sustainability performance,Sustainability consideration report; Alternative analysis report,24260,3614,1361.59,True,False,True
zero_shot,5,00_sample_project,Leadership,LD2.3,Plan for Long-Term Monitoring and Maintenance,,Applicable,Improved,2,,QA:Insufficient Data(No consideration of reducing ongoing operational impacts mentioned in the PDF me) | QB:Insufficient Data(No clear and comprehensive plan for long-term monitoring and maintenance mention) | QC:Insufficient Data(No communication of the monitoring and maintenance plan with operations and main) | QD:Insufficient Data(No sufficient resources allocated for long-term monitoring and maintenance menti) | QE:Insufficient Data(No plan to re-evaluate and modify the maintenance plan based on monitored data m),A required for Improved,Consider reducing ongoing operational impacts; Develop a comprehensive plan for long-term monitoring and maintenance,Monitoring and maintenance plan document; Resource allocation plan,24260,3614,1361.59,True,False,True
zero_shot,5,00_sample_project,Leadership,LD2.4,Plan for End-of-Life,,Applicable,Improved,2,,"QA:Insufficient Data(No end-of-life plan developed mentioned in the PDF metadata) | QB:Insufficient Data(No evaluation of opportunities to extend the project's useful life or beneficial) | QC:Insufficient Data(No assessment of potential social, environmental, and economic end-of-life impac) | QD:Insufficient Data(No evaluation of the costs and salvage value of the project's deconstruction, de) | QE:Insufficient Data(No proactive engagement of stakeholders in end-of-life planning mentioned in the)","A, B required for Improved",Develop an end-of-life plan; Evaluate opportunities to extend the project's useful life or beneficially repurpose the project after end-of-life,End-of-life plan document; Opportunity evaluation report,24260,3614,1361.59,True,False,True
zero_shot,5,00_sample_project,Leadership,LD3.1,Stimulate Economic Prosperity and Development,,Applicable,Improved,3,,"QA:Insufficient Data(No creation of a significant number of new jobs during design, construction, and) | QB:Insufficient Data(No provision of new operating capacity for business, industry, or the public men) | QC:Insufficient Data(No additional access, increase in the number of choices, and/or increase in the ) | QD:Insufficient Data(No improvement of community attractiveness for business, industry, or the public) | QE:Insufficient Data(No stimulation of economic prosperity and further economic development mentioned)","A, B required for Improved","Create new jobs during design, construction, and operation; Provide new operating capacity for business, industry, or the public",Job creation plan; Operating capacity provision plan,24260,3614,1361.59,True,False,True
zero_shot,5,00_sample_project,Leadership,LD3.2,Develop Local Skills and Capabilities,,Applicable,Improved,2,,"QA:Insufficient Data(No inclusion of training programs for local skill development mentioned in the P) | QB:Insufficient Data(No identification of skill or capability gaps in the local workforce mentioned i) | QC:Insufficient Data(No continuation of training, education, or skill development programs after proj) | QD:Insufficient Data(No targeting of training and skill development programs to economically depresse)",A required for Improved,Include training programs for local skill development; Identify skill or capability gaps in the local workforce,Training program plan; Skill gap assessment report,24260,3614,1361.59,True,False,True
zero_shot,5,00_sample_project,Leadership,LD3.3,Conduct a Life-Cycle Economic Evaluation,,Applicable,Improved,5,,"QA:Insufficient Data(No life-cycle cost analysis conducted mentioned in the PDF metadata) | QB:Insufficient Data(No use of life-cycle cost analyses to compare alternatives for at least one majo) | QC:Insufficient Data(No mapping of social, environmental, and financial costs and benefits of the pro) | QD:Insufficient Data(No cost-benefit analysis conducted to identify the financial, social, and enviro) | QE:Insufficient Data(No use of cost-benefit analyses to compare alternatives for at least one major p)",A required for Improved,Conduct a life-cycle cost analysis; Use life-cycle cost analyses to compare alternatives,Life-cycle cost analysis report; Alternative comparison report,24260,3614,1361.59,True,False,True
zero_shot,5,00_sample_project,Natural World,,,,,,,,,,,,28099,3901,1562.31,False,True,True
zero_shot,5,00_sample_project,Quality Of Life,,,,,,,,,,,,27044,4956,1986.74,False,True,True
zero_shot,5,00_sample_project,Resource Allocation,RA1.1,Support Sustainable Procurement Practices,,Applicable,,,The project includes the use or consumption of physical materials in construction or operation.,QA:Insufficient Data(No sustainable procurement policy or program mentioned in the PDF metadata) | QB:Insufficient Data(No information on the extent of sustainable procurement practices implemented),,Develop a sustainable procurement policy or program; Implement sustainable procurement practices,Sustainable procurement policy or program document; Evidence of implementation of sustainable procurement practices,26530,2672,989.57,True,False,True
zero_shot,5,00_sample_project,Resource Allocation,RA1.2,Use Recycled Materials,,Applicable,,,The project includes the use or consumption of physical materials in construction or operation.,QA:Insufficient Data(No information on the use of recycled materials),,Specify recycled materials in the project design,Documentation of recycled material usage,26530,2672,989.57,True,False,True
zero_shot,5,00_sample_project,Resource Allocation,RA1.3,Reduce Operational Waste,,Applicable,,,The project produces operational waste.,QA:Insufficient Data(No waste management plan mentioned in the PDF metadata) | QB:Insufficient Data(No information on the extent of operational waste reduction),,Develop a waste management plan; Implement operational waste reduction strategies,Waste management plan document; Evidence of operational waste reduction,26530,2672,989.57,True,False,True
zero_shot,5,00_sample_project,Resource Allocation,RA1.4,Reduce Construction Waste,,Applicable,,,The project produces construction waste.,QA:Insufficient Data(No comprehensive waste management plan mentioned in the PDF metadata) | QB:Insufficient Data(No information on the extent of construction waste reduction),,Develop a comprehensive waste management plan; Implement construction waste reduction strategies,Comprehensive waste management plan document; Evidence of construction waste reduction,26530,2672,989.57,True,False,True
zero_shot,5,00_sample_project,Resource Allocation,RA1.5,Balance Earthwork On Site,,Applicable,,,The project involves the excavation of qualifying earthwork.,QA:Insufficient Data(No information on earthwork balancing),,Develop an earthwork balancing plan,Earthwork balancing plan document,26530,2672,989.57,True,False,True
zero_shot,5,00_sample_project,Resource Allocation,RA2.1,Reduce Operational Energy Consumption,,Applicable,,,The project consumes energy during operation.,QA:Insufficient Data(No estimated annual energy consumption mentioned in the PDF metadata) | QB:Insufficient Data(No information on the extent of operational energy reduction),,Estimate annual energy consumption; Implement operational energy reduction strategies,Estimated annual energy consumption document; Evidence of operational energy reduction,26530,2672,989.57,True,False,True
zero_shot,5,00_sample_project,Resource Allocation,RA2.2,Reduce Construction Energy Consumption,,Applicable,,,The project consumes energy during construction.,QA:Insufficient Data(No planning reviews mentioned in the PDF metadata) | QB:Insufficient Data(No information on the extent of construction energy reduction),,Conduct planning reviews; Implement construction energy reduction strategies,Planning review document; Evidence of construction energy reduction,26530,2672,989.57,True,False,True
zero_shot,5,00_sample_project,Resource Allocation,RA2.3,Use Renewable Energy,,Applicable,,,The project consumes energy during operation.,QA:Insufficient Data(No information on the use of renewable energy sources),,Specify renewable energy sources in the project design,Renewable energy source documentation,26530,2672,989.57,True,False,True
zero_shot,5,00_sample_project,Resource Allocation,RA2.4,Commission and Monitor Energy Systems,,Applicable,,,The project consumes energy during operation.,QA:Insufficient Data(No advanced integrated monitoring systems mentioned in the PDF metadata) | QB:Insufficient Data(No information on commissioning) | QC:Insufficient Data(No plan for ongoing commissioning mentioned in the PDF metadata),,Specify advanced integrated monitoring systems; Develop a commissioning plan; Develop an ongoing commissioning plan,Advanced integrated monitoring systems documentation; Commissioning plan document; Ongoing commissioning plan document,26530,2672,989.57,True,False,True
zero_shot,5,00_sample_project,Resource Allocation,RA3.1,Preserve Water Resources,,Applicable,,,The project consumes water or impacts receiving waters.,QA:Insufficient Data(No watershed assessment mentioned in the PDF metadata) | QB:Insufficient Data(No estimated water usage and wastewater generation mentioned in the PDF metadata) | QC:Insufficient Data(No features to minimize negative impacts on water resources mentioned in the PDF) | QD:Insufficient Data(No net-zero impact on water quantity and availability mentioned in the PDF metad) | QE:Insufficient Data(No project inclusion in a watershed-level or regional plan mentioned in the PDF ) | QF:Insufficient Data(No direct net-positive improvement to the watershed mentioned in the PDF metadat),,Conduct a watershed assessment; Estimate water usage and wastewater generation; Implement features to minimize negative impacts on water resources; Achieve a net-zero impact on water quantity and availability; Include the project in a watershed-level or regional plan; Make a direct net-positive improvement to the watershed,Watershed assessment document; Estimated water usage and wastewater generation document; Features to minimize negative impacts on water resources documentation; Net-zero impact on water quantity and availability documentation; Project inclusion in a watershed-level or regional plan document; Direct net-positive improvement to the watershed documentation,26530,2672,989.57,True,False,True
zero_shot,5,00_sample_project,Resource Allocation,RA3.2,Reduce Operational Water Consumption,,Applicable,,,The project consumes water during operation.,QA:Insufficient Data(No planning and design reviews mentioned in the PDF metadata) | QB:Insufficient Data(No information on the extent of potable water reduction) | QC:Insufficient Data(No information on the extent of overall water reduction) | QD:Insufficient Data(No net-positive impact on water use mentioned in the PDF metadata),,Conduct planning and design reviews; Reduce potable water consumption; Reduce overall water consumption; Achieve a net-positive impact on water use,Planning and design reviews document; Potable water reduction documentation; Overall water reduction documentation; Net-positive impact on water use documentation,26530,2672,989.57,True,False,True
zero_shot,5,00_sample_project,Resource Allocation,RA3.3,Reduce Construction Water Consumption,,Applicable,,,The project consumes water during construction.,QA:Insufficient Data(No planning reviews mentioned in the PDF metadata) | QB:Insufficient Data(No information on the extent of potable water conservation),,Conduct planning reviews; Implement potable water conservation strategies,Planning reviews document; Potable water conservation documentation,26530,2672,989.57,True,False,True
zero_shot,5,00_sample_project,Resource Allocation,RA3.4,Monitor Water Systems,,Applicable,,,The project consumes water during operation or includes the conveyance of large quantities of water.,QA:Insufficient Data(No advanced integrated monitoring systems mentioned in the PDF metadata) | QB:Insufficient Data(No real-time water monitoring mentioned in the PDF metadata),,Specify advanced integrated monitoring systems; Implement real-time water monitoring,Advanced integrated monitoring systems documentation; Real-time water monitoring documentation,26530,2672,989.57,True,False,True
